dimension,n_peers,pier_score,is_redundant,ratio_N_d
10,2,1.3483625843643967,0,0.2
10,2,1.0992068663553785,0,0.2
10,2,0.9654695178663781,0,0.2
10,2,1.0605153350919552,0,0.2
10,2,1.2251215648036633,0,0.2
10,2,1.1646415629212983,0,0.2
10,2,0.904234297473714,0,0.2
10,2,0.7388333037917629,0,0.2
10,2,1.2062825065645366,0,0.2
10,2,1.2847701601519688,0,0.2
10,2,0.9771196310720638,0,0.2
10,2,0.9877331995342361,0,0.2
10,2,1.3657758733536907,0,0.2
10,2,1.2390692871441114,0,0.2
10,2,1.3838013722123048,0,0.2
10,2,0.9647432531527624,0,0.2
10,2,1.3906008696803192,0,0.2
10,2,1.1745452821582398,0,0.2
10,2,1.0627493049293966,0,0.2
10,2,0.44462192939571243,0,0.2
10,2,1.1872258730571565,0,0.2
10,2,1.3486815786022615,0,0.2
10,2,1.1647081911214878,0,0.2
10,2,1.3220447933193498,0,0.2
10,2,1.4401166785353152,0,0.2
10,2,1.0929243922938607,0,0.2
10,2,0.8824320497256986,0,0.2
10,2,1.0675462197389964,0,0.2
10,2,1.3539641021076918,0,0.2
10,2,1.2363932453386361,0,0.2
10,2,1.394374254727335,0,0.2
10,2,1.4724946795303653,0,0.2
10,2,0.8696146272692611,0,0.2
10,2,1.3294352253353607,0,0.2
10,2,0.9861335743366315,0,0.2
10,2,1.563444695428884,0,0.2
10,2,1.0664659164113754,0,0.2
10,2,1.156575612368864,0,0.2
10,2,0.7809328738908843,0,0.2
10,2,1.0746265998535367,0,0.2
10,2,1.1920823035428079,0,0.2
10,2,0.6706341381783263,0,0.2
10,2,1.2398101536407558,0,0.2
10,2,0.9747607063008533,0,0.2
10,2,1.1874558668403252,0,0.2
10,2,1.3178474594357452,0,0.2
10,2,1.2766482049729306,0,0.2
10,2,1.2046509806647643,0,0.2
10,2,0.923119071201605,0,0.2
10,2,1.1874829976034527,0,0.2
10,2,1.1438276274076904,0,0.2
10,2,1.3771268258351588,0,0.2
10,2,1.4187706509765725,0,0.2
10,2,1.1577267450088111,0,0.2
10,2,1.4146653274351455,0,0.2
10,2,0.8157569205315695,0,0.2
10,2,1.4325905687107088,0,0.2
10,2,1.205306698997104,0,0.2
10,2,1.3142870923710077,0,0.2
10,2,1.25857774828415,0,0.2
10,2,1.2106064951474367,0,0.2
10,2,0.8811163073706546,0,0.2
10,2,1.3548166335533154,0,0.2
10,2,1.2460031948923251,0,0.2
10,2,0.984325272560061,0,0.2
10,2,0.7154025826674967,0,0.2
10,2,0.8946297352587739,0,0.2
10,2,0.9946799282827651,0,0.2
10,2,1.0293172329185574,0,0.2
10,2,0.981151358124153,0,0.2
10,2,1.0431807297638809,0,0.2
10,2,1.3196489170116084,0,0.2
10,2,1.3491243103436819,0,0.2
10,2,1.3161618476712704,0,0.2
10,2,1.0033182006196453,0,0.2
10,2,1.1156622365549216,0,0.2
10,2,0.9841775696775381,0,0.2
10,2,1.3471596704747633,0,0.2
10,2,1.2410420762872387,0,0.2
10,2,1.2498449152779867,0,0.2
10,2,1.1711706608423096,0,0.2
10,2,1.4352687572659644,0,0.2
10,2,0.6118096228336457,0,0.2
10,2,1.3489813720664854,0,0.2
10,2,1.3400575707281015,0,0.2
10,2,1.0061862194978517,0,0.2
10,2,1.2825761781439355,0,0.2
10,2,1.114817323447567,0,0.2
10,2,1.0870325887051175,0,0.2
10,2,1.1035809366411917,0,0.2
10,2,1.3497765112749438,0,0.2
10,2,1.3144876075130236,0,0.2
10,2,0.9458787131205487,0,0.2
10,2,0.8029090737910906,0,0.2
10,2,1.050873150667038,0,0.2
10,2,1.0264019922169068,0,0.2
10,2,1.2550452493827564,0,0.2
10,2,1.1156149002511313,0,0.2
10,2,0.8346410782551641,0,0.2
10,2,1.0711647481283837,0,0.2
10,3,0.6244625586710136,0,0.3
10,3,0.7825218218612491,0,0.3
10,3,1.1780539246939246,0,0.3
10,3,1.2347754084138562,0,0.3
10,3,1.2604474401584358,0,0.3
10,3,1.0058077124894378,0,0.3
10,3,1.0147867375692712,0,0.3
10,3,0.9841458970064794,0,0.3
10,3,1.46822231142199,0,0.3
10,3,1.1496169726260066,0,0.3
10,3,0.7387240824912359,0,0.3
10,3,1.09425579904009,0,0.3
10,3,1.1482515722208553,0,0.3
10,3,1.0095136931958486,0,0.3
10,3,1.2499072903991137,0,0.3
10,3,1.2461186693073303,0,0.3
10,3,1.2606654342888486,0,0.3
10,3,1.1693880361309068,0,0.3
10,3,1.1821475431365656,0,0.3
10,3,1.1511733459711762,0,0.3
10,3,1.2320973154508217,0,0.3
10,3,1.13149592341856,0,0.3
10,3,1.1077546097349404,0,0.3
10,3,1.2602345216930506,0,0.3
10,3,1.1151660834886528,0,0.3
10,3,0.9275791925868235,0,0.3
10,3,0.973132072344794,0,0.3
10,3,0.7824339249411245,0,0.3
10,3,1.2638232130657638,0,0.3
10,3,1.4313935017114219,0,0.3
10,3,1.0313933328210994,0,0.3
10,3,0.8317703601622775,0,0.3
10,3,0.9391828443583505,0,0.3
10,3,0.9963752134119352,0,0.3
10,3,0.7674880175167449,0,0.3
10,3,1.213875223981546,0,0.3
10,3,0.7129713244522412,0,0.3
10,3,1.2003268265918827,0,0.3
10,3,1.2171266338107523,0,0.3
10,3,0.9262409280059162,0,0.3
10,3,1.2595045709125994,0,0.3
10,3,0.621381242066404,0,0.3
10,3,1.102023453485063,0,0.3
10,3,0.8966452111468822,0,0.3
10,3,1.1231438376068987,0,0.3
10,3,1.0086732592156917,0,0.3
10,3,0.986854341148137,0,0.3
10,3,1.0235694833735007,0,0.3
10,3,0.9024120856156647,0,0.3
10,3,0.9148800996616986,0,0.3
10,3,0.7717554755581579,0,0.3
10,3,0.9022543193637687,0,0.3
10,3,1.1628778577299659,0,0.3
10,3,0.8783231928535464,0,0.3
10,3,1.0867043925485347,0,0.3
10,3,0.9498680145093067,0,0.3
10,3,1.365321938351747,0,0.3
10,3,1.0768248303783488,0,0.3
10,3,0.9039290475415328,0,0.3
10,3,1.396065259981599,0,0.3
10,3,1.3851565609680108,0,0.3
10,3,1.2431033924043968,0,0.3
10,3,0.7650840000627662,0,0.3
10,3,1.0399797224245924,0,0.3
10,3,0.6172021694646252,0,0.3
10,3,0.7795526468788939,0,0.3
10,3,0.6991390647215813,0,0.3
10,3,1.2019646022174122,0,0.3
10,3,1.234089964960521,0,0.3
10,3,1.0261292537015136,0,0.3
10,3,0.9205046492597585,0,0.3
10,3,0.9377173493220156,0,0.3
10,3,1.3393460610757342,0,0.3
10,3,0.9441650434281,0,0.3
10,3,1.0832426702782492,0,0.3
10,3,1.447662980188873,0,0.3
10,3,0.9622077709901994,0,0.3
10,3,0.5538715436986555,0,0.3
10,3,1.008217428788585,0,0.3
10,3,1.220151216779116,0,0.3
10,3,1.0540107484237176,0,0.3
10,3,0.8034057624147708,0,0.3
10,3,1.1253853529093367,0,0.3
10,3,0.8362214469889496,0,0.3
10,3,1.4039020142246188,0,0.3
10,3,1.1744155250847281,0,0.3
10,3,0.9301178166246784,0,0.3
10,3,1.1989486383010979,0,0.3
10,3,0.8898437945511991,0,0.3
10,3,1.2420852084156744,0,0.3
10,3,1.308021922041197,0,0.3
10,3,1.1780583346492073,0,0.3
10,3,1.1107505651952454,0,0.3
10,3,0.7802810587314456,0,0.3
10,3,1.1557476435904188,0,0.3
10,3,0.960134522991122,0,0.3
10,3,1.4115370181016904,0,0.3
10,3,1.0976610881310742,0,0.3
10,3,0.7407534206615971,0,0.3
10,3,0.9558747603599033,0,0.3
10,4,0.9750255171643873,0,0.4
10,4,0.8242530422889294,0,0.4
10,4,0.9221754269935952,0,0.4
10,4,0.7270735704567195,0,0.4
10,4,0.9733585218631406,0,0.4
10,4,0.7930984057865111,0,0.4
10,4,1.18739520887678,0,0.4
10,4,0.8183877543942172,0,0.4
10,4,1.052893996335524,0,0.4
10,4,0.9308076211374727,0,0.4
10,4,1.156463155975435,0,0.4
10,4,0.9965700284873654,0,0.4
10,4,0.9440284157001158,0,0.4
10,4,1.1253996090276543,0,0.4
10,4,0.8779705458221102,0,0.4
10,4,0.9315639097733242,0,0.4
10,4,0.9417354579890256,0,0.4
10,4,1.200039849624778,0,0.4
10,4,1.37564494175134,0,0.4
10,4,0.9451536417920791,0,0.4
10,4,0.6893852519029517,0,0.4
10,4,1.3302278182146352,0,0.4
10,4,0.9055868583623581,0,0.4
10,4,0.8341215974158047,0,0.4
10,4,0.9764671282766172,0,0.4
10,4,0.8225239932243252,0,0.4
10,4,0.9373374637455373,0,0.4
10,4,0.762498806299137,0,0.4
10,4,0.6284347899544858,0,0.4
10,4,0.9548521673355158,0,0.4
10,4,0.8328794032312621,0,0.4
10,4,0.6745800725266918,0,0.4
10,4,0.9575400248647751,0,0.4
10,4,0.8435023320697936,0,0.4
10,4,0.9025081493490653,0,0.4
10,4,1.11902578834044,0,0.4
10,4,0.9394882651703432,0,0.4
10,4,1.1017999176305386,0,0.4
10,4,1.2457859095417845,0,0.4
10,4,1.1118571998775955,0,0.4
10,4,1.0805095653126588,0,0.4
10,4,1.1281161660444174,0,0.4
10,4,1.032976699926061,0,0.4
10,4,0.9820681905824559,0,0.4
10,4,1.0515977472415874,0,0.4
10,4,0.9260372627101706,0,0.4
10,4,0.834110649998931,0,0.4
10,4,0.9482778661605418,0,0.4
10,4,1.029436383302898,0,0.4
10,4,1.1090038170543526,0,0.4
10,4,0.954429201071554,0,0.4
10,4,1.0848981171824514,0,0.4
10,4,0.9850176416118342,0,0.4
10,4,0.7254246486097327,0,0.4
10,4,1.0545452856095927,0,0.4
10,4,1.106905941582092,0,0.4
10,4,1.1390827127192644,0,0.4
10,4,1.1562706182648073,0,0.4
10,4,1.1437582826839259,0,0.4
10,4,1.2614571344169874,0,0.4
10,4,1.036347932117721,0,0.4
10,4,0.6663485979319869,0,0.4
10,4,0.9796313553689827,0,0.4
10,4,0.7540153281328086,0,0.4
10,4,1.2483033196826683,0,0.4
10,4,1.1370490706161835,0,0.4
10,4,0.9186788694867785,0,0.4
10,4,1.0440060941669833,0,0.4
10,4,1.0722249266915977,0,0.4
10,4,0.8275268530788128,0,0.4
10,4,1.1960866240671775,0,0.4
10,4,0.8891672000670658,0,0.4
10,4,0.959613050282842,0,0.4
10,4,0.7590430598705018,0,0.4
10,4,0.7955275583741591,0,0.4
10,4,1.1218076943275843,0,0.4
10,4,0.6991263358694921,0,0.4
10,4,1.13890420254142,0,0.4
10,4,1.3852331148125052,0,0.4
10,4,1.23017102321947,0,0.4
10,4,1.043957473742086,0,0.4
10,4,1.289144001611485,0,0.4
10,4,0.8575701222291358,0,0.4
10,4,1.0711061501095727,0,0.4
10,4,0.87919723373074,0,0.4
10,4,0.8549004777028067,0,0.4
10,4,0.7674200687680292,0,0.4
10,4,1.1147010968033102,0,0.4
10,4,1.145306466503271,0,0.4
10,4,1.00839267200005,0,0.4
10,4,0.9771573454894963,0,0.4
10,4,1.129987370641379,0,0.4
10,4,0.799830543844768,0,0.4
10,4,1.1316452188938926,0,0.4
10,4,0.6841266589527958,0,0.4
10,4,0.90543280152598,0,0.4
10,4,0.7898968438565219,0,0.4
10,4,1.0719231356069119,0,0.4
10,4,0.8562639997970147,0,0.4
10,4,0.6549662680254094,0,0.4
10,5,0.9069598374394285,0,0.5
10,5,0.6556577890408539,0,0.5
10,5,1.0761453700952732,0,0.5
10,5,0.8395387436469091,0,0.5
10,5,0.9067076059112649,0,0.5
10,5,0.6055491883411153,0,0.5
10,5,1.029401698973308,0,0.5
10,5,0.7760814572648439,0,0.5
10,5,0.918321366740941,0,0.5
10,5,1.0613470370587408,0,0.5
10,5,1.1781464349875412,0,0.5
10,5,0.9018884305766482,0,0.5
10,5,0.9655795673893502,0,0.5
10,5,0.9860209248750639,0,0.5
10,5,1.1334688949093583,0,0.5
10,5,0.7161627910205857,0,0.5
10,5,0.9432908977312338,0,0.5
10,5,1.139881304830497,0,0.5
10,5,1.0331060963699308,0,0.5
10,5,0.7887855684925279,0,0.5
10,5,0.9054817895306888,0,0.5
10,5,1.2142940114396936,0,0.5
10,5,1.2641947058395249,0,0.5
10,5,0.9766783401429171,0,0.5
10,5,1.014618215231079,0,0.5
10,5,0.8606727895294909,0,0.5
10,5,0.9290381415490035,0,0.5
10,5,0.8832239961691617,0,0.5
10,5,0.9637036958276556,0,0.5
10,5,0.745099466788957,0,0.5
10,5,0.9873154326420466,0,0.5
10,5,0.7429379560960051,0,0.5
10,5,0.9096768327039179,0,0.5
10,5,0.890947543286842,0,0.5
10,5,0.7524568713831795,0,0.5
10,5,0.8101830008642379,0,0.5
10,5,1.0282112487199038,0,0.5
10,5,0.7949819258264117,0,0.5
10,5,0.9471309395472528,0,0.5
10,5,0.8327133177791657,0,0.5
10,5,0.8598210522062634,0,0.5
10,5,0.8976290633556504,0,0.5
10,5,0.6930133710439629,0,0.5
10,5,0.8480022948527185,0,0.5
10,5,0.5637137125124179,0,0.5
10,5,0.7540743850574765,0,0.5
10,5,1.0460238913260715,0,0.5
10,5,0.8827130016603936,0,0.5
10,5,1.1945448554666662,0,0.5
10,5,1.0430472363395598,0,0.5
10,5,1.043009982807386,0,0.5
10,5,1.053541509819872,0,0.5
10,5,1.240255381570425,0,0.5
10,5,1.0819756950863675,0,0.5
10,5,0.9176772141664329,0,0.5
10,5,0.7776774202427523,0,0.5
10,5,1.1239124734336303,0,0.5
10,5,1.0665494414560752,0,0.5
10,5,0.914147370542273,0,0.5
10,5,0.9945378112873204,0,0.5
10,5,0.8938608687266358,0,0.5
10,5,1.0529300054041097,0,0.5
10,5,0.9674861492842936,0,0.5
10,5,0.8625201282642411,0,0.5
10,5,0.9817712493483145,0,0.5
10,5,0.9632851401940944,0,0.5
10,5,0.7252961051540557,0,0.5
10,5,1.0171301441705405,0,0.5
10,5,0.8235043126975898,0,0.5
10,5,1.018141009861817,0,0.5
10,5,0.8584875857087872,0,0.5
10,5,0.8334027878666147,0,0.5
10,5,1.3594115259668733,0,0.5
10,5,1.0022857312415165,0,0.5
10,5,0.9463181468590265,0,0.5
10,5,0.947955651733818,0,0.5
10,5,1.1182906357310918,0,0.5
10,5,0.8865804697823844,0,0.5
10,5,1.1088830015850384,0,0.5
10,5,0.7544591778612478,0,0.5
10,5,1.1075839967260437,0,0.5
10,5,0.8092080331395964,0,0.5
10,5,0.8806796699664916,0,0.5
10,5,1.0122487585547622,0,0.5
10,5,0.8780916397733938,0,0.5
10,5,0.7802769331547713,0,0.5
10,5,0.9743680272252596,0,0.5
10,5,1.0029504313041895,0,0.5
10,5,0.9757690818060617,0,0.5
10,5,0.8661529399111642,0,0.5
10,5,0.5987573553223835,0,0.5
10,5,0.9245264378439152,0,0.5
10,5,0.8240280828675848,0,0.5
10,5,0.7980475555211606,0,0.5
10,5,1.182430837817151,0,0.5
10,5,0.7576067580481068,0,0.5
10,5,1.0453519264614743,0,0.5
10,5,0.7237985073485418,0,0.5
10,5,0.855636404613855,0,0.5
10,5,1.0455722133766683,0,0.5
10,6,0.6683183033365395,0,0.6
10,6,0.9366389475484853,0,0.6
10,6,0.9031766066454208,0,0.6
10,6,0.989738410504779,0,0.6
10,6,0.9508559334988532,0,0.6
10,6,0.8558844158206992,0,0.6
10,6,0.9982585297087362,0,0.6
10,6,0.8125171680197546,0,0.6
10,6,0.6418991099081935,0,0.6
10,6,1.1950826108971926,0,0.6
10,6,0.8577269827751837,0,0.6
10,6,0.8794397314680308,0,0.6
10,6,0.9418975352580097,0,0.6
10,6,0.9019094351010629,0,0.6
10,6,0.6515247337224758,0,0.6
10,6,0.8886011804937995,0,0.6
10,6,0.8631747014807707,0,0.6
10,6,0.79146403067712,0,0.6
10,6,0.7947943133497384,0,0.6
10,6,1.081534169630769,0,0.6
10,6,0.681720948558404,0,0.6
10,6,0.693921871086467,0,0.6
10,6,0.9280362841811731,0,0.6
10,6,0.6237006715496765,0,0.6
10,6,0.8093148008392487,0,0.6
10,6,0.9578053933289473,0,0.6
10,6,1.0403938227117842,0,0.6
10,6,0.5443497902152631,0,0.6
10,6,0.9856647836774449,0,0.6
10,6,0.9375051732211499,0,0.6
10,6,0.8988010592195924,0,0.6
10,6,0.861081230542916,0,0.6
10,6,0.9351321592635687,0,0.6
10,6,0.7247339235846875,0,0.6
10,6,0.8864756192141476,0,0.6
10,6,0.9957793492999137,0,0.6
10,6,0.706401299001931,0,0.6
10,6,0.9607325734273165,0,0.6
10,6,0.7274302572757555,0,0.6
10,6,0.8590828632517628,0,0.6
10,6,0.9459906174261566,0,0.6
10,6,0.8357498118295412,0,0.6
10,6,0.985468031237454,0,0.6
10,6,0.8735331428724358,0,0.6
10,6,0.8504892486183075,0,0.6
10,6,0.9625333642819901,0,0.6
10,6,0.9486341174177387,0,0.6
10,6,1.0271671891926384,0,0.6
10,6,0.6355930937094654,0,0.6
10,6,0.7212825809736175,0,0.6
10,6,0.9350136165941011,0,0.6
10,6,1.2029449730148507,0,0.6
10,6,1.0125747552083952,0,0.6
10,6,0.7181740217268957,0,0.6
10,6,0.8553860019870975,0,0.6
10,6,0.7057134869742291,0,0.6
10,6,0.89653357379448,0,0.6
10,6,0.8572908766773026,0,0.6
10,6,0.8553045855208263,0,0.6
10,6,1.0059755113454099,0,0.6
10,6,0.7041382567911989,0,0.6
10,6,1.0708080906504704,0,0.6
10,6,0.6251152833408784,0,0.6
10,6,0.5836953169633066,0,0.6
10,6,0.5452344263579523,0,0.6
10,6,0.7908705473487078,0,0.6
10,6,0.9858716183403816,0,0.6
10,6,0.7300621294281808,0,0.6
10,6,0.6343701282706662,0,0.6
10,6,0.8235758001472461,0,0.6
10,6,0.9042881775387016,0,0.6
10,6,1.0384751302783293,0,0.6
10,6,0.9078402451512271,0,0.6
10,6,0.812424200426158,0,0.6
10,6,0.9532895506278715,0,0.6
10,6,0.7836282310782794,0,0.6
10,6,1.0675097107150353,0,0.6
10,6,0.6299992679691088,0,0.6
10,6,0.8264524725606154,0,0.6
10,6,0.7532110166221736,0,0.6
10,6,0.9688461740437354,0,0.6
10,6,0.8856248994391919,0,0.6
10,6,0.8812050139029556,0,0.6
10,6,0.9305839836843264,0,0.6
10,6,0.847071641034669,0,0.6
10,6,0.7406105834154904,0,0.6
10,6,0.8155647971529584,0,0.6
10,6,0.9481800116600868,0,0.6
10,6,0.9074981036485555,0,0.6
10,6,0.9963966351607929,0,0.6
10,6,0.7514449805906838,0,0.6
10,6,0.953858328710082,0,0.6
10,6,0.9499734076659129,0,0.6
10,6,0.9154560906741412,0,0.6
10,6,0.6045749969309696,0,0.6
10,6,0.8125825606092093,0,0.6
10,6,0.935580267947529,0,0.6
10,6,0.8677398816469919,0,0.6
10,6,0.9055742168495934,0,0.6
10,6,0.8794202467494922,0,0.6
10,7,0.702005553130892,0,0.7
10,7,0.8708765496461331,0,0.7
10,7,1.0011202539291275,0,0.7
10,7,1.1562225817185736,0,0.7
10,7,0.9686997076213745,0,0.7
10,7,0.884554144176895,0,0.7
10,7,1.0659962127036506,0,0.7
10,7,0.6988256953453169,0,0.7
10,7,0.8444578407307766,0,0.7
10,7,0.8643234891206316,0,0.7
10,7,0.9216546469574154,0,0.7
10,7,0.7320515427308053,0,0.7
10,7,1.0726711280835886,0,0.7
10,7,0.8839756334504485,0,0.7
10,7,0.7363030569856188,0,0.7
10,7,0.6807165884258283,0,0.7
10,7,0.9176251041834557,0,0.7
10,7,0.8859426302764297,0,0.7
10,7,0.9145460164080937,0,0.7
10,7,0.7876718859328192,0,0.7
10,7,0.7392614994002771,0,0.7
10,7,0.9630824927560877,0,0.7
10,7,0.648566158393747,0,0.7
10,7,0.8073932715205736,0,0.7
10,7,0.8054960023986109,0,0.7
10,7,0.832186992703928,0,0.7
10,7,0.9867533272414962,0,0.7
10,7,0.687343059768748,0,0.7
10,7,0.4756345640399948,0,0.7
10,7,1.0308196199811255,0,0.7
10,7,0.8660535814419725,0,0.7
10,7,1.0492668409022787,0,0.7
10,7,0.8504915047787583,0,0.7
10,7,0.7510580153969955,0,0.7
10,7,0.7112036865492629,0,0.7
10,7,0.9522662629183034,0,0.7
10,7,0.7691845274458757,0,0.7
10,7,0.9166456214489757,0,0.7
10,7,0.8434977629841909,0,0.7
10,7,1.067668864476418,0,0.7
10,7,0.7521310815003225,0,0.7
10,7,0.8612594223817626,0,0.7
10,7,0.899067633564591,0,0.7
10,7,1.112297992002208,0,0.7
10,7,1.0686362796965096,0,0.7
10,7,0.7248672386378283,0,0.7
10,7,0.5646371926815611,0,0.7
10,7,0.7336252183859298,0,0.7
10,7,0.8814607424046749,0,0.7
10,7,0.7006476054123415,0,0.7
10,7,0.8581530680611656,0,0.7
10,7,1.0090129613644496,0,0.7
10,7,0.7697493212759084,0,0.7
10,7,0.497362175596762,0,0.7
10,7,0.8582478784185432,0,0.7
10,7,0.4753066743554984,0,0.7
10,7,0.9897203719181397,0,0.7
10,7,0.728069960498452,0,0.7
10,7,0.4454259513461139,0,0.7
10,7,0.945849965840659,0,0.7
10,7,0.9877132016134388,0,0.7
10,7,0.7570685093680867,0,0.7
10,7,0.7885408076093002,0,0.7
10,7,0.6548081210824941,0,0.7
10,7,0.7910052401939384,0,0.7
10,7,0.880917237236165,0,0.7
10,7,0.812709871495653,0,0.7
10,7,0.7471750192968232,0,0.7
10,7,0.6547198484306503,0,0.7
10,7,0.9663889731932549,0,0.7
10,7,0.8582454965594923,0,0.7
10,7,0.8351389581102691,0,0.7
10,7,0.9599341081067793,0,0.7
10,7,0.6299325801629165,0,0.7
10,7,0.6881869557301089,0,0.7
10,7,0.6802039280678087,0,0.7
10,7,0.9475084855175946,0,0.7
10,7,0.7030735001826652,0,0.7
10,7,0.5751871842148818,0,0.7
10,7,1.087773499847405,0,0.7
10,7,0.940474583377328,0,0.7
10,7,0.542499474014711,0,0.7
10,7,0.9149045755865519,0,0.7
10,7,0.7603373032612994,0,0.7
10,7,0.7381237837839744,0,0.7
10,7,0.5740898041187193,0,0.7
10,7,0.7845200854095378,0,0.7
10,7,0.7842900521321577,0,0.7
10,7,0.6846200764380052,0,0.7
10,7,1.1040032297698024,0,0.7
10,7,0.8285762717736584,0,0.7
10,7,0.9808323281152376,0,0.7
10,7,0.9695676588566523,0,0.7
10,7,0.4699701211646442,0,0.7
10,7,0.9955555800142236,0,0.7
10,7,0.8796605661415027,0,0.7
10,7,0.8818353234500407,0,0.7
10,7,1.0253884524935066,0,0.7
10,7,0.8761984511605555,0,0.7
10,7,0.8961354976071543,0,0.7
10,8,0.8962638545585174,0,0.8
10,8,0.7913328827046194,0,0.8
10,8,0.8757815807189702,0,0.8
10,8,1.1515353484888347,0,0.8
10,8,0.7871278274341469,0,0.8
10,8,0.8254230123524596,0,0.8
10,8,0.9446349717873068,0,0.8
10,8,0.7539867002911653,0,0.8
10,8,0.9142099857664102,0,0.8
10,8,0.6213165282028209,0,0.8
10,8,0.7151890918291984,0,0.8
10,8,0.9916882209983183,0,0.8
10,8,0.8031358234166994,0,0.8
10,8,0.8881394557687372,0,0.8
10,8,0.7806897931261958,0,0.8
10,8,1.1646669927658255,0,0.8
10,8,1.2649051943172658,0,0.8
10,8,0.5439364174239749,0,0.8
10,8,0.9687576089240307,0,0.8
10,8,0.7751619998222099,0,0.8
10,8,1.0697667111085407,0,0.8
10,8,0.7061304747494408,0,0.8
10,8,0.873968284346458,0,0.8
10,8,1.009888986371152,0,0.8
10,8,0.6927187435721435,0,0.8
10,8,1.0409312924083725,0,0.8
10,8,0.7695022857944586,0,0.8
10,8,0.9367789647886079,0,0.8
10,8,0.8101228091574577,0,0.8
10,8,0.6804173003506372,0,0.8
10,8,0.8195668954825098,0,0.8
10,8,0.7493558934780911,0,0.8
10,8,0.7327428723811558,0,0.8
10,8,0.6684331538461669,0,0.8
10,8,0.7350360551287657,0,0.8
10,8,0.9986300564718102,0,0.8
10,8,0.9191584050751335,0,0.8
10,8,0.7908735933631564,0,0.8
10,8,0.7624685984104232,0,0.8
10,8,0.6124344293156231,0,0.8
10,8,0.7706059647684255,0,0.8
10,8,0.7676540699288108,0,0.8
10,8,0.8801833022331013,0,0.8
10,8,0.8987089699833086,0,0.8
10,8,0.8971123224142417,0,0.8
10,8,0.7433306291153235,0,0.8
10,8,0.5803850610757769,0,0.8
10,8,0.71574969412767,0,0.8
10,8,0.6025094479867708,0,0.8
10,8,0.8436688565193885,0,0.8
10,8,0.9108586824090145,0,0.8
10,8,0.9057232117617849,0,0.8
10,8,0.6085893101578018,0,0.8
10,8,0.6332460425696186,0,0.8
10,8,0.9460130566651046,0,0.8
10,8,0.6096159160467317,0,0.8
10,8,0.9098135008170675,0,0.8
10,8,0.8501790558629024,0,0.8
10,8,0.7944001423017196,0,0.8
10,8,0.6319197906761651,0,0.8
10,8,0.5968886890853067,0,0.8
10,8,0.8916019291845126,0,0.8
10,8,0.4658795775640187,0,0.8
10,8,0.7440966971684845,0,0.8
10,8,0.7264645750616014,0,0.8
10,8,0.6559864515881874,0,0.8
10,8,0.5653716936116998,0,0.8
10,8,0.7414313232306756,0,0.8
10,8,0.8036589118543105,0,0.8
10,8,0.5888138444572563,0,0.8
10,8,0.7911489503607506,0,0.8
10,8,0.9914692256362858,0,0.8
10,8,0.8481982838677692,0,0.8
10,8,0.7720249179131966,0,0.8
10,8,0.8076105057317222,0,0.8
10,8,0.5616807003667037,0,0.8
10,8,0.9426220443577281,0,0.8
10,8,0.7271703128414024,0,0.8
10,8,0.7338745746051043,0,0.8
10,8,1.02492742317458,0,0.8
10,8,0.9779833390115559,0,0.8
10,8,0.7584110419139244,0,0.8
10,8,0.6694019695669785,0,0.8
10,8,0.6366464113196609,0,0.8
10,8,0.995150786609999,0,0.8
10,8,0.8725535024877944,0,0.8
10,8,0.9018597283507986,0,0.8
10,8,0.6820583712659154,0,0.8
10,8,0.5305961486537091,0,0.8
10,8,1.0505088289514264,0,0.8
10,8,0.7444143588749813,0,0.8
10,8,0.894900421009518,0,0.8
10,8,0.9590238121269088,0,0.8
10,8,0.7985499944366864,0,0.8
10,8,0.889478262239362,0,0.8
10,8,1.1014397800289333,0,0.8
10,8,0.8679242458322248,0,0.8
10,8,0.6283413927128345,0,0.8
10,8,0.9212586487228915,0,0.8
10,8,0.8434808236383584,0,0.8
10,9,0.938757927942737,0,0.9
10,9,0.8016966072088171,0,0.9
10,9,0.8730982538451694,0,0.9
10,9,0.8758393219816666,0,0.9
10,9,1.0059557718752279,0,0.9
10,9,0.6645051807282139,0,0.9
10,9,0.715200929794535,0,0.9
10,9,0.8219956555608747,0,0.9
10,9,0.7855486535980094,0,0.9
10,9,0.7775446046865068,0,0.9
10,9,0.5039188034759725,0,0.9
10,9,0.6519910051419203,0,0.9
10,9,0.6188233349184943,0,0.9
10,9,0.8176554840903968,0,0.9
10,9,0.8071052641829383,0,0.9
10,9,0.7304995547364673,0,0.9
10,9,0.6114780999292433,0,0.9
10,9,0.609381941443387,0,0.9
10,9,0.948093544109714,0,0.9
10,9,0.5349670752791099,0,0.9
10,9,0.9301061248539126,0,0.9
10,9,0.6316820213519494,0,0.9
10,9,1.0914925440983518,0,0.9
10,9,0.7183984844939489,0,0.9
10,9,0.6365899943749972,0,0.9
10,9,0.8266104346558917,0,0.9
10,9,0.6352367166588822,0,0.9
10,9,0.7800251868965105,0,0.9
10,9,0.7821950559827786,0,0.9
10,9,0.6266575713321529,0,0.9
10,9,0.6550160388863137,0,0.9
10,9,0.7308059528697812,0,0.9
10,9,0.6590651928259414,0,0.9
10,9,0.8616001645133909,0,0.9
10,9,0.7733137323543805,0,0.9
10,9,0.6260950918536659,0,0.9
10,9,0.7174675329554534,0,0.9
10,9,0.7583819044649337,0,0.9
10,9,0.6591842655410182,0,0.9
10,9,0.4736352673549717,0,0.9
10,9,0.8797048903432179,0,0.9
10,9,0.5708323511529348,0,0.9
10,9,0.5456105692476296,0,0.9
10,9,0.9404595895505491,0,0.9
10,9,0.8316281087707929,0,0.9
10,9,0.6509911439575076,0,0.9
10,9,0.6916152490718072,0,0.9
10,9,0.6808966585621219,0,0.9
10,9,0.49779287858888277,0,0.9
10,9,0.833482953793041,0,0.9
10,9,0.9088682810985528,0,0.9
10,9,0.7600948531243487,0,0.9
10,9,0.6929507529489882,0,0.9
10,9,0.4740190037249644,0,0.9
10,9,0.684975041227257,0,0.9
10,9,0.6533674212916404,0,0.9
10,9,0.7010795095238256,0,0.9
10,9,0.7815049531547825,0,0.9
10,9,0.6250662775241281,0,0.9
10,9,0.7524079835271005,0,0.9
10,9,0.7501573879039719,0,0.9
10,9,0.9223711558824506,0,0.9
10,9,0.9170197523913837,0,0.9
10,9,0.7251963530667688,0,0.9
10,9,0.6027977336890356,0,0.9
10,9,0.6482672935546839,0,0.9
10,9,0.7600066281865574,0,0.9
10,9,0.5439087706824328,0,0.9
10,9,0.5380576683602143,0,0.9
10,9,0.8205299944616861,0,0.9
10,9,0.7008510101522706,0,0.9
10,9,0.981851398693281,0,0.9
10,9,0.8631005510035267,0,0.9
10,9,0.6210891605244488,0,0.9
10,9,0.7662965362765234,0,0.9
10,9,0.814673543967414,0,0.9
10,9,0.8969216232100109,0,0.9
10,9,0.6897600972886186,0,0.9
10,9,0.6126179393426432,0,0.9
10,9,0.8222971181805273,0,0.9
10,9,0.9149788227415183,0,0.9
10,9,1.0446052291341035,0,0.9
10,9,0.7205730794307301,0,0.9
10,9,1.04516656567988,0,0.9
10,9,0.6946276285935209,0,0.9
10,9,0.925023918322353,0,0.9
10,9,0.8952631834147883,0,0.9
10,9,1.0343792620844423,0,0.9
10,9,0.7555074261142033,0,0.9
10,9,0.8929974590415619,0,0.9
10,9,0.8443104986898389,0,0.9
10,9,0.8433880624183141,0,0.9
10,9,0.8357827169018739,0,0.9
10,9,0.6783999539405284,0,0.9
10,9,0.569937844299221,0,0.9
10,9,0.7523518976956282,0,0.9
10,9,0.5256090822886188,0,0.9
10,9,0.7446600500823143,0,0.9
10,9,0.7735277093130939,0,0.9
10,9,0.8611065504319398,0,0.9
10,10,0.7475852431523621,0,1.0
10,10,0.8735510758106265,0,1.0
10,10,0.8732505809366035,0,1.0
10,10,0.7092704952554197,0,1.0
10,10,0.7436264678105123,0,1.0
10,10,0.8011410820124708,0,1.0
10,10,0.5055918424414447,0,1.0
10,10,0.6344966242065916,0,1.0
10,10,0.824607494024339,0,1.0
10,10,0.6985670692181468,0,1.0
10,10,0.9254440491773843,0,1.0
10,10,0.9589201865377015,0,1.0
10,10,0.8585086521390471,0,1.0
10,10,0.8116779887301816,0,1.0
10,10,0.7845769102379858,0,1.0
10,10,0.6894678368815713,0,1.0
10,10,0.907369374821202,0,1.0
10,10,0.706620979722993,0,1.0
10,10,0.4785587278184716,0,1.0
10,10,0.7961136928480614,0,1.0
10,10,0.7383329058226523,0,1.0
10,10,0.621765051067583,0,1.0
10,10,0.7000487999899816,0,1.0
10,10,0.7254769084020533,0,1.0
10,10,0.5465212675588483,0,1.0
10,10,0.6476644811657958,0,1.0
10,10,0.7368922826074656,0,1.0
10,10,0.968152238642552,0,1.0
10,10,0.8178750402720689,0,1.0
10,10,0.7060196176313308,0,1.0
10,10,0.8416499241472406,0,1.0
10,10,0.6811984552623336,0,1.0
10,10,0.8620375348951614,0,1.0
10,10,0.755347785750705,0,1.0
10,10,0.7343178069743826,0,1.0
10,10,0.8180139519815548,0,1.0
10,10,0.7222499296452145,0,1.0
10,10,0.9377951796238712,0,1.0
10,10,0.9407473129304322,0,1.0
10,10,0.799741413287416,0,1.0
10,10,0.7502796364773058,0,1.0
10,10,0.6402900346007384,0,1.0
10,10,0.7357558432654644,0,1.0
10,10,0.5906690313174281,0,1.0
10,10,0.6973837979918625,0,1.0
10,10,0.8387782678556785,0,1.0
10,10,0.4411087688265945,0,1.0
10,10,1.0245151225092772,0,1.0
10,10,0.8586513918313425,0,1.0
10,10,0.6601672888797253,0,1.0
10,10,0.7559444568599074,0,1.0
10,10,0.6845688743837521,0,1.0
10,10,0.7100478370840181,0,1.0
10,10,0.6759364887497339,0,1.0
10,10,1.0295526742219372,0,1.0
10,10,0.48778655151144434,0,1.0
10,10,0.6848220889092819,0,1.0
10,10,0.6304344160518095,0,1.0
10,10,0.5737031129681874,0,1.0
10,10,0.7226137273517335,0,1.0
10,10,0.439223621847771,0,1.0
10,10,0.7310984471383511,0,1.0
10,10,0.8328008508191325,0,1.0
10,10,0.8380234883690194,0,1.0
10,10,0.6175652525470704,0,1.0
10,10,0.6881559115317314,0,1.0
10,10,0.8543610601522632,0,1.0
10,10,0.7068448379633271,0,1.0
10,10,0.7991871236369876,0,1.0
10,10,0.7901311306665589,0,1.0
10,10,0.9377770304345451,0,1.0
10,10,0.9764406236153887,0,1.0
10,10,0.7523128245552196,0,1.0
10,10,0.7828255660783107,0,1.0
10,10,0.6051629080230192,0,1.0
10,10,0.6909372564768358,0,1.0
10,10,0.5987791504095014,0,1.0
10,10,0.7581101816000354,0,1.0
10,10,0.7972033609406166,0,1.0
10,10,0.7587153507702594,0,1.0
10,10,0.8349121808583777,0,1.0
10,10,0.7353429776909277,0,1.0
10,10,0.6992386276220037,0,1.0
10,10,0.5430987518492524,0,1.0
10,10,0.6912485324453143,0,1.0
10,10,0.6315299999552068,0,1.0
10,10,0.5514033382460427,0,1.0
10,10,0.8061158739863307,0,1.0
10,10,1.0094546542725908,0,1.0
10,10,0.9368025489283046,0,1.0
10,10,0.6104302188645414,0,1.0
10,10,0.6904350851162304,0,1.0
10,10,0.7510002871219592,0,1.0
10,10,0.8058324544684592,0,1.0
10,10,0.8894553966929004,0,1.0
10,10,0.6087765931516788,0,1.0
10,10,0.556023605933162,0,1.0
10,10,0.6714397309008046,0,1.0
10,10,0.9683216593858082,0,1.0
10,10,0.6847980130991137,0,1.0
10,11,0.45656530707139187,0,1.1
10,11,0.8874723252519873,0,1.1
10,11,0.7342358695201757,0,1.1
10,11,0.658598089346016,0,1.1
10,11,0.8411090633684872,0,1.1
10,11,0.64305025644715,0,1.1
10,11,0.7652222691791788,0,1.1
10,11,0.8270304754244799,0,1.1
10,11,0.6948264369036652,0,1.1
10,11,0.753964231676906,0,1.1
10,11,0.5981603722498674,0,1.1
10,11,0.7310165065350697,0,1.1
10,11,0.9517801968275811,0,1.1
10,11,0.7534582410878979,0,1.1
10,11,0.8479825126576049,0,1.1
10,11,0.8164194393609112,0,1.1
10,11,0.8367323877964244,0,1.1
10,11,0.7316438276960567,0,1.1
10,11,0.7594434125622077,0,1.1
10,11,0.427101186349939,0,1.1
10,11,0.6076601667400929,0,1.1
10,11,0.7485347581731135,0,1.1
10,11,0.843972201039669,0,1.1
10,11,1.0010770229675923,0,1.1
10,11,0.720547525929307,0,1.1
10,11,0.854999734915122,0,1.1
10,11,0.9753786105662859,0,1.1
10,11,0.6851769308323966,0,1.1
10,11,0.7207515503005222,0,1.1
10,11,0.443535036514605,0,1.1
10,11,0.8159188131315704,0,1.1
10,11,0.6335152868438183,0,1.1
10,11,0.5660319820763886,0,1.1
10,11,0.7971176249282512,0,1.1
10,11,0.7375288853231368,0,1.1
10,11,0.8395511411928522,0,1.1
10,11,0.7869345197125871,0,1.1
10,11,0.731138521463581,0,1.1
10,11,0.9258196335758193,0,1.1
10,11,0.8056189072628733,0,1.1
10,11,0.7858094188504725,0,1.1
10,11,1.014679778238444,0,1.1
10,11,0.746333111959194,0,1.1
10,11,0.7611780960677729,0,1.1
10,11,1.0324803360903712,0,1.1
10,11,0.7738543780282797,0,1.1
10,11,0.7539583094529069,0,1.1
10,11,0.7132909088784641,0,1.1
10,11,1.0175452055554817,0,1.1
10,11,0.9245345828597881,0,1.1
10,11,0.788423962669995,0,1.1
10,11,0.710777809636865,0,1.1
10,11,0.5411124414226111,0,1.1
10,11,1.0391993744518555,0,1.1
10,11,0.6683125373959249,0,1.1
10,11,0.4840361889114723,0,1.1
10,11,0.6144033684361148,0,1.1
10,11,0.7920084585894657,0,1.1
10,11,0.9957865190998182,0,1.1
10,11,0.8811070763606037,0,1.1
10,11,0.7530297333947876,0,1.1
10,11,0.6633592276816538,0,1.1
10,11,0.6331930637824922,0,1.1
10,11,0.8358703045708736,0,1.1
10,11,0.7147533578489813,0,1.1
10,11,0.7979178473905871,0,1.1
10,11,0.8221246557461365,0,1.1
10,11,0.6984494118596409,0,1.1
10,11,0.8716637374638595,0,1.1
10,11,0.7605025253091069,0,1.1
10,11,0.7040233961229547,0,1.1
10,11,0.8530329322295492,0,1.1
10,11,0.7569676641725772,0,1.1
10,11,0.7028657373913844,0,1.1
10,11,0.7770936578119291,0,1.1
10,11,0.7163217141604629,0,1.1
10,11,0.7569307150648497,0,1.1
10,11,0.8766537537708525,0,1.1
10,11,0.800743871259074,0,1.1
10,11,0.9247346663154354,0,1.1
10,11,0.7218987163094674,0,1.1
10,11,0.8226527801070608,0,1.1
10,11,0.8220155007629667,0,1.1
10,11,0.7768053208800849,0,1.1
10,11,0.8599815892690985,0,1.1
10,11,0.5721633251209118,0,1.1
10,11,0.7218334997009938,0,1.1
10,11,0.739284806188007,0,1.1
10,11,0.8509228912071759,0,1.1
10,11,0.7443517933473934,0,1.1
10,11,0.7166807729403334,0,1.1
10,11,0.909214767968329,0,1.1
10,11,0.7830541634188989,0,1.1
10,11,0.8794293883085514,0,1.1
10,11,0.8066641200181073,0,1.1
10,11,0.8198233902937232,0,1.1
10,11,0.9325539634805656,0,1.1
10,11,0.8418005608817228,0,1.1
10,11,0.6249815510042167,0,1.1
10,11,1.0836321886734552,0,1.1
10,12,0.5252813298011376,0,1.2
10,12,0.7552643904427554,0,1.2
10,12,0.8156191513622337,0,1.2
10,12,0.670382378580832,0,1.2
10,12,0.7749949387131435,0,1.2
10,12,0.6271316990216903,0,1.2
10,12,0.6113885885346781,0,1.2
10,12,0.6577307566420288,0,1.2
10,12,0.799137092544747,0,1.2
10,12,0.7647779548437307,0,1.2
10,12,0.8230560109274455,0,1.2
10,12,0.6258635545027261,0,1.2
10,12,0.9159330379562126,0,1.2
10,12,0.8020620499290537,0,1.2
10,12,0.6405832100140875,0,1.2
10,12,0.6990031008473628,0,1.2
10,12,0.6312674696487396,0,1.2
10,12,0.7311247675694712,0,1.2
10,12,0.720773915513127,0,1.2
10,12,0.4765129426204451,0,1.2
10,12,0.6897171733170451,0,1.2
10,12,0.7408694472184495,0,1.2
10,12,0.6740484417487007,0,1.2
10,12,0.5587702453180735,0,1.2
10,12,0.68179601695759,0,1.2
10,12,0.6358731318043157,0,1.2
10,12,0.5058511976115415,0,1.2
10,12,0.7917397112318545,0,1.2
10,12,0.7232635159905583,0,1.2
10,12,0.6675397455792242,0,1.2
10,12,0.49469490485144674,0,1.2
10,12,0.6644451451109435,0,1.2
10,12,0.4809507380498516,0,1.2
10,12,0.6688466798874495,0,1.2
10,12,0.6356871861466672,0,1.2
10,12,0.7194933761958671,0,1.2
10,12,0.7412824319798552,0,1.2
10,12,0.731720835708911,0,1.2
10,12,0.91350362424148,0,1.2
10,12,0.807901432183234,0,1.2
10,12,0.7622231420629871,0,1.2
10,12,0.6416366066803105,0,1.2
10,12,0.6586291892186439,0,1.2
10,12,0.650603929926176,0,1.2
10,12,0.7572790965741233,0,1.2
10,12,0.5487296461887339,0,1.2
10,12,0.7051078864680925,0,1.2
10,12,0.8572652960164495,0,1.2
10,12,0.8934174852169425,0,1.2
10,12,0.703912491140142,0,1.2
10,12,0.799726581358317,0,1.2
10,12,0.7280474503498345,0,1.2
10,12,0.4358486021541099,0,1.2
10,12,0.7512211231794161,0,1.2
10,12,0.7019583739977949,0,1.2
10,12,0.6505323942640476,0,1.2
10,12,0.5122155184993901,0,1.2
10,12,0.7679050604352415,0,1.2
10,12,0.5201704488687512,0,1.2
10,12,0.7356462662663402,0,1.2
10,12,0.7918617893899045,0,1.2
10,12,0.6512607540005404,0,1.2
10,12,0.5377679527888606,0,1.2
10,12,0.6207581485458119,0,1.2
10,12,0.7869294710415918,0,1.2
10,12,0.700277601345989,0,1.2
10,12,0.6750475071026004,0,1.2
10,12,0.577375078815599,0,1.2
10,12,0.6208092735261949,0,1.2
10,12,0.4983293680391078,0,1.2
10,12,0.7045115363152885,0,1.2
10,12,0.6553389422749871,0,1.2
10,12,0.7261694744481012,0,1.2
10,12,0.7189830580235459,0,1.2
10,12,0.8006167374297662,0,1.2
10,12,0.8179713824741083,0,1.2
10,12,0.6578744246246995,0,1.2
10,12,0.6789215518137747,0,1.2
10,12,0.8230172259255999,0,1.2
10,12,0.5898672388500765,0,1.2
10,12,0.8546449014243523,0,1.2
10,12,0.7879355577564349,0,1.2
10,12,0.7693887296273432,0,1.2
10,12,0.673139695269992,0,1.2
10,12,0.9107690187021629,0,1.2
10,12,0.811764683606906,0,1.2
10,12,0.7358182034570107,0,1.2
10,12,0.7088001153469329,0,1.2
10,12,0.6302608049230904,0,1.2
10,12,0.5669506606379711,0,1.2
10,12,0.7353650200097303,0,1.2
10,12,0.8288201724787189,0,1.2
10,12,0.6264316201611784,0,1.2
10,12,0.6188120704567167,0,1.2
10,12,0.5512270864898857,0,1.2
10,12,1.093960779213159,0,1.2
10,12,0.7279928414031768,0,1.2
10,12,0.6211279283868792,0,1.2
10,12,0.6667819163623192,0,1.2
10,12,0.7994440794481192,0,1.2
10,13,0.49442169725671387,0,1.3
10,13,0.7692839632456366,0,1.3
10,13,0.6758393427276641,0,1.3
10,13,0.9208924388916558,0,1.3
10,13,0.5001233854834599,0,1.3
10,13,0.7623942815847763,0,1.3
10,13,0.6640617301251504,0,1.3
10,13,0.703412234057544,0,1.3
10,13,0.7782620481316219,0,1.3
10,13,0.6154360335857697,0,1.3
10,13,0.9302681385969961,0,1.3
10,13,0.7244580063920051,0,1.3
10,13,0.7718478248147921,0,1.3
10,13,0.6062137887266528,0,1.3
10,13,0.567661479105538,0,1.3
10,13,0.8327378464089147,0,1.3
10,13,0.6912149336440688,0,1.3
10,13,0.8300219244691864,0,1.3
10,13,0.5328485654503603,0,1.3
10,13,0.794157012572773,0,1.3
10,13,0.7476280027067577,0,1.3
10,13,0.524958789931488,0,1.3
10,13,0.8097357093148478,0,1.3
10,13,0.8948779537773089,0,1.3
10,13,0.8245931162636163,0,1.3
10,13,0.6814929307659279,0,1.3
10,13,0.6589877362870439,0,1.3
10,13,0.7396910016321165,0,1.3
10,13,0.6576264476646803,0,1.3
10,13,0.7495310115029173,0,1.3
10,13,0.5772506117755319,0,1.3
10,13,0.6645727081358903,0,1.3
10,13,0.4942281045807824,0,1.3
10,13,0.6945044662418028,0,1.3
10,13,0.9753573773270231,0,1.3
10,13,0.7690129124982926,0,1.3
10,13,0.7551298964380813,0,1.3
10,13,0.8352039676382768,0,1.3
10,13,0.968719321501144,0,1.3
10,13,0.863555683452846,0,1.3
10,13,0.6276878708379755,0,1.3
10,13,0.7884254449748322,0,1.3
10,13,0.5543356677369178,0,1.3
10,13,0.48717476382691005,0,1.3
10,13,0.8083072426700512,0,1.3
10,13,0.8608987315721063,0,1.3
10,13,0.7186023518114246,0,1.3
10,13,0.5379585679448308,0,1.3
10,13,0.7489566741856586,0,1.3
10,13,0.7320446169450037,0,1.3
10,13,0.7882850252439747,0,1.3
10,13,0.8252782888221077,0,1.3
10,13,1.0121426930744373,0,1.3
10,13,0.6874901013376669,0,1.3
10,13,0.4597355256224874,0,1.3
10,13,0.6557282305531125,0,1.3
10,13,0.9330908718949155,0,1.3
10,13,0.6298924451915254,0,1.3
10,13,0.6903096870026267,0,1.3
10,13,0.651406569055071,0,1.3
10,13,0.8439711545293164,0,1.3
10,13,0.6251485276755375,0,1.3
10,13,0.7602456105357592,0,1.3
10,13,0.6363752131925697,0,1.3
10,13,0.6195564825526741,0,1.3
10,13,0.5787145849326707,0,1.3
10,13,0.9881331663436612,0,1.3
10,13,0.5791336039454302,0,1.3
10,13,0.5604200549642785,0,1.3
10,13,0.7708027853971716,0,1.3
10,13,0.5120548273421333,0,1.3
10,13,0.7560006532194689,0,1.3
10,13,0.7818868055786968,0,1.3
10,13,0.784575184525796,0,1.3
10,13,0.5242371430481222,0,1.3
10,13,0.7819946566679403,0,1.3
10,13,0.6717062727850452,0,1.3
10,13,0.6997223656276599,0,1.3
10,13,0.8508845672384983,0,1.3
10,13,0.7862982651469891,0,1.3
10,13,0.803362553634686,0,1.3
10,13,0.8167645319200627,0,1.3
10,13,0.9179023788709505,0,1.3
10,13,0.6866943534387764,0,1.3
10,13,0.5548841805411201,0,1.3
10,13,0.7863515153600368,0,1.3
10,13,0.664822521758332,0,1.3
10,13,0.8693323606714192,0,1.3
10,13,0.5038697019561436,0,1.3
10,13,0.7287897977940956,0,1.3
10,13,0.7524585802142516,0,1.3
10,13,0.8105418868416159,0,1.3
10,13,0.7168115483752482,0,1.3
10,13,0.8920493845623702,0,1.3
10,13,0.6024833833810581,0,1.3
10,13,0.7014911480016816,0,1.3
10,13,0.6588405331966593,0,1.3
10,13,0.4950659413427415,0,1.3
10,13,0.6276841385249644,0,1.3
10,13,0.7435642138288016,0,1.3
10,14,0.5999130419410263,0,1.4
10,14,0.8513222629106302,0,1.4
10,14,0.7836224070423145,0,1.4
10,14,0.7310481533506887,0,1.4
10,14,0.5928641181819729,0,1.4
10,14,0.7224278689193313,0,1.4
10,14,0.7788167729107216,0,1.4
10,14,0.7092710375065452,0,1.4
10,14,0.4611194791921225,0,1.4
10,14,0.8390353019736174,0,1.4
10,14,0.9520427864982312,0,1.4
10,14,0.7843386126600504,0,1.4
10,14,0.8012738096749282,0,1.4
10,14,0.8108284042157218,0,1.4
10,14,0.831897848358989,0,1.4
10,14,0.6711484616294756,0,1.4
10,14,0.620766223542796,0,1.4
10,14,0.7348689277321637,0,1.4
10,14,0.8717304364530476,0,1.4
10,14,0.6578560871161584,0,1.4
10,14,0.4853872947347516,0,1.4
10,14,0.7915548186196473,0,1.4
10,14,0.759614309955459,0,1.4
10,14,0.6321041328567455,0,1.4
10,14,0.6802076901282655,0,1.4
10,14,0.8818254989276835,0,1.4
10,14,0.5845033755688042,0,1.4
10,14,0.7421338075166155,0,1.4
10,14,0.6277125525108582,0,1.4
10,14,0.9302752480204912,0,1.4
10,14,0.7072119622409765,0,1.4
10,14,0.6935702667574738,0,1.4
10,14,0.6972036865283228,0,1.4
10,14,0.8027807154761836,0,1.4
10,14,0.7648182482689226,0,1.4
10,14,0.7785983976026133,0,1.4
10,14,0.7272996620067649,0,1.4
10,14,0.6089737372376032,0,1.4
10,14,0.6659385512846141,0,1.4
10,14,0.6404678872347528,0,1.4
10,14,0.9213657375229568,0,1.4
10,14,0.6781637155580009,0,1.4
10,14,0.5181733170367306,0,1.4
10,14,0.6540808105393382,0,1.4
10,14,0.5872464312409085,0,1.4
10,14,0.7264639270203894,0,1.4
10,14,0.7423861934755154,0,1.4
10,14,0.8136779962353946,0,1.4
10,14,0.6739037502078246,0,1.4
10,14,0.6737199207631283,0,1.4
10,14,0.5831670467554734,0,1.4
10,14,0.6299016212677981,0,1.4
10,14,0.6174299492826287,0,1.4
10,14,0.9961305765626159,0,1.4
10,14,0.6407171521951348,0,1.4
10,14,0.8283989659635597,0,1.4
10,14,0.6593345624552079,0,1.4
10,14,0.5661869361309759,0,1.4
10,14,0.9602851983799061,0,1.4
10,14,0.6901388303068344,0,1.4
10,14,0.47845269303635896,0,1.4
10,14,0.763700020006859,0,1.4
10,14,0.7500526659411778,0,1.4
10,14,0.6554545510388421,0,1.4
10,14,0.6379242175455272,0,1.4
10,14,0.7474713886712303,0,1.4
10,14,0.7491953957192633,0,1.4
10,14,0.679613530472034,0,1.4
10,14,0.6217009895621243,0,1.4
10,14,0.5721014319116292,0,1.4
10,14,0.7201155759916147,0,1.4
10,14,0.6992737754876944,0,1.4
10,14,0.5308601624117074,0,1.4
10,14,0.8221540919446632,0,1.4
10,14,0.8410695645852541,0,1.4
10,14,0.6303602487363059,0,1.4
10,14,0.5708959174693597,0,1.4
10,14,0.8009258906223801,0,1.4
10,14,0.7206540012151226,0,1.4
10,14,0.5649588712080393,0,1.4
10,14,0.7858020781025371,0,1.4
10,14,0.7137050176262416,0,1.4
10,14,0.7934460882236988,0,1.4
10,14,0.7601521717720789,0,1.4
10,14,0.8148582440073214,0,1.4
10,14,0.7780568826637914,0,1.4
10,14,0.8794525518471457,0,1.4
10,14,0.5583154586952238,0,1.4
10,14,0.7654271169435661,0,1.4
10,14,1.0606930969679793,0,1.4
10,14,0.6201161699891307,0,1.4
10,14,0.6820417632890514,0,1.4
10,14,0.6235607195193343,0,1.4
10,14,0.6242552920241276,0,1.4
10,14,0.6088187663702066,0,1.4
10,14,0.7656968599384969,0,1.4
10,14,0.9196841429647062,0,1.4
10,14,0.48272250018419127,0,1.4
10,14,0.6061828591597462,0,1.4
10,14,0.9195166979432259,0,1.4
10,15,0.45912955148107165,0,1.5
10,15,0.7447488697741436,0,1.5
10,15,0.7615927722682391,0,1.5
10,15,0.7372268688693518,0,1.5
10,15,0.707182384319228,0,1.5
10,15,0.5485848014761208,0,1.5
10,15,0.6692380540648607,0,1.5
10,15,0.5596213096509369,0,1.5
10,15,0.6177237278860115,0,1.5
10,15,0.6983254908227616,0,1.5
10,15,0.7715462854328459,0,1.5
10,15,0.6122458465648185,0,1.5
10,15,0.7265831670385192,0,1.5
10,15,0.6375814221907222,0,1.5
10,15,0.472122889779415,0,1.5
10,15,0.7569972415690193,0,1.5
10,15,0.5029644622631321,0,1.5
10,15,0.612879122103672,0,1.5
10,15,0.719203929053746,0,1.5
10,15,0.8102757220289761,0,1.5
10,15,0.8024162610189894,0,1.5
10,15,0.7973180269423237,0,1.5
10,15,0.4773720817759959,0,1.5
10,15,0.8343491239671516,0,1.5
10,15,0.825879837943371,0,1.5
10,15,0.6834649612845319,0,1.5
10,15,0.8035834228234242,0,1.5
10,15,0.8999990458280803,0,1.5
10,15,0.5882734012227736,0,1.5
10,15,0.9000251108693964,0,1.5
10,15,0.6252633549583698,0,1.5
10,15,0.8073755357323239,0,1.5
10,15,0.7337073396413871,0,1.5
10,15,0.6698677893154653,0,1.5
10,15,0.7319014841303249,0,1.5
10,15,0.7801405890598218,0,1.5
10,15,0.5360693457133383,0,1.5
10,15,0.5870169680525738,0,1.5
10,15,0.6319398767930922,0,1.5
10,15,0.715398605534689,0,1.5
10,15,0.7083719699821713,0,1.5
10,15,0.3797575466380724,0,1.5
10,15,0.5969223772038993,0,1.5
10,15,0.7549535259116704,0,1.5
10,15,0.7418585154158823,0,1.5
10,15,0.6736987440991459,0,1.5
10,15,0.7767527285341591,0,1.5
10,15,0.7596047485797147,0,1.5
10,15,0.7360151873105136,0,1.5
10,15,0.6719634030386975,0,1.5
10,15,0.5677972452361982,0,1.5
10,15,0.7813989247602695,0,1.5
10,15,0.7319029044379061,0,1.5
10,15,0.5807442795959628,0,1.5
10,15,0.6104823843172303,0,1.5
10,15,0.5427704015106218,0,1.5
10,15,0.6442657407425507,0,1.5
10,15,0.8506135855739245,0,1.5
10,15,0.6152064958964766,0,1.5
10,15,0.6954502822362149,0,1.5
10,15,0.5860070185780184,0,1.5
10,15,0.7961147150291141,0,1.5
10,15,0.824222669861766,0,1.5
10,15,0.5488232957569884,0,1.5
10,15,0.6817352720231095,0,1.5
10,15,0.732492844644493,0,1.5
10,15,0.7037907639943631,0,1.5
10,15,0.6698706903849403,0,1.5
10,15,0.8274433613593519,0,1.5
10,15,0.6258699816127428,0,1.5
10,15,0.6464839410439158,0,1.5
10,15,0.6173263729178452,0,1.5
10,15,0.5466867984450136,0,1.5
10,15,0.647364670161332,0,1.5
10,15,0.7373762469519408,0,1.5
10,15,0.765690885863498,0,1.5
10,15,0.6596384294161208,0,1.5
10,15,0.6649805391507063,0,1.5
10,15,0.6467736543356154,0,1.5
10,15,0.7490360653151092,0,1.5
10,15,0.46782486329234235,0,1.5
10,15,0.6933306435927161,0,1.5
10,15,0.7644316426633455,0,1.5
10,15,0.44751419619739496,0,1.5
10,15,0.7051353873783784,0,1.5
10,15,0.7046963404752979,0,1.5
10,15,0.4698872628444062,0,1.5
10,15,0.7020913756753259,0,1.5
10,15,0.8575050895129926,0,1.5
10,15,0.7372915581009768,0,1.5
10,15,0.686262297447878,0,1.5
10,15,0.6639956042037519,0,1.5
10,15,0.7242300282836746,0,1.5
10,15,0.6460377110538397,0,1.5
10,15,0.8512809946024759,0,1.5
10,15,0.44592067432103694,0,1.5
10,15,1.080020387933157,0,1.5
10,15,0.6437964904819552,0,1.5
10,15,0.66487657793031,0,1.5
10,15,0.6335499791124735,0,1.5
10,16,0.6603483258182268,0,1.6
10,16,0.697774137336157,0,1.6
10,16,0.7192471707607253,0,1.6
10,16,0.9230736634080087,0,1.6
10,16,0.7065904429636617,0,1.6
10,16,0.5801662143863523,0,1.6
10,16,0.5872959067641405,0,1.6
10,16,0.7021779410966152,0,1.6
10,16,0.9453426041715935,0,1.6
10,16,0.5386805020579728,0,1.6
10,16,0.6447622501511806,0,1.6
10,16,0.5769120913915661,0,1.6
10,16,0.6680328274375119,0,1.6
10,16,0.5342202297154933,0,1.6
10,16,0.6862254062010646,0,1.6
10,16,0.5472206921731129,0,1.6
10,16,0.5816286954075947,0,1.6
10,16,0.7263750784813927,0,1.6
10,16,0.740191225864087,0,1.6
10,16,0.7446862258669823,0,1.6
10,16,0.6720115297923985,0,1.6
10,16,0.5227230522475453,0,1.6
10,16,0.6199676774399013,0,1.6
10,16,0.5667926472994302,0,1.6
10,16,0.8478135301463622,0,1.6
10,16,0.6814411967747886,0,1.6
10,16,0.38527142957646276,0,1.6
10,16,0.7748638585051578,0,1.6
10,16,0.7204837726090395,0,1.6
10,16,0.8226713888722925,0,1.6
10,16,0.6727342324439535,0,1.6
10,16,0.6341211927316924,0,1.6
10,16,0.8041436894528285,0,1.6
10,16,0.7214189508256454,0,1.6
10,16,0.7328421951184043,0,1.6
10,16,0.4230526167453082,0,1.6
10,16,0.7182419849482246,0,1.6
10,16,0.8359679020374907,0,1.6
10,16,0.6339698974600682,0,1.6
10,16,0.7627048774967664,0,1.6
10,16,0.6933499945944456,0,1.6
10,16,0.4118560477774612,0,1.6
10,16,0.7221650409953618,0,1.6
10,16,0.6615870123084372,0,1.6
10,16,0.3489754654757391,0,1.6
10,16,0.7685359903147928,0,1.6
10,16,0.7073522264521314,0,1.6
10,16,0.7545642619203755,0,1.6
10,16,0.7108468500712661,0,1.6
10,16,0.703280601284209,0,1.6
10,16,0.7635149491277499,0,1.6
10,16,0.8356952612050369,0,1.6
10,16,0.643906429431704,0,1.6
10,16,0.8364486480194784,0,1.6
10,16,0.8096831949120402,0,1.6
10,16,0.47466008501246515,0,1.6
10,16,0.5461225033352093,0,1.6
10,16,0.6142228414251315,0,1.6
10,16,0.6804973268133826,0,1.6
10,16,0.5276516917316652,0,1.6
10,16,0.49813861468937065,0,1.6
10,16,0.697067548453049,0,1.6
10,16,0.7950524595453062,0,1.6
10,16,0.6171627729410515,0,1.6
10,16,0.7755647951058036,0,1.6
10,16,0.6774766152240893,0,1.6
10,16,0.6636305200584701,0,1.6
10,16,0.5883089609740118,0,1.6
10,16,0.7953030389595522,0,1.6
10,16,0.6605049005795712,0,1.6
10,16,0.6994504377359212,0,1.6
10,16,0.8262604705729962,0,1.6
10,16,0.5579280831474708,0,1.6
10,16,0.5374602686337676,0,1.6
10,16,0.6498596096939495,0,1.6
10,16,0.7023846642891034,0,1.6
10,16,0.6120138228788825,0,1.6
10,16,0.737612763839573,0,1.6
10,16,0.6133953594758401,0,1.6
10,16,0.6820225474534488,0,1.6
10,16,0.7555320165986892,0,1.6
10,16,0.8605627286303971,0,1.6
10,16,0.48961888804004977,0,1.6
10,16,0.8095074552401123,0,1.6
10,16,0.5087515409801204,0,1.6
10,16,0.6946385546495317,0,1.6
10,16,0.6892541290977697,0,1.6
10,16,0.6354961453968805,0,1.6
10,16,0.7613084127101788,0,1.6
10,16,0.41273164013986585,0,1.6
10,16,0.5634488384589733,0,1.6
10,16,0.6892267046563172,0,1.6
10,16,0.49877205062547225,0,1.6
10,16,0.8446665662832169,0,1.6
10,16,0.5926900503090142,0,1.6
10,16,0.8641699863630702,0,1.6
10,16,0.5568264761201561,0,1.6
10,16,0.5403984742126785,0,1.6
10,16,0.8365184935845593,0,1.6
10,16,0.5243662800423785,0,1.6
10,17,0.5816648927996375,0,1.7
10,17,0.8284874060968486,0,1.7
10,17,0.9714533771671766,0,1.7
10,17,0.7081301122806928,0,1.7
10,17,0.5203916325284496,0,1.7
10,17,0.614655510618572,0,1.7
10,17,0.5520307415893252,0,1.7
10,17,0.6569104400529767,0,1.7
10,17,0.4949326348480414,0,1.7
10,17,0.7181656153160672,0,1.7
10,17,0.6241420348761635,0,1.7
10,17,0.5829459694437067,0,1.7
10,17,0.5405071878651617,0,1.7
10,17,0.6007708762325711,0,1.7
10,17,0.6976819633462773,0,1.7
10,17,0.7355567871284471,0,1.7
10,17,0.6614920077639144,0,1.7
10,17,0.8241888911766055,0,1.7
10,17,0.7026395593730107,0,1.7
10,17,0.6362142847234853,0,1.7
10,17,0.8385693599801481,0,1.7
10,17,0.8301386910569055,0,1.7
10,17,0.6934283544480286,0,1.7
10,17,0.6795370912768531,0,1.7
10,17,0.5724006517546547,0,1.7
10,17,0.515537558483654,0,1.7
10,17,0.7328227357073618,0,1.7
10,17,0.6400643642088474,0,1.7
10,17,0.39927030624959287,0,1.7
10,17,0.6059043603589103,0,1.7
10,17,0.7682176304804703,0,1.7
10,17,0.7050963524209355,0,1.7
10,17,0.5529283204599167,0,1.7
10,17,0.704258591361397,0,1.7
10,17,0.7605370936749389,0,1.7
10,17,0.6041151103653297,0,1.7
10,17,0.6840214317802299,0,1.7
10,17,0.6126422544872394,0,1.7
10,17,0.6741582348830393,0,1.7
10,17,0.8432402224562239,0,1.7
10,17,0.6700741466836583,0,1.7
10,17,0.5502578186300503,0,1.7
10,17,0.6023499785749828,0,1.7
10,17,0.5989783485162866,0,1.7
10,17,0.6872666698879198,0,1.7
10,17,0.7239206196647173,0,1.7
10,17,0.41415604526866556,0,1.7
10,17,0.6106865458030002,0,1.7
10,17,0.6250362733968031,0,1.7
10,17,0.8167444659288738,0,1.7
10,17,0.6541084482895884,0,1.7
10,17,0.5624420239737457,0,1.7
10,17,0.7193949291170675,0,1.7
10,17,0.6885225305477697,0,1.7
10,17,0.7073972386393316,0,1.7
10,17,0.559376589521905,0,1.7
10,17,0.6037621412903531,0,1.7
10,17,0.5473684826385176,0,1.7
10,17,0.7863101975920875,0,1.7
10,17,0.702355559275984,0,1.7
10,17,0.4981774161918916,0,1.7
10,17,0.7221378328193938,0,1.7
10,17,0.6914724554042553,0,1.7
10,17,0.6529599434940095,0,1.7
10,17,0.7786315522249667,0,1.7
10,17,0.784182449657613,0,1.7
10,17,0.4501115646305268,0,1.7
10,17,0.6330917513449595,0,1.7
10,17,0.6836324040107575,0,1.7
10,17,0.505619680304883,0,1.7
10,17,0.6679682814302106,0,1.7
10,17,0.7964065263333872,0,1.7
10,17,0.7581642187876863,0,1.7
10,17,0.7133913808221124,0,1.7
10,17,0.6109187079971441,0,1.7
10,17,0.4713654372468009,0,1.7
10,17,0.7474752055651325,0,1.7
10,17,0.6161883809169106,0,1.7
10,17,0.6119642735569222,0,1.7
10,17,0.8533488168659564,0,1.7
10,17,0.5623076045503248,0,1.7
10,17,0.6485460248501366,0,1.7
10,17,0.4418878116951475,0,1.7
10,17,0.6311193720998478,0,1.7
10,17,0.6134851320059974,0,1.7
10,17,0.7273651561151827,0,1.7
10,17,0.7587998784047989,0,1.7
10,17,0.6298056037323331,0,1.7
10,17,0.6756706768718435,0,1.7
10,17,0.4552439016814998,0,1.7
10,17,0.5321368303768761,0,1.7
10,17,0.7592678767168518,0,1.7
10,17,0.5108321887968688,0,1.7
10,17,0.5430101768669697,0,1.7
10,17,0.702446873492406,0,1.7
10,17,0.7489483012493653,0,1.7
10,17,0.70037550473152,0,1.7
10,17,0.6435803273850838,0,1.7
10,17,0.5861251172539407,0,1.7
10,17,0.561894911976917,0,1.7
10,18,0.5808015388239779,0,1.8
10,18,0.5573660249840741,0,1.8
10,18,0.5004885175765738,0,1.8
10,18,0.6462617630581068,0,1.8
10,18,0.6070106068637654,0,1.8
10,18,0.8609390657313559,0,1.8
10,18,0.8159985291840698,0,1.8
10,18,0.4776211239028724,0,1.8
10,18,0.6199573581631198,0,1.8
10,18,0.491190819360361,0,1.8
10,18,0.8594637714791511,0,1.8
10,18,0.6144257687873595,0,1.8
10,18,0.657318953420739,0,1.8
10,18,0.6856119277088745,0,1.8
10,18,0.5335611176442461,0,1.8
10,18,0.7027394766188079,0,1.8
10,18,0.7427269683984393,0,1.8
10,18,0.6009131302195402,0,1.8
10,18,0.6275115470431083,0,1.8
10,18,0.7915525469092659,0,1.8
10,18,0.8936167313357498,0,1.8
10,18,0.6691267178225787,0,1.8
10,18,0.8313443147895827,0,1.8
10,18,0.583226520499995,0,1.8
10,18,0.43041372258710414,0,1.8
10,18,0.652493141226241,0,1.8
10,18,0.7530031900692332,0,1.8
10,18,0.7734156416617396,0,1.8
10,18,0.5104596478615935,0,1.8
10,18,0.6875591846343061,0,1.8
10,18,0.7542176325614164,0,1.8
10,18,0.7303319306803547,0,1.8
10,18,0.5979415612056228,0,1.8
10,18,0.7521058528495083,0,1.8
10,18,0.8075935651111691,0,1.8
10,18,0.6571801924038245,0,1.8
10,18,0.629591021852568,0,1.8
10,18,0.7073374938769883,0,1.8
10,18,0.7139119811333836,0,1.8
10,18,0.5849435599923944,0,1.8
10,18,0.5770734915908413,0,1.8
10,18,0.558291165749153,0,1.8
10,18,0.8637493238762721,0,1.8
10,18,0.7278471908215953,0,1.8
10,18,0.7096656885341073,0,1.8
10,18,0.5981305966673712,0,1.8
10,18,0.6321584508974828,0,1.8
10,18,0.5271782457980039,0,1.8
10,18,0.6311763313837677,0,1.8
10,18,0.6861027383139051,0,1.8
10,18,0.5593738082562021,0,1.8
10,18,0.7394778228868274,0,1.8
10,18,0.5389750363095345,0,1.8
10,18,0.7628266504827435,0,1.8
10,18,0.5235619090491379,0,1.8
10,18,0.6194250013343963,0,1.8
10,18,0.6781856196682575,0,1.8
10,18,0.7091994068992566,0,1.8
10,18,0.6934188380724635,0,1.8
10,18,0.5270449720633956,0,1.8
10,18,0.5144845032519869,0,1.8
10,18,0.6250797483906761,0,1.8
10,18,0.5393157816321557,0,1.8
10,18,0.6608478529924812,0,1.8
10,18,0.5885948734379778,0,1.8
10,18,0.574727292842759,0,1.8
10,18,0.7517568823512802,0,1.8
10,18,0.7079363604744457,0,1.8
10,18,0.7893921067621783,0,1.8
10,18,0.3732953693182766,0,1.8
10,18,0.47071488714527565,0,1.8
10,18,0.5698472109634851,0,1.8
10,18,0.6581916115017786,0,1.8
10,18,0.6786782913073415,0,1.8
10,18,0.6428937657026296,0,1.8
10,18,0.744412141964241,0,1.8
10,18,0.5989794198271506,0,1.8
10,18,0.5629555331732448,0,1.8
10,18,0.4899565516801566,0,1.8
10,18,0.8108261017469423,0,1.8
10,18,0.7435584525505916,0,1.8
10,18,0.7520568686319268,0,1.8
10,18,0.6375902920189849,0,1.8
10,18,0.6028391401922365,0,1.8
10,18,0.5966565148816302,0,1.8
10,18,0.6714333807323826,0,1.8
10,18,0.559831361067053,0,1.8
10,18,0.7935194237238484,0,1.8
10,18,0.7744126084241788,0,1.8
10,18,0.6310913675198199,0,1.8
10,18,0.7203468008316268,0,1.8
10,18,0.7860323847995981,0,1.8
10,18,0.7439040054515379,0,1.8
10,18,0.7080508981148348,0,1.8
10,18,0.6819034961772471,0,1.8
10,18,0.60551811125338,0,1.8
10,18,0.684789468857792,0,1.8
10,18,0.7379413559524741,0,1.8
10,18,0.6158809681349617,0,1.8
10,18,0.6801187276646715,0,1.8
10,19,0.7712221509891716,0,1.9
10,19,0.6331324824634701,0,1.9
10,19,0.7320589746587489,0,1.9
10,19,0.7473396894498464,0,1.9
10,19,0.6923885557172058,0,1.9
10,19,0.6330445422796283,0,1.9
10,19,0.7658467268424866,0,1.9
10,19,0.5807427638473986,0,1.9
10,19,0.726876059763947,0,1.9
10,19,0.743622349211636,0,1.9
10,19,0.5793944647712489,0,1.9
10,19,0.6261466590529422,0,1.9
10,19,0.48522641682392337,0,1.9
10,19,0.7243670935762127,0,1.9
10,19,0.582497742132903,0,1.9
10,19,0.78525754430355,0,1.9
10,19,0.4577569661217541,0,1.9
10,19,0.6897445280074702,0,1.9
10,19,0.7872916617185493,0,1.9
10,19,0.7595199666813375,0,1.9
10,19,0.7388784489212724,0,1.9
10,19,0.628511923106146,0,1.9
10,19,0.792140085361134,0,1.9
10,19,0.7958524290529648,0,1.9
10,19,0.8135624249637589,0,1.9
10,19,0.5718439094870774,0,1.9
10,19,0.5692328061818166,0,1.9
10,19,0.7533606367052517,0,1.9
10,19,0.7613253629641881,0,1.9
10,19,0.7248298260196402,0,1.9
10,19,0.4510214320229467,0,1.9
10,19,0.5047935378711627,0,1.9
10,19,0.471131853267725,0,1.9
10,19,0.5529740003174222,0,1.9
10,19,0.6954363994003941,0,1.9
10,19,0.7893720580398044,0,1.9
10,19,0.6275006430821825,0,1.9
10,19,0.6866970051076534,0,1.9
10,19,0.36681909017423575,0,1.9
10,19,0.5499531110932604,0,1.9
10,19,0.5143969175895814,0,1.9
10,19,0.758021755267028,0,1.9
10,19,0.7076729384703,0,1.9
10,19,0.5862959565947982,0,1.9
10,19,0.7764983640237002,0,1.9
10,19,0.8557422878460529,0,1.9
10,19,0.7216950929164234,0,1.9
10,19,0.5537289242956301,0,1.9
10,19,0.4632491664927092,0,1.9
10,19,0.61619740948786,0,1.9
10,19,0.6227941999339007,0,1.9
10,19,0.6434631812454369,0,1.9
10,19,0.9399899890590978,0,1.9
10,19,0.5448493195465897,0,1.9
10,19,0.8726287162306331,0,1.9
10,19,0.6014381291413851,0,1.9
10,19,0.6758023087409466,0,1.9
10,19,0.6087765587732363,0,1.9
10,19,0.552991209116599,0,1.9
10,19,0.7110610767677491,0,1.9
10,19,0.5065845411662733,0,1.9
10,19,0.6119357383859558,0,1.9
10,19,0.4595468320530552,0,1.9
10,19,0.8242434349074677,0,1.9
10,19,0.7082934343221732,0,1.9
10,19,0.6919971677351785,0,1.9
10,19,0.6724968187518013,0,1.9
10,19,0.6369470080165832,0,1.9
10,19,0.8385608400377964,0,1.9
10,19,0.6985361234477575,0,1.9
10,19,0.6897235532356432,0,1.9
10,19,0.48501391202985367,0,1.9
10,19,0.8314869481590312,0,1.9
10,19,0.7512363069756003,0,1.9
10,19,0.8660911629262679,0,1.9
10,19,0.637592832605023,0,1.9
10,19,0.7295458769598078,0,1.9
10,19,0.5031988766812914,0,1.9
10,19,0.6962719980768015,0,1.9
10,19,0.42532504575512303,0,1.9
10,19,0.6245094980017611,0,1.9
10,19,0.7261695190811077,0,1.9
10,19,0.4998051230274488,0,1.9
10,19,0.8160363441151454,0,1.9
10,19,0.6116836489837838,0,1.9
10,19,0.6107635379292616,0,1.9
10,19,0.652055844779806,0,1.9
10,19,0.5627560497184783,0,1.9
10,19,0.7230547624164166,0,1.9
10,19,0.6652908319972861,0,1.9
10,19,0.7432880655205111,0,1.9
10,19,0.7884972828716669,0,1.9
10,19,0.7967823102348285,0,1.9
10,19,0.8989778884681776,0,1.9
10,19,0.6678182078673042,0,1.9
10,19,0.6321190862927479,0,1.9
10,19,0.6434713119449758,0,1.9
10,19,0.6263531649923415,0,1.9
10,19,0.7028715173793552,0,1.9
10,19,0.7422688652032796,0,1.9
10,20,0.5215630961115714,0,2.0
10,20,0.6731971406936718,0,2.0
10,20,0.6383614937837371,0,2.0
10,20,0.6614687861486044,0,2.0
10,20,0.5162887258190089,0,2.0
10,20,0.6468845870594998,0,2.0
10,20,0.45945173386785054,0,2.0
10,20,0.6152887143181983,0,2.0
10,20,0.5741829288169364,0,2.0
10,20,0.8830012834779793,0,2.0
10,20,0.46396608925981775,0,2.0
10,20,0.4114011596636812,0,2.0
10,20,0.5465931547899833,0,2.0
10,20,0.5456091458940816,0,2.0
10,20,0.5126914897557417,0,2.0
10,20,0.5882081545600855,0,2.0
10,20,0.6699229840601962,0,2.0
10,20,0.7408477558858564,0,2.0
10,20,0.7793804149471705,0,2.0
10,20,0.6437348686708736,0,2.0
10,20,0.6184066051164021,0,2.0
10,20,0.5255680053851748,0,2.0
10,20,0.7704742998401528,0,2.0
10,20,0.5014283081254303,0,2.0
10,20,0.5611562954919416,0,2.0
10,20,0.5586701013809673,0,2.0
10,20,0.5942116309515779,0,2.0
10,20,0.6144169210238933,0,2.0
10,20,0.6437826438828118,0,2.0
10,20,0.7944436401117997,0,2.0
10,20,0.5992158507584786,0,2.0
10,20,0.6757374145801337,0,2.0
10,20,0.6457635735288676,0,2.0
10,20,0.6842222404223929,0,2.0
10,20,0.5680923714819779,0,2.0
10,20,0.652515731449774,0,2.0
10,20,0.688152377569634,0,2.0
10,20,0.6412011295470674,0,2.0
10,20,0.8850113881665159,0,2.0
10,20,0.6082605186902914,0,2.0
10,20,0.8165193754958228,0,2.0
10,20,0.5348481302483943,0,2.0
10,20,0.7467540808430927,0,2.0
10,20,0.6829482312008471,0,2.0
10,20,0.7552514802923431,0,2.0
10,20,0.687826100392071,0,2.0
10,20,0.6622017165796767,0,2.0
10,20,0.6371192435177802,0,2.0
10,20,0.5644518548423535,0,2.0
10,20,0.35889317115879327,0,2.0
10,20,0.777676522133142,0,2.0
10,20,0.7378588286744273,0,2.0
10,20,0.6666951869264433,0,2.0
10,20,0.5386855180021382,0,2.0
10,20,0.6444566874514188,0,2.0
10,20,0.7877669779124871,0,2.0
10,20,0.6692928083811943,0,2.0
10,20,0.6026657443937541,0,2.0
10,20,0.68871574226604,0,2.0
10,20,0.6302964009491018,0,2.0
10,20,0.5092886889945737,0,2.0
10,20,0.6789686947642347,0,2.0
10,20,0.7814730065711148,0,2.0
10,20,0.7300584532070348,0,2.0
10,20,0.7296765742128518,0,2.0
10,20,0.6926977414913821,0,2.0
10,20,0.6150363410239387,0,2.0
10,20,0.6365204044510521,0,2.0
10,20,0.5873101918162449,0,2.0
10,20,0.6748412376176797,0,2.0
10,20,0.7249033810316413,0,2.0
10,20,0.6470986821832381,0,2.0
10,20,0.5471197550889778,0,2.0
10,20,0.5334140065047019,0,2.0
10,20,0.5158901361046048,0,2.0
10,20,0.5784177221521759,0,2.0
10,20,0.5472959055706328,0,2.0
10,20,0.5586068212631632,0,2.0
10,20,0.5477812998774358,0,2.0
10,20,0.5724578537672521,0,2.0
10,20,0.6104628841050143,0,2.0
10,20,0.5564848965926057,0,2.0
10,20,0.7967913320066266,0,2.0
10,20,0.6882573019136549,0,2.0
10,20,0.47959929773034565,0,2.0
10,20,0.4837815049551943,0,2.0
10,20,0.6710762535340342,0,2.0
10,20,0.56960268678711,0,2.0
10,20,0.5486577982207328,0,2.0
10,20,0.5425946029110432,0,2.0
10,20,0.5307677130978787,0,2.0
10,20,0.7028264379076155,0,2.0
10,20,0.7710014268470775,0,2.0
10,20,0.6779169207135752,0,2.0
10,20,0.6169787171373797,0,2.0
10,20,0.699938405364245,0,2.0
10,20,0.5355265766001874,0,2.0
10,20,0.6096106970375381,0,2.0
10,20,0.6634375720139627,0,2.0
10,20,0.7840053903818119,0,2.0
10,21,0.6676874853975036,0,2.1
10,21,0.6263476126648472,0,2.1
10,21,0.5991068472919163,0,2.1
10,21,0.7058278124288989,0,2.1
10,21,0.4086667006845863,0,2.1
10,21,0.5925228828063338,0,2.1
10,21,0.535746932840725,0,2.1
10,21,0.6903404547020972,0,2.1
10,21,0.5271351577315789,0,2.1
10,21,0.6943760232640699,0,2.1
10,21,0.4849294946578498,0,2.1
10,21,0.454685879368385,0,2.1
10,21,0.7328373332987884,0,2.1
10,21,0.5919055759311018,0,2.1
10,21,0.5826472794706955,0,2.1
10,21,0.5166840923841804,0,2.1
10,21,0.6217891855669008,0,2.1
10,21,0.604068923450319,0,2.1
10,21,0.7005085803904048,0,2.1
10,21,0.5051459655886472,0,2.1
10,21,0.5467791103186103,0,2.1
10,21,0.6803108861643413,0,2.1
10,21,0.4342821984353747,0,2.1
10,21,0.5975562652742009,0,2.1
10,21,0.640312372283228,0,2.1
10,21,0.5851980688261303,0,2.1
10,21,0.7077484267613273,0,2.1
10,21,0.7523469069163925,0,2.1
10,21,0.5799018591017104,0,2.1
10,21,0.5650250778860009,0,2.1
10,21,0.5557792552095356,0,2.1
10,21,0.870210867711843,0,2.1
10,21,0.49100240371336945,0,2.1
10,21,0.7079474639869102,0,2.1
10,21,0.5367217770995859,0,2.1
10,21,0.6405271040274084,0,2.1
10,21,0.7553065524568299,0,2.1
10,21,0.7878684884604219,0,2.1
10,21,0.6074639720199427,0,2.1
10,21,0.7087278354466886,0,2.1
10,21,0.6777071809958255,0,2.1
10,21,0.7603702256754348,0,2.1
10,21,0.48520439180636593,0,2.1
10,21,0.6228502980979778,0,2.1
10,21,0.6667459953379812,0,2.1
10,21,0.6620555512744141,0,2.1
10,21,0.7168580036796027,0,2.1
10,21,0.6775330170871936,0,2.1
10,21,0.46983399749608096,0,2.1
10,21,0.6158072830249469,0,2.1
10,21,0.5907524723124987,0,2.1
10,21,0.7154468948756609,0,2.1
10,21,0.6924385445204556,0,2.1
10,21,0.626766616553225,0,2.1
10,21,0.7013249374201745,0,2.1
10,21,0.6587634944067849,0,2.1
10,21,0.611652721740044,0,2.1
10,21,0.5697251591667835,0,2.1
10,21,0.6673631468626956,0,2.1
10,21,0.7000973442776081,0,2.1
10,21,0.6742882680730072,0,2.1
10,21,0.6099928537154635,0,2.1
10,21,0.6591524833181198,0,2.1
10,21,0.523364134182999,0,2.1
10,21,0.6660660054666672,0,2.1
10,21,0.3992792327404797,0,2.1
10,21,0.5000054504002469,0,2.1
10,21,0.6110160876566266,0,2.1
10,21,0.6115299068738378,0,2.1
10,21,0.645419248165495,0,2.1
10,21,0.452396321509794,0,2.1
10,21,0.5674238559739293,0,2.1
10,21,0.565979452247495,0,2.1
10,21,0.6649270299033558,0,2.1
10,21,0.6090652362429868,0,2.1
10,21,0.8667882900460507,0,2.1
10,21,0.7229227048662149,0,2.1
10,21,0.668327123952183,0,2.1
10,21,0.5358961212066435,0,2.1
10,21,0.7856826332149937,0,2.1
10,21,0.5778455251328287,0,2.1
10,21,0.701360608530808,0,2.1
10,21,0.5679349594510892,0,2.1
10,21,0.711473855540714,0,2.1
10,21,0.8093992840480383,0,2.1
10,21,0.6065572487823678,0,2.1
10,21,0.6298804250000856,0,2.1
10,21,0.7500612558191696,0,2.1
10,21,0.648438233803306,0,2.1
10,21,0.5693230969278844,0,2.1
10,21,0.7589655964804297,0,2.1
10,21,0.6893788487494438,0,2.1
10,21,0.5074888788665995,0,2.1
10,21,0.7274211164016248,0,2.1
10,21,0.7153706162838166,0,2.1
10,21,0.6868696636703926,0,2.1
10,21,0.5265998340428997,0,2.1
10,21,0.8542451494354458,0,2.1
10,21,0.5658471147281439,0,2.1
10,21,0.6622389585033401,0,2.1
10,22,0.6836664219035996,0,2.2
10,22,0.7530577195712043,0,2.2
10,22,0.3832273027570667,0,2.2
10,22,0.4256201645263562,0,2.2
10,22,0.38587292498256426,0,2.2
10,22,0.44308965248852616,0,2.2
10,22,0.4519350096720704,0,2.2
10,22,0.6293677682843188,0,2.2
10,22,0.4863530006116126,0,2.2
10,22,0.5072563808978293,0,2.2
10,22,0.6746246041814336,0,2.2
10,22,0.5496003852124753,0,2.2
10,22,0.533343595893612,0,2.2
10,22,0.6703720282497523,0,2.2
10,22,0.6627841748985449,0,2.2
10,22,0.5072555088436365,0,2.2
10,22,0.5359758507818437,0,2.2
10,22,0.7041771857043235,0,2.2
10,22,0.6702855794759067,0,2.2
10,22,0.5489981741310892,0,2.2
10,22,0.8621758841002836,0,2.2
10,22,0.6700639994934665,0,2.2
10,22,0.4025693917742869,0,2.2
10,22,0.4580556031229199,0,2.2
10,22,0.5139344126049232,0,2.2
10,22,0.6741669665091864,0,2.2
10,22,0.6218333763645516,0,2.2
10,22,0.4670263327096008,0,2.2
10,22,0.47023724418548213,0,2.2
10,22,0.6255297858493388,0,2.2
10,22,0.5645941141639833,0,2.2
10,22,0.6543382038420975,0,2.2
10,22,0.636779554846992,0,2.2
10,22,0.5906358288524698,0,2.2
10,22,0.6066001100982287,0,2.2
10,22,0.681191668922296,0,2.2
10,22,0.725563280732855,0,2.2
10,22,0.6732101511801262,0,2.2
10,22,0.7176560504021549,0,2.2
10,22,0.5513962139914574,0,2.2
10,22,0.6216302055034062,0,2.2
10,22,0.5735421031144976,0,2.2
10,22,0.7176444603568911,0,2.2
10,22,0.699168082071274,0,2.2
10,22,0.6187906890620234,0,2.2
10,22,0.49369427643605795,0,2.2
10,22,0.6250739077380953,0,2.2
10,22,0.5248000485699924,0,2.2
10,22,0.57928529262696,0,2.2
10,22,0.6981205188199627,0,2.2
10,22,0.5394755607356246,0,2.2
10,22,0.4628116631156915,0,2.2
10,22,0.6098364882998834,0,2.2
10,22,0.6858364377062838,0,2.2
10,22,0.5314903211139468,0,2.2
10,22,0.6712045806094912,0,2.2
10,22,0.5821999464499791,0,2.2
10,22,0.5934160317682614,0,2.2
10,22,0.5176667664037945,0,2.2
10,22,0.5867819263770236,0,2.2
10,22,0.5102600492154845,0,2.2
10,22,0.6957786401081786,0,2.2
10,22,0.752134127465246,0,2.2
10,22,0.5733642538400181,0,2.2
10,22,0.5357512544516136,0,2.2
10,22,0.7271414656077727,0,2.2
10,22,0.6818491237697124,0,2.2
10,22,0.5716718646189303,0,2.2
10,22,0.37019389774333905,0,2.2
10,22,0.8631860730132259,0,2.2
10,22,0.5561199953580289,0,2.2
10,22,0.6119718892376085,0,2.2
10,22,0.6201681949869864,0,2.2
10,22,0.5754175279129854,0,2.2
10,22,0.6890530921298007,0,2.2
10,22,0.6714767806899388,0,2.2
10,22,0.5387268046406619,0,2.2
10,22,0.4584346967134333,0,2.2
10,22,0.6740082542746239,0,2.2
10,22,0.47435918298376817,0,2.2
10,22,0.6835269949238666,0,2.2
10,22,0.6525333751280497,0,2.2
10,22,0.6748480672697811,0,2.2
10,22,0.4656525283053459,0,2.2
10,22,0.5387549591538827,0,2.2
10,22,0.42131904625121325,0,2.2
10,22,0.5504796964700678,0,2.2
10,22,0.5905323988761861,0,2.2
10,22,0.60072966157248,0,2.2
10,22,0.5331916575444904,0,2.2
10,22,0.6786303641470186,0,2.2
10,22,0.6102250008873475,0,2.2
10,22,0.5789341985005464,0,2.2
10,22,0.475860620084494,0,2.2
10,22,0.436254781110827,0,2.2
10,22,0.5623013138248912,0,2.2
10,22,0.5043172998911764,0,2.2
10,22,0.8120502301054875,0,2.2
10,22,0.6482755656434004,0,2.2
10,22,0.7199532765943997,0,2.2
10,23,0.5178898663033001,0,2.3
10,23,0.6632781896528125,0,2.3
10,23,0.5838965242461985,0,2.3
10,23,0.6934000660773258,0,2.3
10,23,0.4938530417181172,0,2.3
10,23,0.49039699465198777,0,2.3
10,23,0.4873488399331281,0,2.3
10,23,0.5499023034852963,0,2.3
10,23,0.6201885746920103,0,2.3
10,23,0.5193011434036993,0,2.3
10,23,0.5829872026658284,0,2.3
10,23,0.5854258124377323,0,2.3
10,23,0.5223993025909295,0,2.3
10,23,0.6098073462987389,0,2.3
10,23,0.6209321173606654,0,2.3
10,23,0.6237992598113223,0,2.3
10,23,0.4234064528098731,0,2.3
10,23,0.45250069991421155,0,2.3
10,23,0.6447290824548899,0,2.3
10,23,0.4171239363722564,0,2.3
10,23,0.5597048260492461,0,2.3
10,23,0.5629548776667745,0,2.3
10,23,0.5813405804111832,0,2.3
10,23,0.6925519104675452,0,2.3
10,23,0.4954395954060621,0,2.3
10,23,0.6228324879928404,0,2.3
10,23,0.5941475196197157,0,2.3
10,23,0.6101638239730428,0,2.3
10,23,0.45843571570778835,0,2.3
10,23,0.6181886966768894,0,2.3
10,23,0.48778065790086056,0,2.3
10,23,0.6803141829849662,0,2.3
10,23,0.539239703421011,0,2.3
10,23,0.6748244171569115,0,2.3
10,23,0.5175526267978332,0,2.3
10,23,0.8239417565985091,0,2.3
10,23,0.5014064690203341,0,2.3
10,23,0.4440484695964755,0,2.3
10,23,0.6344820423405207,0,2.3
10,23,0.7006504631603327,0,2.3
10,23,0.46959766845869805,0,2.3
10,23,0.6831089957785444,0,2.3
10,23,0.6848011857663103,0,2.3
10,23,0.5102849937539584,0,2.3
10,23,0.5956277748376685,0,2.3
10,23,0.5723338632930216,0,2.3
10,23,0.6503578768533436,0,2.3
10,23,0.6628249434795133,0,2.3
10,23,0.6632642134907681,0,2.3
10,23,0.5301293535803374,0,2.3
10,23,0.6959212501647156,0,2.3
10,23,0.6390224364811086,0,2.3
10,23,0.614663887135855,0,2.3
10,23,0.5102904807488688,0,2.3
10,23,0.43075143945014593,0,2.3
10,23,0.5465104294307521,0,2.3
10,23,0.6207912218228145,0,2.3
10,23,0.5017816311749624,0,2.3
10,23,0.6245641387067907,0,2.3
10,23,0.3826735350058637,0,2.3
10,23,0.8477046148826965,0,2.3
10,23,0.6217071388161384,0,2.3
10,23,0.5623124258050236,0,2.3
10,23,0.46778036361351316,0,2.3
10,23,0.5007424581272975,0,2.3
10,23,0.5614613960345126,0,2.3
10,23,0.5127353844780883,0,2.3
10,23,0.5956824548574609,0,2.3
10,23,0.36811409688763863,0,2.3
10,23,0.7233742115766092,0,2.3
10,23,0.6278035094538063,0,2.3
10,23,0.5745394717261499,0,2.3
10,23,0.674954494546173,0,2.3
10,23,0.585311516794955,0,2.3
10,23,0.6776696657144191,0,2.3
10,23,0.5235557125395913,0,2.3
10,23,0.6472176227906318,0,2.3
10,23,0.571108020051908,0,2.3
10,23,0.6565784754894075,0,2.3
10,23,0.7377707752296282,0,2.3
10,23,0.54857410715743,0,2.3
10,23,0.6616763525293223,0,2.3
10,23,0.5753401366833024,0,2.3
10,23,0.6655213645963994,0,2.3
10,23,0.5941460863990561,0,2.3
10,23,0.5956871652275842,0,2.3
10,23,0.7101518847838942,0,2.3
10,23,0.5944798426891863,0,2.3
10,23,0.5494520671905421,0,2.3
10,23,0.6009309084952849,0,2.3
10,23,0.6140291295920367,0,2.3
10,23,0.5804618200613114,0,2.3
10,23,0.5968311289120557,0,2.3
10,23,0.5603645749705803,0,2.3
10,23,0.38253418210922363,0,2.3
10,23,0.4845447698171913,0,2.3
10,23,0.6524841308343671,0,2.3
10,23,0.7044551660616427,0,2.3
10,23,0.46858899176026714,0,2.3
10,23,0.7668250379624564,0,2.3
10,24,0.5121508758579046,0,2.4
10,24,0.6526534820577966,0,2.4
10,24,0.577595985669841,0,2.4
10,24,0.7613190433808833,0,2.4
10,24,0.5591862768259945,0,2.4
10,24,0.43936807191993243,0,2.4
10,24,0.5946046143063545,0,2.4
10,24,0.5632488930669853,0,2.4
10,24,0.6605587711412443,0,2.4
10,24,0.541597414238322,0,2.4
10,24,0.5992302228418729,0,2.4
10,24,0.6874409323670954,0,2.4
10,24,0.5906395799206701,0,2.4
10,24,0.5887646660594876,0,2.4
10,24,0.7612555645847097,0,2.4
10,24,0.5901936454187493,0,2.4
10,24,0.7095592809059463,0,2.4
10,24,0.6495841190317979,0,2.4
10,24,0.7143841231931587,0,2.4
10,24,0.5699021653058737,0,2.4
10,24,0.6297639511518308,0,2.4
10,24,0.7550378325069189,0,2.4
10,24,0.7043749294146199,0,2.4
10,24,0.5283361206925027,0,2.4
10,24,0.7247160554893876,0,2.4
10,24,0.5935150828158546,0,2.4
10,24,0.6571633816062723,0,2.4
10,24,0.605810962256117,0,2.4
10,24,0.7352642117008987,0,2.4
10,24,0.5544245846936764,0,2.4
10,24,0.7094877883120496,0,2.4
10,24,0.5388304409161159,0,2.4
10,24,0.6296449274719831,0,2.4
10,24,0.5311377842900957,0,2.4
10,24,0.6480000409945622,0,2.4
10,24,0.5395764543859369,0,2.4
10,24,0.49065193076848257,0,2.4
10,24,0.38580817443789284,0,2.4
10,24,0.641411236608184,0,2.4
10,24,0.6464695290162538,0,2.4
10,24,0.5422441517114972,0,2.4
10,24,0.4610233706041198,0,2.4
10,24,0.6647518007575139,0,2.4
10,24,0.38042123124894905,0,2.4
10,24,0.501119117571693,0,2.4
10,24,0.6775559298195938,0,2.4
10,24,0.7755557163847152,0,2.4
10,24,0.6090504380457177,0,2.4
10,24,0.6468256705987061,0,2.4
10,24,0.7385597653674589,0,2.4
10,24,0.42306879115737756,0,2.4
10,24,0.6697266385697039,0,2.4
10,24,0.7309936322695143,0,2.4
10,24,0.5756045708907871,0,2.4
10,24,0.6850224674842932,0,2.4
10,24,0.5951975467331093,0,2.4
10,24,0.5621862100559082,0,2.4
10,24,0.6538807196273702,0,2.4
10,24,0.5178986017638284,0,2.4
10,24,0.5109059942014963,0,2.4
10,24,0.6216230124874342,0,2.4
10,24,0.6781270825134709,0,2.4
10,24,0.49943538762041817,0,2.4
10,24,0.601058073337788,0,2.4
10,24,0.5415268516459951,0,2.4
10,24,0.5837342904078492,0,2.4
10,24,0.5243331034572749,0,2.4
10,24,0.5621506771851925,0,2.4
10,24,0.6620644143567087,0,2.4
10,24,0.6611914066345712,0,2.4
10,24,0.6035345695558831,0,2.4
10,24,0.6482307978907135,0,2.4
10,24,0.6301696263435453,0,2.4
10,24,0.6466880368138276,0,2.4
10,24,0.5467080507385964,0,2.4
10,24,0.6161152290872423,0,2.4
10,24,0.5803976815935348,0,2.4
10,24,0.5047292392140659,0,2.4
10,24,0.6286440579552244,0,2.4
10,24,0.5936520246641009,0,2.4
10,24,0.5437140753489305,0,2.4
10,24,0.5942583559241313,0,2.4
10,24,0.5042801754153353,0,2.4
10,24,0.6179366260979827,0,2.4
10,24,0.5372869026980841,0,2.4
10,24,0.4745649958597121,0,2.4
10,24,0.3959861183191098,0,2.4
10,24,0.5746979408934876,0,2.4
10,24,0.5971882369757043,0,2.4
10,24,0.7515935628931465,0,2.4
10,24,0.5569180495025738,0,2.4
10,24,0.6820613728136272,0,2.4
10,24,0.5858527515714473,0,2.4
10,24,0.4783837726744432,0,2.4
10,24,0.7026575797523853,0,2.4
10,24,0.5714998933920387,0,2.4
10,24,0.7934949540796264,0,2.4
10,24,0.5592480863965547,0,2.4
10,24,0.5025129091332529,0,2.4
10,24,0.8497055750441439,0,2.4
10,25,0.7179169964378416,0,2.5
10,25,0.5263084925638615,0,2.5
10,25,0.45594540772017905,0,2.5
10,25,0.6061814434276235,0,2.5
10,25,0.7021304918005604,0,2.5
10,25,0.7766056566675943,0,2.5
10,25,0.6299603039890111,0,2.5
10,25,0.5798975336721106,0,2.5
10,25,0.5512204467227362,0,2.5
10,25,0.7642813658190067,0,2.5
10,25,0.6120225974616696,0,2.5
10,25,0.5971490035777102,0,2.5
10,25,0.5273455171514322,0,2.5
10,25,0.51776821927118,0,2.5
10,25,0.6555629277064653,0,2.5
10,25,0.6436740845015032,0,2.5
10,25,0.5499272744406196,0,2.5
10,25,0.5726670081057743,0,2.5
10,25,0.7566120916120165,0,2.5
10,25,0.6430289891072742,0,2.5
10,25,0.5796370861595165,0,2.5
10,25,0.49653836273268454,0,2.5
10,25,0.525110907201867,0,2.5
10,25,0.6023757056021153,0,2.5
10,25,0.7775777196430695,0,2.5
10,25,0.5907931160093165,0,2.5
10,25,0.5898441096832218,0,2.5
10,25,0.6382737406550683,0,2.5
10,25,0.5223702376699191,0,2.5
10,25,0.581850431893817,0,2.5
10,25,0.5942714036626104,0,2.5
10,25,0.7190681860618221,0,2.5
10,25,0.6208700844562978,0,2.5
10,25,0.4131043294993268,0,2.5
10,25,0.5023163916623854,0,2.5
10,25,0.6249457117993912,0,2.5
10,25,0.5409957522232443,0,2.5
10,25,0.684136775700866,0,2.5
10,25,0.42030531429365986,0,2.5
10,25,0.5582071890746815,0,2.5
10,25,0.5946067904244017,0,2.5
10,25,0.6233739907657762,0,2.5
10,25,0.4206335424042511,0,2.5
10,25,0.64104221813344,0,2.5
10,25,0.5516251133016613,0,2.5
10,25,0.7377306549864283,0,2.5
10,25,0.6296156584806343,0,2.5
10,25,0.6212820179017488,0,2.5
10,25,0.5773558203684691,0,2.5
10,25,0.5983728157255163,0,2.5
10,25,0.716228855105466,0,2.5
10,25,0.7455073770486604,0,2.5
10,25,0.5322041686492818,0,2.5
10,25,0.4906950071755049,0,2.5
10,25,0.615259689278893,0,2.5
10,25,0.6117425318692971,0,2.5
10,25,0.4827025111661173,0,2.5
10,25,0.5314371131363042,0,2.5
10,25,0.44008062967680345,0,2.5
10,25,0.5245665402880604,0,2.5
10,25,0.6385698320991033,0,2.5
10,25,0.48183790960429446,0,2.5
10,25,0.5142618392480999,0,2.5
10,25,0.5216257275805073,0,2.5
10,25,0.5792902565580917,0,2.5
10,25,0.682304527284342,0,2.5
10,25,0.48167512473744645,0,2.5
10,25,0.6889366028074412,0,2.5
10,25,0.48835616056535897,0,2.5
10,25,0.6752687680156687,0,2.5
10,25,0.6807028431853865,0,2.5
10,25,0.5135877775511515,0,2.5
10,25,0.6046173445566946,0,2.5
10,25,0.46453476000519767,0,2.5
10,25,0.5320153383474565,0,2.5
10,25,0.6643413262975276,0,2.5
10,25,0.6434441741127913,0,2.5
10,25,0.6409690980509504,0,2.5
10,25,0.5180638313715007,0,2.5
10,25,0.5052218910710008,0,2.5
10,25,0.47795925823964813,0,2.5
10,25,0.5535748109833195,0,2.5
10,25,0.6146086575277109,0,2.5
10,25,0.5189811417419299,0,2.5
10,25,0.6191110616385346,0,2.5
10,25,0.6385669393558986,0,2.5
10,25,0.6597391069473695,0,2.5
10,25,0.5767701197508459,0,2.5
10,25,0.7048607596595953,0,2.5
10,25,0.6174368576401034,0,2.5
10,25,0.8032266121656594,0,2.5
10,25,0.5392280833779567,0,2.5
10,25,0.7984081704267141,0,2.5
10,25,0.5853917533551548,0,2.5
10,25,0.671442801762724,0,2.5
10,25,0.499667958044897,0,2.5
10,25,0.7718228563028006,0,2.5
10,25,0.5555564530735462,0,2.5
10,25,0.6806686614389663,0,2.5
10,25,0.4485287820506425,0,2.5
10,26,0.6087225238180821,0,2.6
10,26,0.4521548498216834,0,2.6
10,26,0.505321846922641,0,2.6
10,26,0.5554477860412242,0,2.6
10,26,0.7358354301599014,0,2.6
10,26,0.51458516151782,0,2.6
10,26,0.5058498303878869,0,2.6
10,26,0.435379164041578,0,2.6
10,26,0.7628673930400858,0,2.6
10,26,0.6876904918933887,0,2.6
10,26,0.6743150141031558,0,2.6
10,26,0.42354643131337993,0,2.6
10,26,0.4074364605540677,0,2.6
10,26,0.6091754433130077,0,2.6
10,26,0.4480195309509209,0,2.6
10,26,0.6049959855401842,0,2.6
10,26,0.6819453811957693,0,2.6
10,26,0.5037142680953265,0,2.6
10,26,0.5492823289295072,0,2.6
10,26,0.7011380817003804,0,2.6
10,26,0.6046048882129664,0,2.6
10,26,0.5070403750034783,0,2.6
10,26,0.6474933771411143,0,2.6
10,26,0.6083468848465989,0,2.6
10,26,0.5545049511209498,0,2.6
10,26,0.4933959283101247,0,2.6
10,26,0.4383430787867769,0,2.6
10,26,0.5949149706860571,0,2.6
10,26,0.5935473755607853,0,2.6
10,26,0.6055257164004118,0,2.6
10,26,0.6422790969894827,0,2.6
10,26,0.600800954696183,0,2.6
10,26,0.7267128324202407,0,2.6
10,26,0.5713569592640771,0,2.6
10,26,0.9233379669622356,0,2.6
10,26,0.5999235644846328,0,2.6
10,26,0.7689577561536212,0,2.6
10,26,0.4548424165428516,0,2.6
10,26,0.5877143181664203,0,2.6
10,26,0.514195268782067,0,2.6
10,26,0.41737619268164206,0,2.6
10,26,0.6613181607535916,0,2.6
10,26,0.6496759409770979,0,2.6
10,26,0.7685000176496226,0,2.6
10,26,0.6796130848137657,0,2.6
10,26,0.5060278635303354,0,2.6
10,26,0.49393354984450066,0,2.6
10,26,0.6784125519177607,0,2.6
10,26,0.56735915126361,0,2.6
10,26,0.6611875278689058,0,2.6
10,26,0.6291939924455079,0,2.6
10,26,0.6447171294242457,0,2.6
10,26,0.40680654739451083,0,2.6
10,26,0.655288641538621,0,2.6
10,26,0.8345662229466968,0,2.6
10,26,0.5909572416803535,0,2.6
10,26,0.6657152826182394,0,2.6
10,26,0.6401973583065209,0,2.6
10,26,0.4189779190234801,0,2.6
10,26,0.6719467100470677,0,2.6
10,26,0.7193934812475083,0,2.6
10,26,0.5081697954296259,0,2.6
10,26,0.6216856115368588,0,2.6
10,26,0.6349991076677829,0,2.6
10,26,0.627692347931945,0,2.6
10,26,0.6585035298121805,0,2.6
10,26,0.7270479384403719,0,2.6
10,26,0.4933597202619479,0,2.6
10,26,0.4638417831832781,0,2.6
10,26,0.5947849931757485,0,2.6
10,26,0.641511021044272,0,2.6
10,26,0.6756308458950798,0,2.6
10,26,0.7440143202016378,0,2.6
10,26,0.5366940218716922,0,2.6
10,26,0.4410621157006967,0,2.6
10,26,0.5899186301288669,0,2.6
10,26,0.619599634309349,0,2.6
10,26,0.5049533031107987,0,2.6
10,26,0.7548045465312568,0,2.6
10,26,0.6047035558769983,0,2.6
10,26,0.4407871726197946,0,2.6
10,26,0.5349665694696756,0,2.6
10,26,0.6535012747067338,0,2.6
10,26,0.324050870931903,0,2.6
10,26,0.7305416454786592,0,2.6
10,26,0.6563076175117772,0,2.6
10,26,0.6851359446877746,0,2.6
10,26,0.6345655140812363,0,2.6
10,26,0.6004179365999027,0,2.6
10,26,0.6336997490044014,0,2.6
10,26,0.6192715503941649,0,2.6
10,26,0.5219170732494149,0,2.6
10,26,0.6988005715433148,0,2.6
10,26,0.6904012204323972,0,2.6
10,26,0.4804698286900536,0,2.6
10,26,0.5923941935668872,0,2.6
10,26,0.5936933278638563,0,2.6
10,26,0.7250325603534766,0,2.6
10,26,0.6844741733420803,0,2.6
10,26,0.5796942672092235,0,2.6
10,27,0.5145431039412159,0,2.7
10,27,0.6994189339291433,0,2.7
10,27,0.7681652167343701,0,2.7
10,27,0.5292504767467314,0,2.7
10,27,0.6998782054097868,0,2.7
10,27,0.7016386472166235,0,2.7
10,27,0.35215404539679707,0,2.7
10,27,0.7714756381494166,0,2.7
10,27,0.5690189400861871,0,2.7
10,27,0.43040514391104273,0,2.7
10,27,0.6964133880053972,0,2.7
10,27,0.6638090635028212,0,2.7
10,27,0.5583700223010114,0,2.7
10,27,0.5246590275189645,0,2.7
10,27,0.5633440256789918,0,2.7
10,27,0.4556263295461338,0,2.7
10,27,0.6715873458821873,0,2.7
10,27,0.5356977235122713,0,2.7
10,27,0.55902403594606,0,2.7
10,27,0.734172934411545,0,2.7
10,27,0.6978548139342697,0,2.7
10,27,0.5958585550805912,0,2.7
10,27,0.7582612440459019,0,2.7
10,27,0.6694454902968213,0,2.7
10,27,0.4761337504316205,0,2.7
10,27,0.41711167969417645,0,2.7
10,27,0.6966425097282017,0,2.7
10,27,0.757538877988484,0,2.7
10,27,0.583815369895059,0,2.7
10,27,0.5499819219218237,0,2.7
10,27,0.5082743340616719,0,2.7
10,27,0.6134571370034203,0,2.7
10,27,0.47342199641332167,0,2.7
10,27,0.6714555567981157,0,2.7
10,27,0.5005600823304874,0,2.7
10,27,0.56939843580178,0,2.7
10,27,0.5464974754022952,0,2.7
10,27,0.5095594556024743,0,2.7
10,27,0.5425887651471896,0,2.7
10,27,0.5635142994900687,0,2.7
10,27,0.8294615182010971,0,2.7
10,27,0.666709730227334,0,2.7
10,27,0.7295103417525959,0,2.7
10,27,0.5508632328117927,0,2.7
10,27,0.5545948790439679,0,2.7
10,27,0.7405013886584416,0,2.7
10,27,0.716921129901071,0,2.7
10,27,0.5265995017619818,0,2.7
10,27,0.5629799693425515,0,2.7
10,27,0.6712004139273035,0,2.7
10,27,0.5367017485605566,0,2.7
10,27,0.6659046827029819,0,2.7
10,27,0.45953387843948656,0,2.7
10,27,0.6290210550414681,0,2.7
10,27,0.5834005152534434,0,2.7
10,27,0.5638612600361664,0,2.7
10,27,0.6292368414709183,0,2.7
10,27,0.6215158611020775,0,2.7
10,27,0.6101064313823553,0,2.7
10,27,0.543722553488525,0,2.7
10,27,0.5580647950303691,0,2.7
10,27,0.6131434823987523,0,2.7
10,27,0.6756429815476876,0,2.7
10,27,0.5161608163773567,0,2.7
10,27,0.5199767532544926,0,2.7
10,27,0.6493750574017105,0,2.7
10,27,0.4580300240273384,0,2.7
10,27,0.6843859902775059,0,2.7
10,27,0.5621347647138885,0,2.7
10,27,0.7406506764545523,0,2.7
10,27,0.6150469862346197,0,2.7
10,27,0.6788825169516971,0,2.7
10,27,0.6313736153571414,0,2.7
10,27,0.5354525316762412,0,2.7
10,27,0.4592183953863,0,2.7
10,27,0.4505255897125745,0,2.7
10,27,0.5420767789663702,0,2.7
10,27,0.6506445222027303,0,2.7
10,27,0.6561421020044728,0,2.7
10,27,0.7351651559606209,0,2.7
10,27,0.7264488082559287,0,2.7
10,27,0.5757517174468052,0,2.7
10,27,0.7222363765101879,0,2.7
10,27,0.6204421068997138,0,2.7
10,27,0.6614977336099119,0,2.7
10,27,0.523058069515068,0,2.7
10,27,0.619841974656224,0,2.7
10,27,0.6118549218442131,0,2.7
10,27,0.4101524785579883,0,2.7
10,27,0.474486096634569,0,2.7
10,27,0.5614080250766716,0,2.7
10,27,0.579267770730699,0,2.7
10,27,0.5899566394010182,0,2.7
10,27,0.5630464071850629,0,2.7
10,27,0.6826458529763446,0,2.7
10,27,0.6319084372628937,0,2.7
10,27,0.7233843679815802,0,2.7
10,27,0.5214922693908722,0,2.7
10,27,0.5808739793393259,0,2.7
10,27,0.5674095525303925,0,2.7
10,28,0.4603795258222094,0,2.8
10,28,0.72102376508423,0,2.8
10,28,0.4375177020247398,0,2.8
10,28,0.7519752249344149,0,2.8
10,28,0.5838740589583423,0,2.8
10,28,0.6315415827132663,0,2.8
10,28,0.4993027314807837,0,2.8
10,28,0.7367295295468774,0,2.8
10,28,0.6081790264430669,0,2.8
10,28,0.5206933317768622,0,2.8
10,28,0.6861527053374933,0,2.8
10,28,0.7807863327330096,0,2.8
10,28,0.6570377866202055,0,2.8
10,28,0.4007774047455544,0,2.8
10,28,0.7446258029737237,0,2.8
10,28,0.6034995026930065,0,2.8
10,28,0.6678297735576714,0,2.8
10,28,0.5145975250368954,0,2.8
10,28,0.672847351497511,0,2.8
10,28,0.6368976733652143,0,2.8
10,28,0.45164490637797305,0,2.8
10,28,0.6407035457942446,0,2.8
10,28,0.6246470340072277,0,2.8
10,28,0.5960870107426077,0,2.8
10,28,0.5769149150866615,0,2.8
10,28,0.40248466969594887,0,2.8
10,28,0.7572013289099089,0,2.8
10,28,0.6523281421084618,0,2.8
10,28,0.6168074829211663,0,2.8
10,28,0.5963229065925727,0,2.8
10,28,0.4905223690915919,0,2.8
10,28,0.7185394694392147,0,2.8
10,28,0.627333775789487,0,2.8
10,28,0.7268175037363815,0,2.8
10,28,0.7469334430616054,0,2.8
10,28,0.479147061993945,0,2.8
10,28,0.39385540191998847,0,2.8
10,28,0.6174906036022167,0,2.8
10,28,0.7592773130339744,0,2.8
10,28,0.5207841024846499,0,2.8
10,28,0.5953860496082553,0,2.8
10,28,0.5848238462794512,0,2.8
10,28,0.40860066983261095,0,2.8
10,28,0.6499277039156438,0,2.8
10,28,0.36815648937380163,0,2.8
10,28,0.5804260511196683,0,2.8
10,28,0.7187792131142137,0,2.8
10,28,0.5737606542909081,0,2.8
10,28,0.4728029301751592,0,2.8
10,28,0.539768704097667,0,2.8
10,28,0.6291544143724281,0,2.8
10,28,0.5903893131733643,0,2.8
10,28,0.6153489660360407,0,2.8
10,28,0.5587188625262368,0,2.8
10,28,0.3610813534021273,0,2.8
10,28,0.6299986777517247,0,2.8
10,28,0.6588240679251238,0,2.8
10,28,0.6359199313562961,0,2.8
10,28,0.5023827748498813,0,2.8
10,28,0.4666837277503892,0,2.8
10,28,0.4920120489184057,0,2.8
10,28,0.6165555516463224,0,2.8
10,28,0.6154129153059629,0,2.8
10,28,0.6763648167031119,0,2.8
10,28,0.6330453594374981,0,2.8
10,28,0.6391853007013203,0,2.8
10,28,0.62653463305229,0,2.8
10,28,0.645077275106502,0,2.8
10,28,0.6688141023655072,0,2.8
10,28,0.5586164515274061,0,2.8
10,28,0.6754880255178918,0,2.8
10,28,0.5396198605035124,0,2.8
10,28,0.7346061867457518,0,2.8
10,28,0.6519199891722961,0,2.8
10,28,0.7260359200896587,0,2.8
10,28,0.49150385447742784,0,2.8
10,28,0.5514939004006526,0,2.8
10,28,0.626272530653538,0,2.8
10,28,0.7318232760958701,0,2.8
10,28,0.6138708611605777,0,2.8
10,28,0.530668400960266,0,2.8
10,28,0.6510930479610045,0,2.8
10,28,0.5209047732018269,0,2.8
10,28,0.6184924390163471,0,2.8
10,28,0.70472360484977,0,2.8
10,28,0.7355509292704095,0,2.8
10,28,0.538466368387526,0,2.8
10,28,0.6613272699481644,0,2.8
10,28,0.5638516804823956,0,2.8
10,28,0.6018551896756352,0,2.8
10,28,0.4545733022124853,0,2.8
10,28,0.7281479586052745,0,2.8
10,28,0.467151209229956,0,2.8
10,28,0.5919082754846707,0,2.8
10,28,0.4874636510751756,0,2.8
10,28,0.5627805433894542,0,2.8
10,28,0.47846867447246416,0,2.8
10,28,0.5354267863614225,0,2.8
10,28,0.4793612066235967,0,2.8
10,28,0.6570297615758021,0,2.8
10,29,0.6013898424489295,0,2.9
10,29,0.43633612279892764,0,2.9
10,29,0.650282682770999,0,2.9
10,29,0.49574710294847074,0,2.9
10,29,0.5494603905346891,0,2.9
10,29,0.6347655967479398,0,2.9
10,29,0.6198447713735825,0,2.9
10,29,0.46540976838916703,0,2.9
10,29,0.6481773491166741,0,2.9
10,29,0.6938193096622213,0,2.9
10,29,0.5323174860727656,0,2.9
10,29,0.6335888742676162,0,2.9
10,29,0.5113378500901473,0,2.9
10,29,0.43339136519656146,0,2.9
10,29,0.44645075902278486,0,2.9
10,29,0.44342347603225024,0,2.9
10,29,0.5329340837881716,0,2.9
10,29,0.44158567501127205,0,2.9
10,29,0.7430906741966015,0,2.9
10,29,0.5991179441963477,0,2.9
10,29,0.5750979950295364,0,2.9
10,29,0.4694175913064994,0,2.9
10,29,0.6107267146187046,0,2.9
10,29,0.7060757860798175,0,2.9
10,29,0.5606570362820765,0,2.9
10,29,0.5444411263761073,0,2.9
10,29,0.3708425156358502,0,2.9
10,29,0.5052792525999255,0,2.9
10,29,0.5629003417052373,0,2.9
10,29,0.5598525781464331,0,2.9
10,29,0.5709137883429587,0,2.9
10,29,0.5059158627494637,0,2.9
10,29,0.6231660132754376,0,2.9
10,29,0.6256481882412249,0,2.9
10,29,0.6169125346785341,0,2.9
10,29,0.658184903457273,0,2.9
10,29,0.5806688953333908,0,2.9
10,29,0.6539434766256594,0,2.9
10,29,0.6002991632494054,0,2.9
10,29,0.6227823273739579,0,2.9
10,29,0.5929543469037273,0,2.9
10,29,0.6375668044233538,0,2.9
10,29,0.49191882727434355,0,2.9
10,29,0.6974076746413017,0,2.9
10,29,0.5204909881190619,0,2.9
10,29,0.6447321836381839,0,2.9
10,29,0.3519598085210911,0,2.9
10,29,0.43911297129247795,0,2.9
10,29,0.5611431358129727,0,2.9
10,29,0.6082706404456665,0,2.9
10,29,0.4190418909132159,0,2.9
10,29,0.7677170704696371,0,2.9
10,29,0.7049754025520054,0,2.9
10,29,0.5399467894145338,0,2.9
10,29,0.5434043352174378,0,2.9
10,29,0.3646834310483452,0,2.9
10,29,0.5569667038466596,0,2.9
10,29,0.6348123307885843,0,2.9
10,29,0.4990855667023674,0,2.9
10,29,0.4752575701297219,0,2.9
10,29,0.6689669478683767,0,2.9
10,29,0.5652764195293775,0,2.9
10,29,0.5991759939125424,0,2.9
10,29,0.4555376086295597,0,2.9
10,29,0.6237350101232763,0,2.9
10,29,0.43335817184094555,0,2.9
10,29,0.5961327322546667,0,2.9
10,29,0.5799701433537733,0,2.9
10,29,0.6513561419389564,0,2.9
10,29,0.4213130347320014,0,2.9
10,29,0.4245930620098101,0,2.9
10,29,0.5804947089147995,0,2.9
10,29,0.7104239165012106,0,2.9
10,29,0.5848094918613831,0,2.9
10,29,0.5320224241385912,0,2.9
10,29,0.5985906450102527,0,2.9
10,29,0.703968072123624,0,2.9
10,29,0.5229213711326142,0,2.9
10,29,0.6156380356117398,0,2.9
10,29,0.6124969943815992,0,2.9
10,29,0.701983549374046,0,2.9
10,29,0.43622869290543975,0,2.9
10,29,0.7448212253651313,0,2.9
10,29,0.46764632336586553,0,2.9
10,29,0.6553243733670874,0,2.9
10,29,0.4191587540053148,0,2.9
10,29,0.6837584297479311,0,2.9
10,29,0.42887678308260746,0,2.9
10,29,0.48772765327849393,0,2.9
10,29,0.650661784676129,0,2.9
10,29,0.5642291352039722,0,2.9
10,29,0.5327892181842152,0,2.9
10,29,0.6086495093112272,0,2.9
10,29,0.5936003271225861,0,2.9
10,29,0.38360091231132687,0,2.9
10,29,0.6268263521315286,0,2.9
10,29,0.609058971612696,0,2.9
10,29,0.48987660014496737,0,2.9
10,29,0.7320632723346119,0,2.9
10,29,0.4200174088191675,0,2.9
10,30,0.650460230055167,0,3.0
10,30,0.5623667653817885,0,3.0
10,30,0.560559324511355,0,3.0
10,30,0.5321728957107237,0,3.0
10,30,0.5557633216317737,0,3.0
10,30,0.5302180043807841,0,3.0
10,30,0.4997894668974354,0,3.0
10,30,0.45068484442581,0,3.0
10,30,0.5433786037104035,0,3.0
10,30,0.6422072546045967,0,3.0
10,30,0.45587254678781136,0,3.0
10,30,0.5903249829920227,0,3.0
10,30,0.49967783411829464,0,3.0
10,30,0.7432819026979695,0,3.0
10,30,0.6372525138863614,0,3.0
10,30,0.6666933511613455,0,3.0
10,30,0.6737854813322831,0,3.0
10,30,0.626258524142371,0,3.0
10,30,0.36316683622316787,0,3.0
10,30,0.5915118355225151,0,3.0
10,30,0.5327996124917793,0,3.0
10,30,0.6139172911266132,0,3.0
10,30,0.7082999680918317,0,3.0
10,30,0.6174608385570847,0,3.0
10,30,0.5721627569314635,0,3.0
10,30,0.6402914363153507,0,3.0
10,30,0.4479199930238121,0,3.0
10,30,0.5907941350785777,0,3.0
10,30,0.7802152936783114,0,3.0
10,30,0.6027055720507042,0,3.0
10,30,0.6975622736361706,0,3.0
10,30,0.5058229288536755,0,3.0
10,30,0.5150181285118036,0,3.0
10,30,0.5589580482142127,0,3.0
10,30,0.627593756764582,0,3.0
10,30,0.4437890782654952,0,3.0
10,30,0.4410195413287629,0,3.0
10,30,0.6317389993007994,0,3.0
10,30,0.6327074102394107,0,3.0
10,30,0.6254703435703346,0,3.0
10,30,0.5028478546152668,0,3.0
10,30,0.49830348931218765,0,3.0
10,30,0.4870576069623715,0,3.0
10,30,0.44066077380444035,0,3.0
10,30,0.5860111335373587,0,3.0
10,30,0.6651012498773594,0,3.0
10,30,0.5259321911828826,0,3.0
10,30,0.45807948396208337,0,3.0
10,30,0.6833891370856444,0,3.0
10,30,0.4807842220423054,0,3.0
10,30,0.48333520079766673,0,3.0
10,30,0.7425680589172646,0,3.0
10,30,0.7153612810801878,0,3.0
10,30,0.6087016066106865,0,3.0
10,30,0.6155876665561314,0,3.0
10,30,0.5714810706853587,0,3.0
10,30,0.5615819944964681,0,3.0
10,30,0.7145516515827904,0,3.0
10,30,0.4593643091445427,0,3.0
10,30,0.582932560277807,0,3.0
10,30,0.7240991581718035,0,3.0
10,30,0.526157334833779,0,3.0
10,30,0.5687425792923395,0,3.0
10,30,0.6407378527788644,0,3.0
10,30,0.4959862346203329,0,3.0
10,30,0.6330250273884233,0,3.0
10,30,0.6034722173723127,0,3.0
10,30,0.6477487295016383,0,3.0
10,30,0.5221638323565405,0,3.0
10,30,0.6416869817224431,0,3.0
10,30,0.3994999984267305,0,3.0
10,30,0.5852440311595023,0,3.0
10,30,0.4333296089454459,0,3.0
10,30,0.3916457055085996,0,3.0
10,30,0.5478568216216763,0,3.0
10,30,0.4050253315265493,0,3.0
10,30,0.5815983174962431,0,3.0
10,30,0.533867845393324,0,3.0
10,30,0.37661570562856944,0,3.0
10,30,0.5935996262553924,0,3.0
10,30,0.43785756758875205,0,3.0
10,30,0.6259687748306533,0,3.0
10,30,0.5956513953163236,0,3.0
10,30,0.40342396509478534,0,3.0
10,30,0.5866486374251715,0,3.0
10,30,0.5792651041959802,0,3.0
10,30,0.6515307882589672,0,3.0
10,30,0.611142522189143,0,3.0
10,30,0.691898200926175,0,3.0
10,30,0.5052311991395242,0,3.0
10,30,0.65690559075955,0,3.0
10,30,0.7940709720769186,0,3.0
10,30,0.4335770710123109,0,3.0
10,30,0.6669361506852935,0,3.0
10,30,0.7094231901923571,0,3.0
10,30,0.5258734144697083,0,3.0
10,30,0.5409789768932312,0,3.0
10,30,0.6388455093176564,0,3.0
10,30,0.42100229154991586,0,3.0
10,30,0.6322392532288124,0,3.0
10,31,0.6023635815223377,0,3.1
10,31,0.6212603944760455,0,3.1
10,31,0.39347086438877,0,3.1
10,31,0.5539582361396703,0,3.1
10,31,0.6972706716076489,0,3.1
10,31,0.4171904183630935,0,3.1
10,31,0.5611143723049968,0,3.1
10,31,0.7097301546543805,0,3.1
10,31,0.6144690352513417,0,3.1
10,31,0.6150914617663892,0,3.1
10,31,0.6967278829736278,0,3.1
10,31,0.56951927763637,0,3.1
10,31,0.6016742650234624,0,3.1
10,31,0.7324399507939332,0,3.1
10,31,0.5110084907071141,0,3.1
10,31,0.43207019386072854,0,3.1
10,31,0.6345115213820937,0,3.1
10,31,0.4048598266438649,0,3.1
10,31,0.6656819080977211,0,3.1
10,31,0.5587900652057527,0,3.1
10,31,0.4846578548893399,0,3.1
10,31,0.5364627938292871,0,3.1
10,31,0.6684502004675826,0,3.1
10,31,0.5195980592726396,0,3.1
10,31,0.6415292041660712,0,3.1
10,31,0.45322602818837643,0,3.1
10,31,0.4943283284395779,0,3.1
10,31,0.5764742429232083,0,3.1
10,31,0.6128590196933752,0,3.1
10,31,0.4946444350740373,0,3.1
10,31,0.5466890957978621,0,3.1
10,31,0.5267154238579077,0,3.1
10,31,0.5705886795545133,0,3.1
10,31,0.581214790079502,0,3.1
10,31,0.5668854788090779,0,3.1
10,31,0.5923030153242964,0,3.1
10,31,0.3627807450061277,0,3.1
10,31,0.5256424741593382,0,3.1
10,31,0.5234269149113666,0,3.1
10,31,0.44199332762968413,0,3.1
10,31,0.5886187150812661,0,3.1
10,31,0.6404708626996388,0,3.1
10,31,0.6992899229275428,0,3.1
10,31,0.5811551326438604,0,3.1
10,31,0.6568194967788799,0,3.1
10,31,0.4907604920877022,0,3.1
10,31,0.4666716289769626,0,3.1
10,31,0.6316991482077934,0,3.1
10,31,0.5017358495096992,0,3.1
10,31,0.5433599104412632,0,3.1
10,31,0.4711709020286218,0,3.1
10,31,0.5546018176470882,0,3.1
10,31,0.7387222086020504,0,3.1
10,31,0.602018835200174,0,3.1
10,31,0.5720789419875665,0,3.1
10,31,0.5714559071656392,0,3.1
10,31,0.4084920833367816,0,3.1
10,31,0.7427480663404015,0,3.1
10,31,0.6226446430375001,0,3.1
10,31,0.6460688046199456,0,3.1
10,31,0.7923688016634364,0,3.1
10,31,0.4936590384172514,0,3.1
10,31,0.4756638847134993,0,3.1
10,31,0.5906042375353148,0,3.1
10,31,0.6217200879025336,0,3.1
10,31,0.5235196617517298,0,3.1
10,31,0.7012117520788611,0,3.1
10,31,0.6686796648114408,0,3.1
10,31,0.6939150612585421,0,3.1
10,31,0.6196560531216793,0,3.1
10,31,0.6758997300373424,0,3.1
10,31,0.6490561352181763,0,3.1
10,31,0.3751493827051157,0,3.1
10,31,0.5715430644228691,0,3.1
10,31,0.6795410816986849,0,3.1
10,31,0.5656863014768287,0,3.1
10,31,0.6488516618855578,0,3.1
10,31,0.5739914533208769,0,3.1
10,31,0.4045682769561373,0,3.1
10,31,0.5954692181706767,0,3.1
10,31,0.6657690299422001,0,3.1
10,31,0.5987042042806593,0,3.1
10,31,0.5682463162883112,0,3.1
10,31,0.5752769849459113,0,3.1
10,31,0.4816127067790205,0,3.1
10,31,0.5101497168936925,0,3.1
10,31,0.6211091379078645,0,3.1
10,31,0.6059536998914905,0,3.1
10,31,0.5206325968613716,0,3.1
10,31,0.4830942026140546,0,3.1
10,31,0.649278957845286,0,3.1
10,31,0.5535459103945976,0,3.1
10,31,0.5663609989729929,0,3.1
10,31,0.45819327550704514,0,3.1
10,31,0.6422714382544441,0,3.1
10,31,0.5164025126134835,0,3.1
10,31,0.28537180319245786,0,3.1
10,31,0.6174808141314387,0,3.1
10,31,0.605228865857635,0,3.1
10,31,0.45638316258864686,0,3.1
10,32,0.48268114218895564,0,3.2
10,32,0.6405977924795924,0,3.2
10,32,0.5674201635959057,0,3.2
10,32,0.5026292818022153,0,3.2
10,32,0.7004864751289682,0,3.2
10,32,0.6228777904249011,0,3.2
10,32,0.5984112730434045,0,3.2
10,32,0.6037959803144101,0,3.2
10,32,0.5197125670720756,0,3.2
10,32,0.49766761606144994,0,3.2
10,32,0.5464665302616444,0,3.2
10,32,0.5551194689123475,0,3.2
10,32,0.4853657229852832,0,3.2
10,32,0.6158583010105965,0,3.2
10,32,0.6216243940159258,0,3.2
10,32,0.6266701628334278,0,3.2
10,32,0.4908613577870449,0,3.2
10,32,0.5857330964190227,0,3.2
10,32,0.5446774503690853,0,3.2
10,32,0.522958983229047,0,3.2
10,32,0.5263081235019154,0,3.2
10,32,0.5651019764556243,0,3.2
10,32,0.5559528258799563,0,3.2
10,32,0.6045425841234798,0,3.2
10,32,0.7054211472577542,0,3.2
10,32,0.40327582835041303,0,3.2
10,32,0.5790517265788353,0,3.2
10,32,0.6585988009833641,0,3.2
10,32,0.513420541981558,0,3.2
10,32,0.5488009814407363,0,3.2
10,32,0.3833311395640432,0,3.2
10,32,0.7534836248841112,0,3.2
10,32,0.5496517161786451,0,3.2
10,32,0.6116776495198968,0,3.2
10,32,0.6354572296971772,0,3.2
10,32,0.6285398107332025,0,3.2
10,32,0.7163166528393541,0,3.2
10,32,0.7401568146530666,0,3.2
10,32,0.42503230783407975,0,3.2
10,32,0.6752759918375584,0,3.2
10,32,0.4818531443970847,0,3.2
10,32,0.4682487746724086,0,3.2
10,32,0.6677360163858692,0,3.2
10,32,0.6719725021280585,0,3.2
10,32,0.7003930809936881,0,3.2
10,32,0.5675730490715984,0,3.2
10,32,0.5754847517654954,0,3.2
10,32,0.45386417679337393,0,3.2
10,32,0.5165540799473168,0,3.2
10,32,0.49145815380870805,0,3.2
10,32,0.6836697904321898,0,3.2
10,32,0.5441672195763375,0,3.2
10,32,0.44502865057962765,0,3.2
10,32,0.6399628168835899,0,3.2
10,32,0.6924512505136039,0,3.2
10,32,0.6128748851802847,0,3.2
10,32,0.5481319053918349,0,3.2
10,32,0.6032464731980359,0,3.2
10,32,0.6199465653288947,0,3.2
10,32,0.4853735103569199,0,3.2
10,32,0.6703333331079296,0,3.2
10,32,0.6154746982802246,0,3.2
10,32,0.5884119088112986,0,3.2
10,32,0.6164311229551959,0,3.2
10,32,0.2581303832603345,0,3.2
10,32,0.6046484291238764,0,3.2
10,32,0.36195940001370813,0,3.2
10,32,0.6205976820082707,0,3.2
10,32,0.6614014230299925,0,3.2
10,32,0.468443896481057,0,3.2
10,32,0.7302186978730226,0,3.2
10,32,0.6393861455033004,0,3.2
10,32,0.6641632439772621,0,3.2
10,32,0.5816710660723369,0,3.2
10,32,0.5708043198664383,0,3.2
10,32,0.5591866108646503,0,3.2
10,32,0.7214316255739771,0,3.2
10,32,0.5327181360041735,0,3.2
10,32,0.6251835052648255,0,3.2
10,32,0.6666878721164747,0,3.2
10,32,0.5926333273588135,0,3.2
10,32,0.5507708488152308,0,3.2
10,32,0.2285581517465137,0,3.2
10,32,0.6115598526602785,0,3.2
10,32,0.5658999286075977,0,3.2
10,32,0.5556774626633082,0,3.2
10,32,0.6500083166466998,0,3.2
10,32,0.6499727833202594,0,3.2
10,32,0.5925256340290223,0,3.2
10,32,0.606423246087903,0,3.2
10,32,0.47493102960403577,0,3.2
10,32,0.5451265125081074,0,3.2
10,32,0.4483711057729048,0,3.2
10,32,0.4831192561903641,0,3.2
10,32,0.46914625660822507,0,3.2
10,32,0.7392410672882579,0,3.2
10,32,0.5443269150424342,0,3.2
10,32,0.5240625584472592,0,3.2
10,32,0.7337794870498261,0,3.2
10,32,0.7167247125071162,0,3.2
10,33,0.6152061252994294,0,3.3
10,33,0.4534853647520888,0,3.3
10,33,0.7030137940259507,0,3.3
10,33,0.5897050249639851,0,3.3
10,33,0.5894526315339264,0,3.3
10,33,0.6311889356441085,0,3.3
10,33,0.501641465598392,0,3.3
10,33,0.5126163430500393,0,3.3
10,33,0.5372137932848117,0,3.3
10,33,0.632281249229642,0,3.3
10,33,0.5383444981142211,0,3.3
10,33,0.5640615871531626,0,3.3
10,33,0.405701844030631,0,3.3
10,33,0.4049087283593895,0,3.3
10,33,0.5963662831956311,0,3.3
10,33,0.4396044481496206,0,3.3
10,33,0.5619730232575497,0,3.3
10,33,0.6070864594359625,0,3.3
10,33,0.6147738330889604,0,3.3
10,33,0.5214024319711779,0,3.3
10,33,0.494505378011497,0,3.3
10,33,0.6212172853210705,0,3.3
10,33,0.6862631481045841,0,3.3
10,33,0.6185253633463221,0,3.3
10,33,0.5337043447274072,0,3.3
10,33,0.5771213895129186,0,3.3
10,33,0.516459097472426,0,3.3
10,33,0.6144106181870825,0,3.3
10,33,0.3725663657747238,0,3.3
10,33,0.4280712288661341,0,3.3
10,33,0.4602804519782617,0,3.3
10,33,0.6097777564926694,0,3.3
10,33,0.6665561516145168,0,3.3
10,33,0.49205790251976844,0,3.3
10,33,0.3915871403608142,0,3.3
10,33,0.6980390681084706,0,3.3
10,33,0.4956584817913923,0,3.3
10,33,0.47190918404443905,0,3.3
10,33,0.5701158314354351,0,3.3
10,33,0.5490935065991486,0,3.3
10,33,0.6666322251931769,0,3.3
10,33,0.5007373829061847,0,3.3
10,33,0.5678536146281098,0,3.3
10,33,0.5645295567146227,0,3.3
10,33,0.7035705474357079,0,3.3
10,33,0.592647123861943,0,3.3
10,33,0.5414289627377726,0,3.3
10,33,0.5992155820441433,0,3.3
10,33,0.6746223433741271,0,3.3
10,33,0.503193284348,0,3.3
10,33,0.49240685905505893,0,3.3
10,33,0.6548834981601983,0,3.3
10,33,0.6633406930470052,0,3.3
10,33,0.6536366531975708,0,3.3
10,33,0.42149328188012886,0,3.3
10,33,0.5951168937936069,0,3.3
10,33,0.5973465098060113,0,3.3
10,33,0.6234968713029062,0,3.3
10,33,0.4632739107665787,0,3.3
10,33,0.5643926740117972,0,3.3
10,33,0.5671001006256619,0,3.3
10,33,0.563092242110377,0,3.3
10,33,0.7393527393258272,0,3.3
10,33,0.5717280386662889,0,3.3
10,33,0.5820901246021821,0,3.3
10,33,0.6606383660033498,0,3.3
10,33,0.46115391459493815,0,3.3
10,33,0.5059994871545752,0,3.3
10,33,0.48046779894598857,0,3.3
10,33,0.6462076094973462,0,3.3
10,33,0.531048590579391,0,3.3
10,33,0.3545491897385919,0,3.3
10,33,0.6402748994888572,0,3.3
10,33,0.5359669393516014,0,3.3
10,33,0.45936430811640033,0,3.3
10,33,0.46894198280613053,0,3.3
10,33,0.5608276395595563,0,3.3
10,33,0.5468840386160051,0,3.3
10,33,0.3535903645067341,0,3.3
10,33,0.6361542086865002,0,3.3
10,33,0.6990633909093359,0,3.3
10,33,0.5448036936739358,0,3.3
10,33,0.5969530318048688,0,3.3
10,33,0.514165302995267,0,3.3
10,33,0.7083703574548725,0,3.3
10,33,0.7009127122901674,0,3.3
10,33,0.6186123010551148,0,3.3
10,33,0.4510402127042841,0,3.3
10,33,0.43174219084050786,0,3.3
10,33,0.3348714435184133,0,3.3
10,33,0.5610916684124216,0,3.3
10,33,0.5973581860047302,0,3.3
10,33,0.6993940992255645,0,3.3
10,33,0.5759860380867537,0,3.3
10,33,0.45598075384789893,0,3.3
10,33,0.5370589632479282,0,3.3
10,33,0.3919772823986346,0,3.3
10,33,0.5773527897697465,0,3.3
10,33,0.561335662570417,0,3.3
10,33,0.6382593764682466,0,3.3
10,34,0.5965841776963793,0,3.4
10,34,0.5234589819221767,0,3.4
10,34,0.4720308907286605,0,3.4
10,34,0.5287349739701188,0,3.4
10,34,0.5366122285065474,0,3.4
10,34,0.4981058337714147,0,3.4
10,34,0.5738676264754491,0,3.4
10,34,0.3268454129532181,0,3.4
10,34,0.48968612579328713,0,3.4
10,34,0.557532300089164,0,3.4
10,34,0.4267080659233644,0,3.4
10,34,0.5549722963491536,0,3.4
10,34,0.6258270537016468,0,3.4
10,34,0.6204920439908493,0,3.4
10,34,0.4371234872831486,0,3.4
10,34,0.7600556799980986,0,3.4
10,34,0.5533464896314051,0,3.4
10,34,0.5208233233918005,0,3.4
10,34,0.6044658120577117,0,3.4
10,34,0.6820022818537179,0,3.4
10,34,0.5425219291194106,0,3.4
10,34,0.5718819232352265,0,3.4
10,34,0.4889797528939807,0,3.4
10,34,0.6413592058585019,0,3.4
10,34,0.6810493293246007,0,3.4
10,34,0.6538602460995032,0,3.4
10,34,0.5747335179016859,0,3.4
10,34,0.5356443140092473,0,3.4
10,34,0.5680942083201365,0,3.4
10,34,0.3092227452782507,0,3.4
10,34,0.4949039063203767,0,3.4
10,34,0.4444018899680976,0,3.4
10,34,0.4980152773368071,0,3.4
10,34,0.6937643695973688,0,3.4
10,34,0.4754015417975114,0,3.4
10,34,0.26524131531888434,0,3.4
10,34,0.6197404935037402,0,3.4
10,34,0.468885044243795,0,3.4
10,34,0.5925769502768975,0,3.4
10,34,0.4800372310470952,0,3.4
10,34,0.5243482951606928,0,3.4
10,34,0.5784574014859262,0,3.4
10,34,0.5833410248453554,0,3.4
10,34,0.5204873764712932,0,3.4
10,34,0.5810629774047911,0,3.4
10,34,0.2404270044651466,0,3.4
10,34,0.6400413573076464,0,3.4
10,34,0.6839247030210297,0,3.4
10,34,0.5577505599320429,0,3.4
10,34,0.411003342778383,0,3.4
10,34,0.480529795826839,0,3.4
10,34,0.47443896704979743,0,3.4
10,34,0.5471650229599667,0,3.4
10,34,0.5778583788706233,0,3.4
10,34,0.5448836225876066,0,3.4
10,34,0.5913070292984292,0,3.4
10,34,0.6535733998828722,0,3.4
10,34,0.5917163381872067,0,3.4
10,34,0.6452800057591861,0,3.4
10,34,0.5325779188929461,0,3.4
10,34,0.6444879813985589,0,3.4
10,34,0.43901040739460245,0,3.4
10,34,0.6617358224422218,0,3.4
10,34,0.4818723829396943,0,3.4
10,34,0.536913940856749,0,3.4
10,34,0.5367836996599864,0,3.4
10,34,0.48957901208368076,0,3.4
10,34,0.6203270331608162,0,3.4
10,34,0.5060880239846212,0,3.4
10,34,0.6028303915984671,0,3.4
10,34,0.3696128516159011,0,3.4
10,34,0.6652351495837588,0,3.4
10,34,0.6191070565865373,0,3.4
10,34,0.6033166305593669,0,3.4
10,34,0.4518325384014186,0,3.4
10,34,0.6432826684444195,0,3.4
10,34,0.5633899873471407,0,3.4
10,34,0.6543518979774021,0,3.4
10,34,0.5715480074509567,0,3.4
10,34,0.5770914354325695,0,3.4
10,34,0.47572592013822496,0,3.4
10,34,0.44127949864916033,0,3.4
10,34,0.6139544418151089,0,3.4
10,34,0.5357507648216494,0,3.4
10,34,0.47899205090594393,0,3.4
10,34,0.387578263001595,0,3.4
10,34,0.5471381137244625,0,3.4
10,34,0.421676977115529,0,3.4
10,34,0.6040991704760388,0,3.4
10,34,0.5507048831808614,0,3.4
10,34,0.5827802247092373,0,3.4
10,34,0.5528107983251189,0,3.4
10,34,0.8311616203901201,0,3.4
10,34,0.5450560345164654,0,3.4
10,34,0.6593213761598964,0,3.4
10,34,0.6160205841984494,0,3.4
10,34,0.4577471744956397,0,3.4
10,34,0.5925043726980521,0,3.4
10,34,0.6645017666235546,0,3.4
10,34,0.7018691350280978,0,3.4
10,35,0.7105102895881592,0,3.5
10,35,0.5426162350135986,0,3.5
10,35,0.5200820383863773,0,3.5
10,35,0.3416796791673336,0,3.5
10,35,0.528661462674868,0,3.5
10,35,0.631212402734219,0,3.5
10,35,0.5076721473235499,0,3.5
10,35,0.5892122668149654,0,3.5
10,35,0.6327036287540989,0,3.5
10,35,0.5654183813929415,0,3.5
10,35,0.6991677989673604,0,3.5
10,35,0.4881871386150473,0,3.5
10,35,0.4744167471233426,0,3.5
10,35,0.6465475281785188,0,3.5
10,35,0.5432763936920426,0,3.5
10,35,0.602763232306169,0,3.5
10,35,0.5720804812911344,0,3.5
10,35,0.6666847628312855,0,3.5
10,35,0.6660636390889105,0,3.5
10,35,0.4705004645371627,0,3.5
10,35,0.5880784616482615,0,3.5
10,35,0.5385121123832911,0,3.5
10,35,0.8139000425791023,0,3.5
10,35,0.5814283540172988,0,3.5
10,35,0.5457918396332824,0,3.5
10,35,0.5288261303048961,0,3.5
10,35,0.6424549238963633,0,3.5
10,35,0.5550510044938014,0,3.5
10,35,0.512332333325851,0,3.5
10,35,0.5496566009377097,0,3.5
10,35,0.4805749170436152,0,3.5
10,35,0.6271493492416362,0,3.5
10,35,0.25910098100109497,0,3.5
10,35,0.5815314511377082,0,3.5
10,35,0.4860541726120635,0,3.5
10,35,0.5705321363678236,0,3.5
10,35,0.4888341545499496,0,3.5
10,35,0.5699762506488109,0,3.5
10,35,0.7094561433561335,0,3.5
10,35,0.5280502177360292,0,3.5
10,35,0.6153236045004435,0,3.5
10,35,0.5859089564696944,0,3.5
10,35,0.3801793321697074,0,3.5
10,35,0.4431315586083415,0,3.5
10,35,0.4064298401363331,0,3.5
10,35,0.574983087701952,0,3.5
10,35,0.4359392052629883,0,3.5
10,35,0.5182814082278236,0,3.5
10,35,0.5998683963939304,0,3.5
10,35,0.5039638502297744,0,3.5
10,35,0.5239070529786766,0,3.5
10,35,0.464213287540328,0,3.5
10,35,0.8278373703273101,0,3.5
10,35,0.5171079534182439,0,3.5
10,35,0.5015027829941735,0,3.5
10,35,0.283902181587713,0,3.5
10,35,0.6558849967856601,0,3.5
10,35,0.4736966060874623,0,3.5
10,35,0.5436541294515028,0,3.5
10,35,0.5035009492460117,0,3.5
10,35,0.598468218449511,0,3.5
10,35,0.5020795348753995,0,3.5
10,35,0.5758038880980075,0,3.5
10,35,0.58349032151345,0,3.5
10,35,0.5876959056067789,0,3.5
10,35,0.6074757705800481,0,3.5
10,35,0.48928661908334703,0,3.5
10,35,0.5607730565539689,0,3.5
10,35,0.5932065043184465,0,3.5
10,35,0.6234924190870859,0,3.5
10,35,0.6123670575369858,0,3.5
10,35,0.43542711174714754,0,3.5
10,35,0.5626888482541332,0,3.5
10,35,0.5973326167051595,0,3.5
10,35,0.44903109593692864,0,3.5
10,35,0.6153577488731681,0,3.5
10,35,0.5154882231666653,0,3.5
10,35,0.6816780296937079,0,3.5
10,35,0.497413930404197,0,3.5
10,35,0.3595208413557692,0,3.5
10,35,0.5088128728357094,0,3.5
10,35,0.49442942770420945,0,3.5
10,35,0.5009500161664532,0,3.5
10,35,0.6036872140255576,0,3.5
10,35,0.5740913329285534,0,3.5
10,35,0.4572052860986111,0,3.5
10,35,0.5817776401079402,0,3.5
10,35,0.5825878880068993,0,3.5
10,35,0.6876135421708518,0,3.5
10,35,0.5748606579326438,0,3.5
10,35,0.47794696312694207,0,3.5
10,35,0.5809654014346014,0,3.5
10,35,0.5669893857821047,0,3.5
10,35,0.49845853100041204,0,3.5
10,35,0.5617197597111099,0,3.5
10,35,0.46611429340100513,0,3.5
10,35,0.4583662658107404,0,3.5
10,35,0.47356216120064704,0,3.5
10,35,0.6221309613953705,0,3.5
10,35,0.545877078850934,0,3.5
10,36,0.49736988728139836,0,3.6
10,36,0.6411188798725793,0,3.6
10,36,0.5749419044157046,0,3.6
10,36,0.5384445578254701,0,3.6
10,36,0.6100903855133517,0,3.6
10,36,0.6174193435452306,0,3.6
10,36,0.4439322122108567,0,3.6
10,36,0.5195965743786075,0,3.6
10,36,0.552136489480958,0,3.6
10,36,0.5817490369641345,0,3.6
10,36,0.6049654174200257,0,3.6
10,36,0.5246472393894,0,3.6
10,36,0.4726154067409911,0,3.6
10,36,0.5555466981849402,0,3.6
10,36,0.5277573792941952,0,3.6
10,36,0.42047970421327674,0,3.6
10,36,0.703973112056335,0,3.6
10,36,0.4649929939054412,0,3.6
10,36,0.6348507341608627,0,3.6
10,36,0.6232415538931034,0,3.6
10,36,0.5365045912521336,0,3.6
10,36,0.46317680216676477,0,3.6
10,36,0.5378347915671053,0,3.6
10,36,0.43767380394501143,0,3.6
10,36,0.4478953229297006,0,3.6
10,36,0.6281650630420237,0,3.6
10,36,0.6969822688186481,0,3.6
10,36,0.7196191005047805,0,3.6
10,36,0.5252749439386667,0,3.6
10,36,0.47081090686530114,0,3.6
10,36,0.5072613819553522,0,3.6
10,36,0.6279632429399142,0,3.6
10,36,0.7260102302171032,0,3.6
10,36,0.6400436681939131,0,3.6
10,36,0.6608475535244069,0,3.6
10,36,0.5921725889627415,0,3.6
10,36,0.47041215419761634,0,3.6
10,36,0.6761978782545336,0,3.6
10,36,0.45895203237282234,0,3.6
10,36,0.38523990523298707,0,3.6
10,36,0.4384768336822918,0,3.6
10,36,0.6698032841259105,0,3.6
10,36,0.6383508996972803,0,3.6
10,36,0.5991060870762188,0,3.6
10,36,0.5936206817628596,0,3.6
10,36,0.49871147837383506,0,3.6
10,36,0.45578827719369425,0,3.6
10,36,0.6218426241397149,0,3.6
10,36,0.645168086984528,0,3.6
10,36,0.6093118539519187,0,3.6
10,36,0.5413691031059187,0,3.6
10,36,0.5111729806261075,0,3.6
10,36,0.46955948660817237,0,3.6
10,36,0.5847262612765718,0,3.6
10,36,0.6655786933128648,0,3.6
10,36,0.6395910658114224,0,3.6
10,36,0.3722138294264516,0,3.6
10,36,0.49762682141309184,0,3.6
10,36,0.5418080062742368,0,3.6
10,36,0.5541416678041771,0,3.6
10,36,0.35510394380217014,0,3.6
10,36,0.529784954830432,0,3.6
10,36,0.5567036651454494,0,3.6
10,36,0.5587369489956757,0,3.6
10,36,0.6149204766241283,0,3.6
10,36,0.66549102137058,0,3.6
10,36,0.5297891570550617,0,3.6
10,36,0.5655587631686788,0,3.6
10,36,0.5077343621876463,0,3.6
10,36,0.5925928908724091,0,3.6
10,36,0.5512590380837236,0,3.6
10,36,0.6158888628660706,0,3.6
10,36,0.5487297649943347,0,3.6
10,36,0.46427305105530464,0,3.6
10,36,0.4873042819412585,0,3.6
10,36,0.5270078937587764,0,3.6
10,36,0.48070651876867454,0,3.6
10,36,0.3903631927282967,0,3.6
10,36,0.6211363376236728,0,3.6
10,36,0.468483481219867,0,3.6
10,36,0.5730906505238822,0,3.6
10,36,0.6598991094679291,0,3.6
10,36,0.5525422380334817,0,3.6
10,36,0.4689164340004494,0,3.6
10,36,0.3404619054751504,0,3.6
10,36,0.5287937939329982,0,3.6
10,36,0.5406358356472806,0,3.6
10,36,0.46761051764942646,0,3.6
10,36,0.568336847466885,0,3.6
10,36,0.5651192144238003,0,3.6
10,36,0.5481712660812152,0,3.6
10,36,0.45856752657229555,0,3.6
10,36,0.40868804077538606,0,3.6
10,36,0.5806618334103321,0,3.6
10,36,0.5214406290458039,0,3.6
10,36,0.6152987323670629,0,3.6
10,36,0.43730824281073105,0,3.6
10,36,0.4841166989736818,0,3.6
10,36,0.5272620575510079,0,3.6
10,36,0.5587590176651096,0,3.6
10,37,0.4442676471264561,0,3.7
10,37,0.5082003744557914,0,3.7
10,37,0.5142978605411425,0,3.7
10,37,0.4492204064041564,0,3.7
10,37,0.6647947436774568,0,3.7
10,37,0.594697841132914,0,3.7
10,37,0.5158347989033257,0,3.7
10,37,0.4964227196129578,0,3.7
10,37,0.5502578677164031,0,3.7
10,37,0.5304469044601778,0,3.7
10,37,0.6757421659995125,0,3.7
10,37,0.49906249272413067,0,3.7
10,37,0.6707150566800291,0,3.7
10,37,0.4610184799428567,0,3.7
10,37,0.6171279434127748,0,3.7
10,37,0.5518578809909581,0,3.7
10,37,0.47092783286089196,0,3.7
10,37,0.6978892526114827,0,3.7
10,37,0.6804228944396993,0,3.7
10,37,0.5263513174520636,0,3.7
10,37,0.5367748126481318,0,3.7
10,37,0.5529086938697407,0,3.7
10,37,0.4916532593458641,0,3.7
10,37,0.5868927530879522,0,3.7
10,37,0.5815410280664436,0,3.7
10,37,0.5421809168706381,0,3.7
10,37,0.6099714448522876,0,3.7
10,37,0.5359216905395682,0,3.7
10,37,0.5937874914475414,0,3.7
10,37,0.39928343089511853,0,3.7
10,37,0.5298064939948288,0,3.7
10,37,0.4680248293393781,0,3.7
10,37,0.6630057171366202,0,3.7
10,37,0.3879025417271709,0,3.7
10,37,0.4231882217699675,0,3.7
10,37,0.5588131635830641,0,3.7
10,37,0.4809704341881557,0,3.7
10,37,0.5644808675063369,0,3.7
10,37,0.5144099609304014,0,3.7
10,37,0.3885763824737916,0,3.7
10,37,0.5682071323562897,0,3.7
10,37,0.48219231124297446,0,3.7
10,37,0.5872722469719909,0,3.7
10,37,0.4510488389128976,0,3.7
10,37,0.7121442718962754,0,3.7
10,37,0.5579859554945428,0,3.7
10,37,0.5483892049459512,0,3.7
10,37,0.5250916107254976,0,3.7
10,37,0.5585679708377149,0,3.7
10,37,0.4886418983078189,0,3.7
10,37,0.5268951211543643,0,3.7
10,37,0.48574598278469233,0,3.7
10,37,0.657793125987806,0,3.7
10,37,0.656356252544866,0,3.7
10,37,0.3877084145858231,0,3.7
10,37,0.5279848378628262,0,3.7
10,37,0.44929837976354897,0,3.7
10,37,0.5128311397426294,0,3.7
10,37,0.567912785014768,0,3.7
10,37,0.5632067138597635,0,3.7
10,37,0.5260610763012131,0,3.7
10,37,0.4954926543916195,0,3.7
10,37,0.7395056366569165,0,3.7
10,37,0.471495628227738,0,3.7
10,37,0.6600096510001932,0,3.7
10,37,0.4747688631423887,0,3.7
10,37,0.3854508082983349,0,3.7
10,37,0.722392522074858,0,3.7
10,37,0.6178917999449207,0,3.7
10,37,0.4431551018028239,0,3.7
10,37,0.5811584729921371,0,3.7
10,37,0.32361097782402104,0,3.7
10,37,0.4968246228574028,0,3.7
10,37,0.5250388468926094,0,3.7
10,37,0.5717029321138518,0,3.7
10,37,0.47098088684124734,0,3.7
10,37,0.47701367196635813,0,3.7
10,37,0.3849562794005722,0,3.7
10,37,0.5771582203716178,0,3.7
10,37,0.5264701615051326,0,3.7
10,37,0.6535395187883848,0,3.7
10,37,0.5481307487126496,0,3.7
10,37,0.5209717471290544,0,3.7
10,37,0.4299265516316626,0,3.7
10,37,0.6032773743544769,0,3.7
10,37,0.5741818099734787,0,3.7
10,37,0.3372131884310609,0,3.7
10,37,0.5138752590576914,0,3.7
10,37,0.5359922172412795,0,3.7
10,37,0.6098923010205084,0,3.7
10,37,0.46486085445903785,0,3.7
10,37,0.5397268629626405,0,3.7
10,37,0.598597354989147,0,3.7
10,37,0.5465886141021308,0,3.7
10,37,0.6372332259610148,0,3.7
10,37,0.38970511381014433,0,3.7
10,37,0.38179195481353567,0,3.7
10,37,0.6612979449635898,0,3.7
10,37,0.4915007911294979,0,3.7
10,37,0.5724418177050895,0,3.7
10,38,0.5013438793734228,0,3.8
10,38,0.6144505224161203,0,3.8
10,38,0.42341542916561753,0,3.8
10,38,0.6115454612195855,0,3.8
10,38,0.46060980479096236,0,3.8
10,38,0.49721317934820164,0,3.8
10,38,0.5786829919083277,0,3.8
10,38,0.6481155303079177,0,3.8
10,38,0.5472134331693816,0,3.8
10,38,0.5041441277010127,0,3.8
10,38,0.4540125503179197,0,3.8
10,38,0.5300666873857275,0,3.8
10,38,0.4747720160740596,0,3.8
10,38,0.5672383632728303,0,3.8
10,38,0.6562918825033471,0,3.8
10,38,0.5152425084936006,0,3.8
10,38,0.43970111784014604,0,3.8
10,38,0.5620183684438494,0,3.8
10,38,0.5274974688946832,0,3.8
10,38,0.48961538251927966,0,3.8
10,38,0.5926359494481439,0,3.8
10,38,0.4158764049569448,0,3.8
10,38,0.43324546143108217,0,3.8
10,38,0.6039628563682659,0,3.8
10,38,0.5515626817900325,0,3.8
10,38,0.5445079054915184,0,3.8
10,38,0.4631708761086398,0,3.8
10,38,0.5087939565274955,0,3.8
10,38,0.38359173598873475,0,3.8
10,38,0.5215310288657855,0,3.8
10,38,0.3979192695979188,0,3.8
10,38,0.7128312503247628,0,3.8
10,38,0.5514803508809305,0,3.8
10,38,0.4765581820412278,0,3.8
10,38,0.5434785564298653,0,3.8
10,38,0.5810148992744896,0,3.8
10,38,0.472367270419327,0,3.8
10,38,0.5151540449540583,0,3.8
10,38,0.55556738482474,0,3.8
10,38,0.5227182715060719,0,3.8
10,38,0.5757918734717529,0,3.8
10,38,0.6163623004733749,0,3.8
10,38,0.5182252042960278,0,3.8
10,38,0.5837758114225549,0,3.8
10,38,0.46130430877155665,0,3.8
10,38,0.4733537844858727,0,3.8
10,38,0.5147303167661105,0,3.8
10,38,0.3679091032009171,0,3.8
10,38,0.5881050316721576,0,3.8
10,38,0.45023612029172105,0,3.8
10,38,0.5360682657324067,0,3.8
10,38,0.6050106216122078,0,3.8
10,38,0.3114435926235657,0,3.8
10,38,0.6504315437150019,0,3.8
10,38,0.6667165329362139,0,3.8
10,38,0.582676286505127,0,3.8
10,38,0.5866450738802289,0,3.8
10,38,0.31024541251569493,0,3.8
10,38,0.42349663222748213,0,3.8
10,38,0.5365137477592145,0,3.8
10,38,0.54962361734539,0,3.8
10,38,0.45994916614545794,0,3.8
10,38,0.4632543216600705,0,3.8
10,38,0.6117816167965092,0,3.8
10,38,0.5011026110848233,0,3.8
10,38,0.468803971174204,0,3.8
10,38,0.6596568789102674,0,3.8
10,38,0.5312971798643025,0,3.8
10,38,0.4517253645462607,0,3.8
10,38,0.3318249481457835,0,3.8
10,38,0.5758857042729637,0,3.8
10,38,0.47391697069527033,0,3.8
10,38,0.562318163780988,0,3.8
10,38,0.6318365547856911,0,3.8
10,38,0.6953206109985604,0,3.8
10,38,0.5787696514313104,0,3.8
10,38,0.4881617421468463,0,3.8
10,38,0.7333302687844995,0,3.8
10,38,0.5666004045659958,0,3.8
10,38,0.5266673156588997,0,3.8
10,38,0.42214901374670627,0,3.8
10,38,0.47921370299631605,0,3.8
10,38,0.49170238193791793,0,3.8
10,38,0.5437462871817892,0,3.8
10,38,0.5515201553661659,0,3.8
10,38,0.4187554472570196,0,3.8
10,38,0.4786415586506121,0,3.8
10,38,0.4292893917909176,0,3.8
10,38,0.3584114806107824,0,3.8
10,38,0.6062236782921296,0,3.8
10,38,0.4075977045403611,0,3.8
10,38,0.5517532302850197,0,3.8
10,38,0.4625819871627502,0,3.8
10,38,0.6240057242762851,0,3.8
10,38,0.6640136398167215,0,3.8
10,38,0.4809829631203349,0,3.8
10,38,0.6621018281327047,0,3.8
10,38,0.357364744290584,0,3.8
10,38,0.5355260656219744,0,3.8
10,38,0.4271337780593833,0,3.8
10,39,0.49689305753819935,0,3.9
10,39,0.485960437258924,0,3.9
10,39,0.6793605287034657,0,3.9
10,39,0.6069607068256266,0,3.9
10,39,0.5504496547515225,0,3.9
10,39,0.5092047767975347,0,3.9
10,39,0.559670443842508,0,3.9
10,39,0.45083491829755995,0,3.9
10,39,0.4765531219983204,0,3.9
10,39,0.4366545359107633,0,3.9
10,39,0.48130920172462305,0,3.9
10,39,0.5392660043573331,0,3.9
10,39,0.5447685285858278,0,3.9
10,39,0.490546773863893,0,3.9
10,39,0.6120558737221472,0,3.9
10,39,0.5694696448527936,0,3.9
10,39,0.5929253703007565,0,3.9
10,39,0.4518824514814938,0,3.9
10,39,0.5310191180337412,0,3.9
10,39,0.5837438910392326,0,3.9
10,39,0.7350125785145314,0,3.9
10,39,0.5211941793736596,0,3.9
10,39,0.44027629853897615,0,3.9
10,39,0.5581892149713625,0,3.9
10,39,0.41791031559842506,0,3.9
10,39,0.3920776125633908,0,3.9
10,39,0.5472889025093293,0,3.9
10,39,0.5665583788305669,0,3.9
10,39,0.5840970245473628,0,3.9
10,39,0.42054871408250855,0,3.9
10,39,0.5204070834510561,0,3.9
10,39,0.5334330596336752,0,3.9
10,39,0.4293834022602968,0,3.9
10,39,0.6370357581585996,0,3.9
10,39,0.7201607231861236,0,3.9
10,39,0.6113474733890647,0,3.9
10,39,0.5801119130598663,0,3.9
10,39,0.5107463872857121,0,3.9
10,39,0.5382822434137203,0,3.9
10,39,0.5724537290317572,0,3.9
10,39,0.5934981212720531,0,3.9
10,39,0.554561133642146,0,3.9
10,39,0.5725609583163629,0,3.9
10,39,0.5505250585626218,0,3.9
10,39,0.5950626739271626,0,3.9
10,39,0.5957005276682743,0,3.9
10,39,0.4098174836299631,0,3.9
10,39,0.6032789163922655,0,3.9
10,39,0.6302219656902338,0,3.9
10,39,0.5568095299448618,0,3.9
10,39,0.5406243202470206,0,3.9
10,39,0.5353322717689891,0,3.9
10,39,0.6158782278315762,0,3.9
10,39,0.3894994300798106,0,3.9
10,39,0.5230728578969315,0,3.9
10,39,0.45018067699696135,0,3.9
10,39,0.5621897683509359,0,3.9
10,39,0.40952493576482896,0,3.9
10,39,0.5551694035599991,0,3.9
10,39,0.36401926875434354,0,3.9
10,39,0.4415024547499717,0,3.9
10,39,0.4879184037442719,0,3.9
10,39,0.5304945834482467,0,3.9
10,39,0.5443637958824572,0,3.9
10,39,0.4147895896044327,0,3.9
10,39,0.4524406409848323,0,3.9
10,39,0.5207542869340943,0,3.9
10,39,0.5142673845481297,0,3.9
10,39,0.4905660661115471,0,3.9
10,39,0.5712954086849245,0,3.9
10,39,0.48889630705503684,0,3.9
10,39,0.6135928030513064,0,3.9
10,39,0.5809065683990582,0,3.9
10,39,0.513598803005044,0,3.9
10,39,0.6003799034932058,0,3.9
10,39,0.5636209036404939,0,3.9
10,39,0.5053027259658073,0,3.9
10,39,0.6393740094044259,0,3.9
10,39,0.5445446522541998,0,3.9
10,39,0.4394864589335715,0,3.9
10,39,0.6691683194561974,0,3.9
10,39,0.548338376003579,0,3.9
10,39,0.43626141401331503,0,3.9
10,39,0.6209778609718365,0,3.9
10,39,0.4383861561854357,0,3.9
10,39,0.6498687970884527,0,3.9
10,39,0.6506047405556764,0,3.9
10,39,0.6063805171371156,0,3.9
10,39,0.467102145366131,0,3.9
10,39,0.4606009008088731,0,3.9
10,39,0.522128777747893,0,3.9
10,39,0.5473020121572935,0,3.9
10,39,0.6833009146176061,0,3.9
10,39,0.5665856637575736,0,3.9
10,39,0.4284626748451462,0,3.9
10,39,0.5824916872728269,0,3.9
10,39,0.6888623921728962,0,3.9
10,39,0.5917015189485776,0,3.9
10,39,0.5557644001795886,0,3.9
10,39,0.46580546932978983,0,3.9
10,40,0.5745176873981281,0,4.0
10,40,0.3749262013960863,0,4.0
10,40,0.58847592569138,0,4.0
10,40,0.6225781286165485,0,4.0
10,40,0.5383146222187893,0,4.0
10,40,0.3578344023106593,0,4.0
10,40,0.5670814171505522,0,4.0
10,40,0.4350600362954925,0,4.0
10,40,0.5047248229317712,0,4.0
10,40,0.49292400785043755,0,4.0
10,40,0.4551873360021583,0,4.0
10,40,0.6242668282310588,0,4.0
10,40,0.5742627498465279,0,4.0
10,40,0.47312583287785975,0,4.0
10,40,0.5471434100027069,0,4.0
10,40,0.5572209858618606,0,4.0
10,40,0.7107709266073885,0,4.0
10,40,0.7330866532017447,0,4.0
10,40,0.5526343871226507,0,4.0
10,40,0.6223754134078703,0,4.0
10,40,0.5269972477921372,0,4.0
10,40,0.530049634393559,0,4.0
10,40,0.5676458547671611,0,4.0
10,40,0.5474398308047206,0,4.0
10,40,0.5312432965530126,0,4.0
10,40,0.5758761301943831,0,4.0
10,40,0.3812032274829525,0,4.0
10,40,0.6022548241621165,0,4.0
10,40,0.6327356964819713,0,4.0
10,40,0.4795816161183607,0,4.0
10,40,0.644932222636211,0,4.0
10,40,0.6460327869753454,0,4.0
10,40,0.6025614492037628,0,4.0
10,40,0.5695689827047906,0,4.0
10,40,0.4124055129571353,0,4.0
10,40,0.46790592016487537,0,4.0
10,40,0.5981756675950932,0,4.0
10,40,0.48089672838042613,0,4.0
10,40,0.47517529516113644,0,4.0
10,40,0.5464727764952281,0,4.0
10,40,0.5010563543620457,0,4.0
10,40,0.6713989430386686,0,4.0
10,40,0.6495606157429551,0,4.0
10,40,0.5759378022569815,0,4.0
10,40,0.5973797580024048,0,4.0
10,40,0.6035396676712815,0,4.0
10,40,0.5024052537546151,0,4.0
10,40,0.7026705761405367,0,4.0
10,40,0.6016073572449147,0,4.0
10,40,0.46356394268467543,0,4.0
10,40,0.5657935121783766,0,4.0
10,40,0.5168333746917305,0,4.0
10,40,0.5973661876782258,0,4.0
10,40,0.6887518347645036,0,4.0
10,40,0.5322971877589333,0,4.0
10,40,0.43693690383611167,0,4.0
10,40,0.5046099231159747,0,4.0
10,40,0.6666147500037702,0,4.0
10,40,0.5918789238914801,0,4.0
10,40,0.5132190460693364,0,4.0
10,40,0.5531025059213698,0,4.0
10,40,0.4931041487176341,0,4.0
10,40,0.45440396005967554,0,4.0
10,40,0.5419516004541977,0,4.0
10,40,0.39654158910688414,0,4.0
10,40,0.547249521899627,0,4.0
10,40,0.5326359469877096,0,4.0
10,40,0.39013778658988935,0,4.0
10,40,0.5289931004636196,0,4.0
10,40,0.5434605522490894,0,4.0
10,40,0.6590148739831443,0,4.0
10,40,0.36448216634963027,0,4.0
10,40,0.6001698878070014,0,4.0
10,40,0.42330414447749337,0,4.0
10,40,0.5389004908428036,0,4.0
10,40,0.5091598326859453,0,4.0
10,40,0.5552945862340181,0,4.0
10,40,0.6297863211556113,0,4.0
10,40,0.6176099319179429,0,4.0
10,40,0.5509995543611459,0,4.0
10,40,0.4694301461819104,0,4.0
10,40,0.4812257276368088,0,4.0
10,40,0.7152140149438595,0,4.0
10,40,0.6978501253282829,0,4.0
10,40,0.5093969821852694,0,4.0
10,40,0.6300872395791518,0,4.0
10,40,0.30179850608840847,0,4.0
10,40,0.4593416299901676,0,4.0
10,40,0.5934813512666828,0,4.0
10,40,0.666124438948548,0,4.0
10,40,0.37247887065165125,0,4.0
10,40,0.6395513203302013,0,4.0
10,40,0.572669487523096,0,4.0
10,40,0.5632922594980214,0,4.0
10,40,0.5499975830012062,0,4.0
10,40,0.36690466078992445,0,4.0
10,40,0.5324184755002161,0,4.0
10,40,0.5692372304195595,0,4.0
10,40,0.42434585194111646,0,4.0
10,40,0.38768674731365504,0,4.0
