Eval_Point,BERT_Uniqueness_R,BERT_Redundancy_R,DistilBERT_Uniqueness_R,DistilBERT_Redundancy_R,RoBERTa_Uniqueness_R,RoBERTa_Redundancy_R,ALBERT_Uniqueness_R,ALBERT_Redundancy_R,XLNet_Uniqueness_R,XLNet_Redundancy_R
Sample 1 $\theta=0.00$,0.2453924524720151,3.885780586188048e-16,0.15681610327225648,0.0,0.14447029923828428,8.378714388967978e-16,0.20170299289568167,2.7755575615628914e-16,0.09468618238154078,5.967448757360216e-16
Sample 1 $\theta=0.10$,0.15962101075507942,2.498001805406602e-16,0.1262782906873208,2.7755575615628914e-16,0.09159118072112313,4.440892098500626e-16,0.009058698269639287,1.1102230246251565e-16,0.07150197947470549,4.3021142204224816e-16
Sample 1 $\theta=0.20$,0.5529659921268337,7.771561172376096e-16,0.1605303124359298,3.885780586188048e-16,0.21413941440263795,1.1553258350005535e-15,0.09914722900416917,1.6653345369377348e-16,0.18786261653030964,1.1119577481011333e-15
Sample 1 $\theta=0.30$,0.3416994939606854,4.996003610813204e-16,0.12393142959168796,1.1102230246251565e-16,0.15203555138867964,8.777700788442644e-16,0.18641942948903378,2.220446049250313e-16,0.16209926114148676,9.471590178833367e-16
Sample 1 $\theta=0.40$,0.1428842652952382,2.220446049250313e-16,0.1408863918969402,5.551115123125783e-17,0.08484065760776513,4.926614671774132e-16,0.2303615518751681,2.7755575615628914e-16,0.10788885428010672,6.245004513516506e-16
Sample 1 $\theta=0.50$,0.30648790711401597,5.551115123125783e-16,0.19961540807746275,2.7755575615628914e-17,0.0948172346036491,7.216449660063518e-16,0.13265455112871438,3.3306690738754696e-16,0.1266753410516625,9.159339953157541e-16
Sample 1 $\theta=0.60$,0.10694341028792931,5.551115123125783e-16,0.2665093599647631,2.7755575615628914e-17,0.07739967872340658,0.0,0.06564822054348263,4.440892098500626e-16,0.001987587379342015,5.551115123125783e-16
Sample 1 $\theta=0.70$,0.21719678276521437,6.661338147750939e-16,0.3436560367643854,1.1102230246251565e-16,0.1946954443183253,4.440892098500626e-16,0.02704510939366045,3.885780586188048e-16,0.23008952462330645,1.6653345369377348e-15
Sample 1 $\theta=0.80$,0.20771624816409062,7.771561172376096e-16,0.3942757824950026,1.8041124150158794e-16,0.10644455667106656,0.0,0.05194114374006026,3.885780586188048e-16,0.12474199044593304,1.1102230246251565e-15
Sample 1 $\theta=0.90$,0.42034390119223175,6.661338147750939e-16,0.40909766796194885,2.498001805406602e-16,0.04564087038612358,4.996003610813204e-16,0.2813970615900607,3.3306690738754696e-16,0.268773939415784,1.582067810090848e-15
Sample 2 $\theta=0.00$,0.0036571947884842526,5.551115123125783e-16,0.3624584797734326,1.1102230246251565e-16,0.0003202177025909414,4.440892098500626e-16,0.1974633662317209,6.661338147750939e-16,0.025607532260312316,5.551115123125783e-16
Sample 2 $\theta=0.10$,0.007231283499049335,5.551115123125783e-16,0.3995484345337821,1.1102230246251565e-16,0.0007026338311784119,4.440892098500626e-16,0.20814451358535446,7.771561172376096e-16,0.031869987288555834,4.440892098500626e-16
Sample 2 $\theta=0.20$,0.003961698350864684,5.551115123125783e-16,0.4542312643946953,0.0,0.0013242586602799644,4.440892098500626e-16,0.24932219812123235,7.771561172376096e-16,0.03033655818548242,4.440892098500626e-16
Sample 2 $\theta=0.30$,0.0821726158024152,6.661338147750939e-16,0.09511407937967348,5.551115123125783e-16,0.008675409618799979,2.220446049250313e-16,0.2957490514896388,3.885780586188048e-16,0.08588102443683676,2.220446049250313e-16
Sample 2 $\theta=0.40$,0.08465617654106539,6.661338147750939e-16,0.054684657912428214,4.440892098500626e-16,0.01266002778279185,3.3306690738754696e-16,0.27228043712877326,3.885780586188048e-16,0.08210061698573712,2.220446049250313e-16
Sample 2 $\theta=0.50$,0.33007230326410697,8.881784197001252e-16,0.03794184128683914,4.440892098500626e-16,0.47210404539112116,2.1094237467877974e-15,0.13569047710171134,3.3306690738754696e-16,0.6646075085142242,3.747002708109903e-15
Sample 2 $\theta=0.60$,0.11094051058678889,5.551115123125783e-16,0.2140740588874917,2.7755575615628914e-17,0.06584090231290474,1.1102230246251565e-16,0.10354906699664312,4.440892098500626e-16,0.013262373245260695,5.551115123125783e-16
Sample 2 $\theta=0.70$,0.26530389601697757,8.881784197001252e-16,0.008138920311483944,3.3306690738754696e-16,0.05483427567894994,6.661338147750939e-16,0.18623413196363536,3.3306690738754696e-16,0.017157148533586075,6.661338147750939e-16
Sample 2 $\theta=0.80$,0.3832022512034563,8.881784197001252e-16,0.35624038831277577,6.938893903907228e-17,0.41084559134973814,1.6653345369377348e-15,0.11980955991653791,3.885780586188048e-16,0.6356143095371898,3.58046925441613e-15
Sample 2 $\theta=0.90$,0.3353370097025905,7.771561172376096e-16,0.330649908622344,8.326672684688674e-17,0.134542449851065,3.3306690738754696e-16,0.06236237559165636,3.3306690738754696e-16,0.2834529905876515,1.887379141862766e-15
Sample 3 $\theta=0.00$,0.0009018191088252386,8.673617379884035e-18,0.1503190541134382,2.220446049250313e-16,0.00047080627320714467,6.310056643865636e-17,0.08241258488873601,8.673617379884035e-18,0.011358588007348864,5.139118297581291e-17
Sample 3 $\theta=0.10$,0.0008963606330473347,1.6479873021779667e-17,0.23214808494408348,3.3306690738754696e-16,0.00011698623856812047,9.237402509576498e-17,0.12909823843674234,1.3877787807814457e-17,0.017125307173522133,7.752045533271357e-17
Sample 3 $\theta=0.20$,0.03804713434857238,2.5153490401663703e-17,0.024129829531048308,1.1102230246251565e-16,0.0019619918689012745,1.214306433183765e-17,0.1350913403482256,1.6653345369377348e-16,0.0495103667019854,2.616179842207522e-16
Sample 3 $\theta=0.30$,0.0617023729116902,5.724587470723463e-17,0.26580992489919864,1.3877787807814457e-16,0.008317133466983512,9.8879238130678e-17,0.34310681066276105,2.7755575615628914e-16,0.057351613434455544,3.165870343657673e-16
Sample 3 $\theta=0.40$,0.15587334374833114,2.498001805406602e-16,0.3788476394513556,2.636779683484747e-16,0.12175873647311955,7.849623728795052e-16,0.3557569827149728,2.7755575615628914e-16,0.05710073997140318,3.95516952522712e-16
Sample 3 $\theta=0.50$,0.08430813419288763,3.3306690738754696e-16,0.2919846451986722,1.6653345369377348e-16,0.29186428838099265,1.7763568394002505e-15,0.08055540043008669,3.885780586188048e-16,0.3195510296908056,1.2212453270876722e-15
Sample 3 $\theta=0.60$,0.06561730537867667,4.85722573273506e-17,0.15828744258842964,5.551115123125783e-17,0.009620810852299329,6.938893903907228e-17,0.2726253813822066,2.7755575615628914e-16,0.053636167001124585,3.0531133177191805e-16
Sample 3 $\theta=0.70$,0.09288990223210347,5.551115123125783e-16,0.3403398628760152,1.3877787807814457e-16,0.021758394432550898,3.3306690738754696e-16,0.03943419742870363,4.440892098500626e-16,0.085907530342057,2.220446049250313e-16
Sample 3 $\theta=0.80$,0.3828201450354777,1.1102230246251565e-16,0.42363088977291036,2.949029909160572e-16,0.22676344000305226,8.881784197001252e-16,0.1947932184411616,3.3306690738754696e-16,0.10186986021605027,1.1102230246251565e-16
Sample 3 $\theta=0.90$,0.21779793772583378,6.661338147750939e-16,0.4090327977761286,1.942890293094024e-16,0.19187237187064954,5.551115123125783e-16,0.08658128358522238,3.885780586188048e-16,0.23839602058241494,1.6653345369377348e-15
Sample 4 $\theta=0.00$,1.730480739159379e-05,5.551115123125783e-16,0.8410031077792111,4.996003610813204e-16,9.631678195254345e-05,6.661338147750939e-16,0.48307924873970887,7.771561172376096e-16,0.04988721841642263,4.440892098500626e-16
Sample 4 $\theta=0.10$,1.730480739159379e-05,5.551115123125783e-16,0.8410031077792111,4.996003610813204e-16,9.631678195254345e-05,6.661338147750939e-16,0.48307924873970887,7.771561172376096e-16,0.04988721841642263,4.440892098500626e-16
Sample 4 $\theta=0.20$,4.536609908922795e-05,5.551115123125783e-16,0.6459484925319968,3.3306690738754696e-16,3.829678447453411e-05,5.551115123125783e-16,0.3710381497274369,7.771561172376096e-16,0.038322628349082954,4.440892098500626e-16
Sample 4 $\theta=0.30$,0.05840014903546675,5.551115123125783e-16,0.17407657613611027,1.6653345369377348e-16,0.006034046823713224,3.3306690738754696e-16,0.07114024426487808,5.551115123125783e-16,0.07533097662941868,2.220446049250313e-16
Sample 4 $\theta=0.40$,0.08158394205418218,6.661338147750939e-16,0.05435913774933604,2.220446049250313e-16,0.008334625733538603,3.3306690738754696e-16,0.2073734398484861,3.885780586188048e-16,0.09384075813319503,1.1102230246251565e-16
Sample 4 $\theta=0.50$,0.08264864088787438,6.661338147750939e-16,0.12542415436875226,1.6653345369377348e-16,0.009732739934011136,3.3306690738754696e-16,0.1690649451968853,3.885780586188048e-16,0.0974766641354119,1.1102230246251565e-16
Sample 4 $\theta=0.60$,0.6178309941330183,3.608224830031759e-16,0.009036470418088693,3.3306690738754696e-16,0.2842683312868812,1.3322676295501878e-15,0.0528399460434838,3.3306690738754696e-16,0.19657771277799474,6.661338147750939e-16
Sample 4 $\theta=0.70$,0.36852792208937424,7.771561172376096e-16,0.004252885423916386,3.3306690738754696e-16,0.2546872446322861,1.4988010832439613e-15,0.06382259720165884,2.7755575615628914e-16,0.03627147693281313,1.6653345369377348e-16
Sample 4 $\theta=0.80$,0.08431464554240597,5.551115123125783e-16,0.4283934073893448,2.498001805406602e-16,0.008180559647199104,4.440892098500626e-16,0.005474600785048134,4.440892098500626e-16,0.1154748482730823,0.0
Sample 4 $\theta=0.90$,0.12099848942538671,5.551115123125783e-16,0.12035820457868712,4.440892098500626e-16,0.07596878033290289,2.220446049250313e-16,0.1720867751952343,2.7755575615628914e-16,0.10717965357331305,9.992007221626409e-16
Sample 5 $\theta=0.00$,0.0025918768369393996,5.551115123125783e-16,0.5741406406211915,1.6653345369377348e-16,0.00034026047956947636,5.551115123125783e-16,0.32183540606998773,7.771561172376096e-16,0.03704791380174588,4.440892098500626e-16
Sample 5 $\theta=0.10$,0.0006710599286920971,5.551115123125783e-16,0.6497176343941812,2.7755575615628914e-16,0.0002365949040534776,5.551115123125783e-16,0.37032699278065206,7.771561172376096e-16,0.0396521061906715,4.440892098500626e-16
Sample 5 $\theta=0.20$,0.0028393890801907684,5.551115123125783e-16,0.6346553157715966,2.7755575615628914e-16,0.0004731157215088766,5.551115123125783e-16,0.35493603266601326,7.771561172376096e-16,0.04141881767201139,4.440892098500626e-16
Sample 5 $\theta=0.30$,0.07929415495610603,6.661338147750939e-16,0.024916391165494045,2.7755575615628914e-16,0.008711104045259987,3.3306690738754696e-16,0.22652429815222286,3.885780586188048e-16,0.09488687650079408,1.1102230246251565e-16
Sample 5 $\theta=0.40$,0.08014481860631018,6.661338147750939e-16,0.13981089654393936,1.1102230246251565e-16,0.009403818668280883,3.3306690738754696e-16,0.16072512752510693,3.885780586188048e-16,0.10046843787392179,1.1102230246251565e-16
Sample 5 $\theta=0.50$,0.12637110039862898,3.3306690738754696e-16,0.04676616264315542,2.7755575615628914e-16,0.08759961953852646,2.220446049250313e-16,0.17239431865746235,3.885780586188048e-16,0.13723992634055648,1.1102230246251565e-16
Sample 5 $\theta=0.60$,0.1441552530993322,6.661338147750939e-16,0.23200508253541563,2.7755575615628914e-17,0.11979251636778732,1.1102230246251565e-15,0.0912215055604444,4.440892098500626e-16,0.18319761968242543,3.3306690738754696e-16
Sample 5 $\theta=0.70$,0.1420540164008658,6.661338147750939e-16,0.18854311149066427,5.551115123125783e-17,0.11665845389381801,8.881784197001252e-16,0.10723672477024127,4.440892098500626e-16,0.1729027309275053,3.3306690738754696e-16
Sample 5 $\theta=0.80$,0.13380866031034566,6.661338147750939e-16,0.3298491365510386,1.249000902703301e-16,0.06627592255396597,0.0,0.02234915414101657,3.885780586188048e-16,0.036901337577191384,6.661338147750939e-16
Sample 5 $\theta=0.90$,0.530436732346608,3.608224830031759e-16,0.370971706039807,2.0816681711721685e-16,0.4032406650487282,1.7763568394002505e-15,0.23885670165067813,3.3306690738754696e-16,0.02722147541332076,3.3306690738754696e-16
Sample 6 $\theta=0.00$,0.00028407417611846794,4.423544863740858e-17,0.7535319150097827,9.992007221626409e-16,0.00023117508370053882,3.0054084221298183e-16,0.43028765827588783,6.591949208711867e-17,0.04628958969954248,2.0057740190981832e-16
Sample 6 $\theta=0.10$,0.0009323293593859134,3.5561831257524545e-17,0.5766853733727056,7.771561172376096e-16,0.00022239419194903989,2.3158558404290375e-16,0.32869840143378576,5.0306980803327406e-17,0.03677613519851994,1.6089560239684886e-16
Sample 6 $\theta=0.20$,0.002580332001602832,4.597017211338539e-17,0.7296818898316718,9.992007221626409e-16,0.0008126528801718838,2.875304161431558e-16,0.41640008352379493,6.245004513516506e-17,0.04608567657371928,2.0122792321330962e-16
Sample 6 $\theta=0.30$,0.11900657973596807,6.661338147750939e-16,0.01332182854948194,3.3306690738754696e-16,0.027323289204830847,5.551115123125783e-16,0.23513456395180876,3.885780586188048e-16,0.0922190788908459,1.1102230246251565e-16
Sample 6 $\theta=0.40$,0.05537923568611329,2.0816681711721685e-17,0.24519620176109663,5.551115123125783e-16,0.00958352272743426,9.80118763926896e-17,0.04886271900636119,2.220446049250313e-16,0.09046313400209846,4.618701254788249e-16
Sample 6 $\theta=0.50$,0.1792260161968653,5.551115123125783e-16,0.15095702485846985,4.440892098500626e-16,0.4324956384796306,2.3869795029440866e-15,0.22586232108714144,3.3306690738754696e-16,0.4056195366197408,1.5543122344752192e-15
Sample 6 $\theta=0.60$,0.1819884953689609,2.220446049250313e-16,0.27358908665541354,7.771561172376096e-16,0.07863600227234135,2.220446049250313e-16,0.33266397974555384,3.885780586188048e-16,0.15279603533044472,2.220446049250313e-16
Sample 6 $\theta=0.70$,0.07288524111838068,6.661338147750939e-16,0.11688590148640293,5.551115123125783e-16,0.011144606726440243,1.1102230246251565e-16,0.3034053437958597,3.885780586188048e-16,0.08560588848664252,1.1102230246251565e-16
Sample 6 $\theta=0.80$,0.05703566785197042,1.214306433183765e-17,0.3473409415737506,6.661338147750939e-16,0.00453078291177338,1.6306400674181987e-16,0.011953019890409922,2.220446049250313e-16,0.09915785368902065,5.030698080332741e-16
Sample 6 $\theta=0.90$,0.17914092605444298,1.6653345369377348e-16,0.43452930086510494,8.881784197001252e-16,0.1609522604499405,8.881784197001252e-16,0.28662910698979105,2.7755575615628914e-16,0.03774905979773213,4.440892098500626e-16
Sample 7 $\theta=0.00$,0.0021106018085589318,5.551115123125783e-16,0.5873585224022394,1.6653345369377348e-16,0.0015230219765858255,5.551115123125783e-16,0.33328745641586366,7.771561172376096e-16,0.034364620625847886,4.440892098500626e-16
Sample 7 $\theta=0.10$,0.005155677271539649,5.551115123125783e-16,0.5250330284165822,1.6653345369377348e-16,0.00903216322122713,4.440892098500626e-16,0.2881479132921403,7.771561172376096e-16,0.034397135753537755,4.440892098500626e-16
Sample 7 $\theta=0.20$,0.08526004325465741,5.551115123125783e-16,0.07905593197192595,2.7755575615628914e-16,0.0033435026335461027,3.3306690738754696e-16,0.13896370580604267,4.440892098500626e-16,0.06859421478376049,2.220446049250313e-16
Sample 7 $\theta=0.30$,0.395808201509043,8.881784197001252e-16,0.04555888173882572,3.3306690738754696e-16,0.3229609674185897,1.8318679906315083e-15,0.12500506609948392,2.7755575615628914e-16,0.11036868604112915,1.1102230246251565e-16
Sample 7 $\theta=0.40$,0.08563839287434094,6.661338147750939e-16,0.02772661123906489,3.3306690738754696e-16,0.014842072515116822,2.220446049250313e-16,0.25596816884835816,3.885780586188048e-16,0.08013105183049618,2.220446049250313e-16
Sample 7 $\theta=0.50$,0.5540588978690368,7.771561172376096e-16,0.1747195564346663,1.1102230246251565e-16,0.015518818704014226,3.885780586188048e-16,0.07541321152821262,3.3306690738754696e-16,0.3651121734121323,2.1649348980190553e-15
Sample 7 $\theta=0.60$,0.09784714160003682,5.551115123125783e-16,0.2316003206696145,0.0,0.037317806800214015,3.3306690738754696e-16,0.09594739037387456,4.440892098500626e-16,0.055518038381568324,3.3306690738754696e-16
Sample 7 $\theta=0.70$,0.1570673660701024,6.661338147750939e-16,0.4000430960142561,1.8735013540549517e-16,0.14887970189338406,3.3306690738754696e-16,0.02684897741054304,4.440892098500626e-16,0.11258767650333301,1.1102230246251565e-15
Sample 7 $\theta=0.80$,0.18941378070684967,6.661338147750939e-16,0.3865323300134844,1.8041124150158794e-16,0.08881310035550971,0.0,0.024996738209942415,4.440892098500626e-16,0.07817655936133672,9.992007221626409e-16
Sample 7 $\theta=0.90$,0.31804301853003214,7.771561172376096e-16,0.4176069430429219,1.9081958235744878e-16,0.1997473176935738,5.551115123125783e-16,0.09950086755651233,3.885780586188048e-16,0.3253862946235625,2.1094237467877974e-15
Sample 8 $\theta=0.00$,0.1583967536330668,1.1449174941446927e-16,0.09798181167031028,3.885780586188048e-16,0.2222378991824945,1.1934897514720433e-15,0.056785071099440865,1.6653345369377348e-16,0.19773544474281363,1.01871636126738e-15
Sample 8 $\theta=0.10$,0.04159314026682133,1.3877787807814457e-17,0.11152895820444914,3.3306690738754696e-16,0.0124992839991203,1.3877787807814457e-16,0.07325243456270986,1.6653345369377348e-16,0.08085055934555238,4.215378046623641e-16
Sample 8 $\theta=0.20$,0.03455737470292304,6.938893903907228e-18,0.4828408857782783,6.661338147750939e-16,0.07912191301677982,5.967448757360216e-16,0.28204213497710146,3.122502256758253e-17,0.0829713627259577,4.0766001685454967e-16
Sample 8 $\theta=0.30$,0.23625790213910502,1.249000902703301e-16,0.22619208182300843,4.996003610813204e-16,0.5062597742431801,2.55351295663786e-15,0.10803362566154245,1.6653345369377348e-16,0.38489732919106395,1.9984014443252818e-15
Sample 8 $\theta=0.40$,0.6820735558725514,1.1102230246251565e-15,0.058871082817285314,1.6653345369377348e-16,0.5635044693139086,3.101685575046531e-15,0.021853050863915313,2.7755575615628914e-16,0.1289894721179976,2.7755575615628914e-16
Sample 8 $\theta=0.50$,0.30263014896714124,8.881784197001252e-16,0.027042060548117752,3.3306690738754696e-16,0.11675040467690934,9.992007221626409e-16,0.19208985085406416,2.7755575615628914e-16,0.01580956299413283,4.440892098500626e-16
Sample 8 $\theta=0.60$,0.04200402342829064,1.1102230246251565e-16,0.031941585275436946,2.7755575615628914e-16,0.053985308609902694,2.40692882291782e-16,0.1500401065052313,2.220446049250313e-16,0.08879507143261536,4.9439619065339e-16
Sample 8 $\theta=0.70$,0.2704808698529466,0.0,0.24805839660968337,8.326672684688674e-17,0.19344134216266323,7.771561172376096e-16,0.1297499649439069,3.3306690738754696e-16,0.01967984979940829,2.220446049250313e-16
Sample 8 $\theta=0.80$,0.10841486127927547,1.6653345369377348e-16,0.2704881907822498,8.326672684688674e-17,0.21533940435961102,8.881784197001252e-16,0.11629788640985783,3.3306690738754696e-16,0.1038190910124348,8.326672684688674e-16
Sample 8 $\theta=0.90$,0.0010697730483125167,8.326672684688674e-17,0.24645837305643742,1.1102230246251565e-16,0.13558424553530643,7.91033905045424e-16,0.2744034759380207,2.7755575615628914e-16,0.06879736117795657,2.220446049250313e-16
Sample 9 $\theta=0.00$,0.0017129881415526987,6.7220534694101275e-18,0.13074678202439882,1.942890293094024e-16,0.0013083906939656918,5.898059818321144e-17,0.07234850044111002,6.938893903907228e-18,0.009692492400385201,4.401860820291148e-17
Sample 9 $\theta=0.10$,0.00971723556457995,1.0842021724855044e-17,0.31002959688329235,4.440892098500626e-16,0.012757875534920058,1.8735013540549517e-16,0.1739603548776243,1.9081958235744878e-17,0.027333521438450845,1.2663481374630692e-16
Sample 9 $\theta=0.20$,0.00697803240360328,1.3877787807814457e-17,0.2968981122128752,3.885780586188048e-16,0.007445623999969057,1.5612511283791264e-16,0.1663368990600742,1.734723475976807e-17,0.0230569227173327,1.0668549377257364e-16
Sample 9 $\theta=0.30$,0.05880109769040061,3.469446951953614e-17,0.013978150655036048,2.7755575615628914e-16,0.0105309732957828,8.673617379884035e-19,0.1794919186527636,2.220446049250313e-16,0.0717953531252293,3.7990444123892075e-16
Sample 9 $\theta=0.40$,0.09934595147823519,6.418476861114186e-17,0.0370286351343162,2.220446049250313e-16,0.07292523466374792,3.434752482434078e-16,0.19120381857259544,2.220446049250313e-16,0.03831444422848357,1.3877787807814457e-16
Sample 9 $\theta=0.50$,0.07244677390829043,4.423544863740858e-17,0.07073489928138521,3.3306690738754696e-16,0.024553255851370557,4.85722573273506e-17,0.14430401298132317,2.220446049250313e-16,0.048660455967156874,2.636779683484747e-16
Sample 9 $\theta=0.60$,0.6801553108877706,8.881784197001252e-16,0.2843335895890104,1.1102230246251565e-16,0.2834123012383461,1.7486012637846216e-15,0.15724100620967552,3.3306690738754696e-16,0.18318575411583188,1.2212453270876722e-15
Sample 9 $\theta=0.70$,0.36974275532666845,7.771561172376096e-16,0.08992043807147404,3.3306690738754696e-16,0.36303063952208503,1.9984014443252818e-15,0.10557747335035306,2.7755575615628914e-16,0.13896314882953825,3.3306690738754696e-16
Sample 9 $\theta=0.80$,0.2181754018183742,5.551115123125783e-17,0.1683553380951921,5.551115123125783e-17,0.3289323366226373,1.6653345369377348e-15,0.14029194385671095,3.3306690738754696e-16,0.2033659026916595,1.2212453270876722e-15
Sample 9 $\theta=0.90$,0.07780296867098924,2.220446049250313e-16,0.09718456429815758,3.3306690738754696e-16,0.15994391875993075,6.661338147750939e-16,0.1092776484953295,2.7755575615628914e-16,0.08043676393930133,7.771561172376096e-16
Sample 10 $\theta=0.00$,5.813151306521824e-05,5.551115123125783e-16,0.3491476544892008,2.220446049250313e-16,0.00016371723814767591,4.440892098500626e-16,0.20055825760432477,6.661338147750939e-16,0.020541997159654768,5.551115123125783e-16
Sample 10 $\theta=0.10$,0.0003171883444034185,5.551115123125783e-16,0.42429014900987194,1.1102230246251565e-16,0.00022848516403817243,4.440892098500626e-16,0.24387795507215848,7.771561172376096e-16,0.02500941732694839,5.551115123125783e-16
Sample 10 $\theta=0.20$,0.0001641209501597185,5.551115123125783e-16,0.37854786002569674,1.1102230246251565e-16,0.0003250496641354905,4.440892098500626e-16,0.21753638723835111,6.661338147750939e-16,0.02188941753483542,5.551115123125783e-16
Sample 10 $\theta=0.30$,0.08168693419002537,6.661338147750939e-16,0.06791736826023298,4.440892098500626e-16,0.00859303815717094,3.3306690738754696e-16,0.27802460087056713,3.885780586188048e-16,0.08653039074531654,2.220446049250313e-16
Sample 10 $\theta=0.40$,0.08310525490722542,6.661338147750939e-16,0.216523684167146,6.661338147750939e-16,0.008875713302233912,2.220446049250313e-16,0.36650894983410354,3.885780586188048e-16,0.07847695734999538,2.220446049250313e-16
Sample 10 $\theta=0.50$,0.08246562778657607,6.661338147750939e-16,0.1485826314928873,5.551115123125783e-16,0.009071131897679496,2.220446049250313e-16,0.3269163753398958,3.885780586188048e-16,0.08238772506480241,2.220446049250313e-16
Sample 10 $\theta=0.60$,0.08223024536053913,5.551115123125783e-16,0.2849383832447755,5.551115123125783e-17,0.009323766716655135,4.440892098500626e-16,0.0776674533200753,4.440892098500626e-16,0.10781251381275214,1.1102230246251565e-16
Sample 10 $\theta=0.70$,0.16419859239009105,7.771561172376096e-16,0.051160403189067394,4.440892098500626e-16,0.15881491221230604,4.440892098500626e-16,0.2286040006224881,3.3306690738754696e-16,0.1574712857452748,1.3322676295501878e-15
Sample 10 $\theta=0.80$,0.08712738043286727,6.661338147750939e-16,0.25750905921548894,6.661338147750939e-16,0.012352964760628637,1.1102230246251565e-16,0.38828257623639595,3.885780586188048e-16,0.06825551276336084,2.220446049250313e-16
Sample 10 $\theta=0.90$,0.06228430097660842,5.551115123125783e-16,0.07145054268273004,2.7755575615628914e-16,0.17052697863032684,5.551115123125783e-16,0.05530788924497254,2.7755575615628914e-16,0.15613856022137929,1.2212453270876722e-15
Sample 11 $\theta=0.00$,0.9338682918679815,1.2212453270876722e-15,0.13073750281216806,2.7755575615628914e-16,0.34386649687785686,1.942890293094024e-15,0.2480453715444445,2.2551405187698492e-17,0.21982222761922998,1.3634926521177704e-15
Sample 11 $\theta=0.10$,0.7737284277315838,9.992007221626409e-16,0.35297869072119226,5.551115123125783e-16,0.28558638622818466,1.5144135945277526e-15,0.34518642308418623,1.734723475976807e-18,0.19646886104236208,1.1900203045200897e-15
Sample 11 $\theta=0.20$,0.5710947822445768,7.771561172376096e-16,0.33098348850320386,5.551115123125783e-16,0.21079984284080247,1.0824674490095276e-15,0.2689098743434217,1.3877787807814457e-17,0.1667884088295841,9.857566152238206e-16
Sample 11 $\theta=0.30$,0.18626033700678782,3.3306690738754696e-16,0.11021836792310447,1.6653345369377348e-16,0.08183144377014318,4.85722573273506e-16,0.19457680487809673,2.220446049250313e-16,0.13268918918717504,7.73686670285656e-16
Sample 11 $\theta=0.40$,0.07767129209224732,6.661338147750939e-16,0.037974593992168904,2.7755575615628914e-16,0.023821928154005967,2.220446049250313e-16,0.2145067807410097,3.885780586188048e-16,0.07798702408173108,2.220446049250313e-16
Sample 11 $\theta=0.50$,0.2512022351400788,3.885780586188048e-16,0.2614263499658243,1.1102230246251565e-16,0.09123189944393287,6.106226635438361e-16,0.27136921556112714,2.7755575615628914e-16,0.1550189560375487,9.072603779358701e-16
Sample 11 $\theta=0.60$,0.3443324389386675,0.0,0.07984511248881232,2.220446049250313e-16,0.11402210196983398,3.3306690738754696e-16,0.04228526723523385,3.3306690738754696e-16,0.19787383351250598,5.551115123125783e-16
Sample 11 $\theta=0.70$,0.36407643978140414,1.942890293094024e-16,0.09631735775368966,1.6653345369377348e-16,0.14851679268968798,6.661338147750939e-16,0.07646707331239855,2.7755575615628914e-16,0.10416074538524417,3.3306690738754696e-16
Sample 11 $\theta=0.80$,0.17201131228186073,2.220446049250313e-16,0.04676028846389346,2.7755575615628914e-16,0.30585295305891047,1.4432899320127035e-15,0.07175449607346085,3.3306690738754696e-16,0.12532547158631757,9.992007221626409e-16
Sample 11 $\theta=0.90$,0.5476820789198662,4.0245584642661925e-16,0.3453027998089861,1.8041124150158794e-16,0.4308751660822468,1.9984014443252818e-15,0.23266352082379216,3.3306690738754696e-16,0.05073197872262336,4.996003610813204e-16
Sample 12 $\theta=0.00$,0.0005018886306892877,1.3010426069826053e-17,0.22953402192082428,3.0531133177191805e-16,0.00015085819259225705,9.280770596475918e-17,0.13050846502318383,1.9081958235744878e-17,0.014274258527235467,6.21247844834194e-17
Sample 12 $\theta=0.10$,4.737385968391463e-05,2.3201926491189795e-17,0.400562315106685,5.551115123125783e-16,1.7266558669832774e-05,1.603535013106061e-16,0.22960630916861446,3.642919299551295e-17,0.024023051118861605,1.0364972768961422e-16
Sample 12 $\theta=0.20$,0.002546139617174424,2.42861286636753e-17,0.3642168458039472,4.996003610813204e-16,0.0018301341807989537,1.3530843112619095e-16,0.20950491364231705,3.209238430557093e-17,0.0213262982960529,9.324138683375338e-17
Sample 12 $\theta=0.30$,0.06523825845875984,4.83554168928535e-17,0.023806046282506876,2.220446049250313e-16,0.006544134069800728,8.023096076392733e-18,0.2053978310805806,2.220446049250313e-16,0.07180407617879543,3.7708551559045844e-16
Sample 12 $\theta=0.40$,0.10421677097560655,5.551115123125783e-17,0.0504477851753144,1.6653345369377348e-16,0.029630507894479075,1.3877787807814457e-16,0.1891344133855501,2.220446049250313e-16,0.0038234543060906567,4.163336342344337e-17
Sample 12 $\theta=0.50$,0.12374380103474536,9.020562075079397e-17,0.019537701929421614,2.220446049250313e-16,0.05622472591528833,3.191891195797325e-16,0.18665557184003356,2.220446049250313e-16,0.08387937173339383,4.579669976578771e-16
Sample 12 $\theta=0.60$,0.6887756987258671,4.163336342344337e-16,0.12350904964567289,1.6653345369377348e-16,0.3611769714269383,1.6653345369377348e-15,0.003477140032712045,3.3306690738754696e-16,0.185938806870937,5.551115123125783e-16
Sample 12 $\theta=0.70$,0.13035147050775386,6.661338147750939e-16,0.09972131200267065,1.6653345369377348e-16,0.02043965973955042,4.440892098500626e-16,0.10436563133615262,3.3306690738754696e-16,0.039318619446349956,3.3306690738754696e-16
Sample 12 $\theta=0.80$,0.027725885009899254,5.551115123125783e-16,0.18320196040029313,6.661338147750939e-16,0.2605901814795528,1.2212453270876722e-15,0.2039399259464202,2.7755575615628914e-16,0.23863572635530317,1.5543122344752192e-15
Sample 12 $\theta=0.90$,0.27617466945258773,7.771561172376096e-16,0.14134423225343884,1.6653345369377348e-16,0.13242077345513104,3.3306690738754696e-16,0.07078963205040456,3.3306690738754696e-16,0.23250663003778094,1.6653345369377348e-15
Sample 13 $\theta=0.00$,0.00016190854925268727,5.551115123125783e-16,0.4594428329638309,0.0,0.0001328576006298654,4.440892098500626e-16,0.26357324492687384,7.771561172376096e-16,0.027170149406176014,5.551115123125783e-16
Sample 13 $\theta=0.10$,0.0015812393787050238,5.551115123125783e-16,0.47992582870226597,0.0,0.0025342867121744828,4.440892098500626e-16,0.2756867274674488,7.771561172376096e-16,0.029901839085513804,4.440892098500626e-16
Sample 13 $\theta=0.20$,0.0012450513870129187,5.551115123125783e-16,0.6758740871428387,3.3306690738754696e-16,0.0005052077562124335,5.551115123125783e-16,0.38851543877014194,7.771561172376096e-16,0.040216504254296126,4.440892098500626e-16
Sample 13 $\theta=0.30$,0.07757359269143937,6.661338147750939e-16,0.06365867650589585,2.220446049250313e-16,0.008950043263918128,3.3306690738754696e-16,0.19368182922766086,4.440892098500626e-16,0.09112016454443461,1.1102230246251565e-16
Sample 13 $\theta=0.40$,0.0816442463041337,6.661338147750939e-16,0.35232604120931127,8.881784197001252e-16,0.00958242971662715,2.220446049250313e-16,0.4429272790250338,3.885780586188048e-16,0.06970984383930545,2.220446049250313e-16
Sample 13 $\theta=0.50$,0.07954219078408054,6.661338147750939e-16,0.03936274212006213,2.7755575615628914e-16,0.00989431591105916,3.3306690738754696e-16,0.21797286930306314,3.885780586188048e-16,0.09414904123651091,1.1102230246251565e-16
Sample 13 $\theta=0.60$,0.16266930847414796,3.3306690738754696e-16,0.21326123694074556,6.661338147750939e-16,0.198895284068224,8.881784197001252e-16,0.22471659702522195,2.7755575615628914e-16,0.0330108130175879,5.551115123125783e-16
Sample 13 $\theta=0.70$,0.08110570533926087,2.220446049250313e-16,0.3006085355156313,6.661338147750939e-16,0.03689596168174114,2.220446049250313e-16,0.2211629072386041,2.7755575615628914e-16,0.03570048123248171,1.1102230246251565e-16
Sample 13 $\theta=0.80$,0.04416352347868302,3.3306690738754696e-16,0.4023597071911478,7.771561172376096e-16,0.04269893171323447,1.1102230246251565e-16,0.32215072241094256,2.7755575615628914e-16,0.02479607904496106,2.220446049250313e-16
Sample 13 $\theta=0.90$,0.17097494751478726,2.220446049250313e-16,0.4040881883464588,7.771561172376096e-16,0.17447758607017905,8.881784197001252e-16,0.3064649828391477,2.7755575615628914e-16,0.03120336948914193,5.551115123125783e-16
Sample 14 $\theta=0.00$,0.005635871634868228,5.551115123125783e-16,0.825404916751698,4.996003610813204e-16,0.0031487907255636216,6.661338147750939e-16,0.4625167256248798,7.771561172376096e-16,0.04917460927713291,4.440892098500626e-16
Sample 14 $\theta=0.10$,0.007600924356285899,5.551115123125783e-16,0.6879389038619297,3.3306690738754696e-16,0.008532486949245355,4.440892098500626e-16,0.38310121793301455,7.771561172376096e-16,0.0342425890560929,4.440892098500626e-16
Sample 14 $\theta=0.20$,0.03148391225311542,5.551115123125783e-16,0.6296424152007055,2.7755575615628914e-16,0.020268056362518605,6.661338147750939e-16,0.3482586451857399,7.771561172376096e-16,0.044301806349251516,4.440892098500626e-16
Sample 14 $\theta=0.30$,0.10337340175508469,6.661338147750939e-16,0.107331044126942,2.220446049250313e-16,0.0869757469533815,1.1102230246251565e-16,0.15518971158451356,3.885780586188048e-16,0.016115600853691348,6.661338147750939e-16
Sample 14 $\theta=0.40$,0.37095914871379687,0.0,0.04564997271625992,2.220446049250313e-16,0.18856075906377223,7.771561172376096e-16,0.12509044894178145,3.885780586188048e-16,0.17951652383659844,4.440892098500626e-16
Sample 14 $\theta=0.50$,0.493756774100221,2.220446049250313e-16,0.03632670421767614,2.7755575615628914e-16,0.2842593188134983,1.3322676295501878e-15,0.04172125160768675,3.3306690738754696e-16,0.10979080622406667,2.220446049250313e-16
Sample 14 $\theta=0.60$,0.09053824477672245,5.551115123125783e-16,0.2813658343235028,5.551115123125783e-17,0.026281257539590874,3.3306690738754696e-16,0.07481704784369769,4.440892098500626e-16,0.08041271227703939,2.220446049250313e-16
Sample 14 $\theta=0.70$,0.10712696730149596,5.551115123125783e-16,0.1648076492079692,1.6653345369377348e-16,0.05776030400206611,0.0,0.13400334197982366,4.440892098500626e-16,0.023072765259270267,4.440892098500626e-16
Sample 14 $\theta=0.80$,0.07816114999480617,4.440892098500626e-16,0.15710722709586472,1.6653345369377348e-16,0.28813918570812236,1.2212453270876722e-15,0.014727052067710078,3.885780586188048e-16,0.28037112456475577,1.8318679906315083e-15
Sample 14 $\theta=0.90$,0.05961001205358152,5.551115123125783e-16,0.42125126702300625,2.42861286636753e-16,0.12002215792563042,2.220446049250313e-16,0.1011877617352428,3.885780586188048e-16,0.05077587197047495,7.771561172376096e-16
Sample 15 $\theta=0.00$,0.46710143943943194,1.1102230246251565e-16,0.5586754488609305,3.608224830031759e-16,0.025495697306261444,2.220446049250313e-16,0.33907248842516124,5.551115123125783e-16,0.3385095697066658,1.2212453270876722e-15
Sample 15 $\theta=0.10$,0.015149674517046866,8.326672684688674e-17,0.061858686522538536,1.6653345369377348e-16,0.08528386023778262,4.2327252813834093e-16,0.02149028985268056,1.3877787807814457e-16,0.036505381730752184,1.1102230246251565e-16
Sample 15 $\theta=0.20$,0.0354065404092018,2.7755575615628914e-17,0.018983190722816123,2.220446049250313e-16,0.09980745487000621,4.839878497975292e-16,0.10689637778702837,1.6653345369377348e-16,0.05091454348273264,1.942890293094024e-16
Sample 15 $\theta=0.30$,0.02539729609516661,2.220446049250313e-16,0.10308582768709573,5.551115123125783e-17,0.43829517108932103,2.3314683517128287e-15,0.09254158354549319,2.220446049250313e-16,0.4248349553841568,1.887379141862766e-15
Sample 15 $\theta=0.40$,0.5357866484882976,3.191891195797325e-16,0.15403754877890102,5.551115123125783e-17,0.09112141093961812,4.440892098500626e-16,0.07130418374701408,3.885780586188048e-16,0.31996914203053334,1.3322676295501878e-15
Sample 15 $\theta=0.50$,0.005967999107200139,5.551115123125783e-16,0.07068820141872056,2.220446049250313e-16,0.06679985782511577,5.551115123125783e-16,0.06079496491614356,2.7755575615628914e-16,0.14643675196831518,3.3306690738754696e-16
Sample 15 $\theta=0.60$,0.19700230369285843,6.661338147750939e-16,0.011736760528758716,2.7755575615628914e-16,0.17853243195575375,1.2212453270876722e-15,0.1620334545487122,3.3306690738754696e-16,0.15556897861075447,2.220446049250313e-16
Sample 15 $\theta=0.70$,0.26228913171721047,6.661338147750939e-16,0.19104770977960495,5.551115123125783e-17,0.0021480866607022087,2.220446049250313e-16,0.029595219870873046,3.3306690738754696e-16,0.09113651640354192,8.881784197001252e-16
Sample 15 $\theta=0.80$,0.10518837323281405,4.440892098500626e-16,0.3307736467432939,1.1102230246251565e-16,0.13944488786116715,2.220446049250313e-16,0.0785014080171279,3.3306690738754696e-16,0.12968004785724552,1.1102230246251565e-15
Sample 15 $\theta=0.90$,0.03269321147779036,3.3306690738754696e-16,0.16901231581211767,1.1102230246251565e-16,0.17523592906535923,6.661338147750939e-16,0.009520407888958915,3.3306690738754696e-16,0.09116487016355235,8.881784197001252e-16
Sample 16 $\theta=0.00$,0.023618645028502784,5.204170427930421e-18,0.0841918403003444,2.220446049250313e-16,0.00888583442762771,6.938893903907228e-18,0.032848060202690293,1.1102230246251565e-16,0.03254277679488678,1.734723475976807e-16
Sample 16 $\theta=0.10$,0.023618645028502784,5.204170427930421e-18,0.0841918403003444,2.220446049250313e-16,0.00888583442762771,6.938893903907228e-18,0.032848060202690293,1.1102230246251565e-16,0.03254277679488678,1.734723475976807e-16
Sample 16 $\theta=0.20$,0.02748975932160124,7.632783294297951e-17,0.42792291138084954,5.551115123125783e-16,0.004545030153150966,1.4224732503009818e-16,0.23536944398432252,6.938893903907228e-18,0.04780976238666466,2.38524477946811e-16
Sample 16 $\theta=0.30$,0.02748975932160124,7.632783294297951e-17,0.42792291138084954,5.551115123125783e-16,0.004545030153150966,1.4224732503009818e-16,0.23536944398432252,6.938893903907228e-18,0.04780976238666466,2.38524477946811e-16
Sample 16 $\theta=0.40$,0.004419680021656838,4.163336342344337e-17,0.022648331252925424,2.7755575615628914e-16,0.017560130626175452,4.85722573273506e-17,0.16295828387622052,2.220446049250313e-16,0.09729848489586711,5.238864897449957e-16
Sample 16 $\theta=0.50$,0.6077152450330061,4.544975507059235e-16,0.05924155539461168,3.885780586188048e-16,0.6371841904846883,3.1086244689504383e-15,0.02220666255279885,2.7755575615628914e-16,0.2614853522632651,1.4988010832439613e-15
Sample 16 $\theta=0.60$,0.4727929268203782,9.992007221626409e-16,0.052999402205254564,3.3306690738754696e-16,0.6874283918365163,3.7192471324942744e-15,0.15527344837080326,3.3306690738754696e-16,0.45285098745935665,1.7763568394002505e-15
Sample 16 $\theta=0.70$,0.032593763481439275,3.3306690738754696e-16,0.06733597675141162,1.1102230246251565e-16,0.27122712006837046,1.5543122344752192e-15,0.01662507447822187,2.7755575615628914e-16,0.2791965325309467,1.1102230246251565e-15
Sample 16 $\theta=0.80$,0.12293329742235681,5.551115123125783e-16,0.044252344891842266,2.220446049250313e-16,0.2274303897866392,1.3877787807814457e-15,0.06504159997778924,2.7755575615628914e-16,0.21102909585651142,6.661338147750939e-16
Sample 16 $\theta=0.90$,0.12293329742235681,5.551115123125783e-16,0.044252344891842266,2.220446049250313e-16,0.2274303897866392,1.3877787807814457e-15,0.06504159997778924,2.7755575615628914e-16,0.21102909585651142,6.661338147750939e-16
Sample 17 $\theta=0.00$,7.017966684663701e-05,5.551115123125783e-16,0.41406949837785334,1.1102230246251565e-16,5.0437735349406765e-05,4.440892098500626e-16,0.2376057462769674,7.771561172376096e-16,0.02467955792144927,5.551115123125783e-16
Sample 17 $\theta=0.10$,0.00011124983421040291,5.551115123125783e-16,0.48511345761122016,0.0,4.994549732151299e-05,4.440892098500626e-16,0.2784158210432337,7.771561172376096e-16,0.028854351741512074,4.440892098500626e-16
Sample 17 $\theta=0.20$,0.00020158842237560926,5.551115123125783e-16,0.47062448167369497,0.0,0.00010713710695386958,4.440892098500626e-16,0.26989519465684086,7.771561172376096e-16,0.02812218481593154,5.551115123125783e-16
Sample 17 $\theta=0.30$,0.0814981966316447,6.661338147750939e-16,0.0016263256458127207,2.7755575615628914e-16,0.008409252464997796,3.3306690738754696e-16,0.2367734823648,3.885780586188048e-16,0.09010810994931162,1.1102230246251565e-16
Sample 17 $\theta=0.40$,0.08329093089584572,6.661338147750939e-16,0.005604562410896907,3.3306690738754696e-16,0.008565264345222645,3.3306690738754696e-16,0.24565247195175755,3.885780586188048e-16,0.09135381760110628,1.1102230246251565e-16
Sample 17 $\theta=0.50$,0.08248980266108308,6.661338147750939e-16,0.05263111522961128,2.7755575615628914e-16,0.008648472831435772,3.3306690738754696e-16,0.21208037555975423,3.885780586188048e-16,0.09522453803425834,1.1102230246251565e-16
Sample 17 $\theta=0.60$,0.07407004301102638,6.661338147750939e-16,0.13536291757454294,1.6653345369377348e-16,0.013493537988999438,3.3306690738754696e-16,0.16233200431005423,3.885780586188048e-16,0.09975941333978922,1.1102230246251565e-16
Sample 17 $\theta=0.70$,0.09109656762464136,5.551115123125783e-16,0.20630892910458387,5.551115123125783e-17,0.018523623557650692,3.3306690738754696e-16,0.11776676885692394,4.440892098500626e-16,0.08358441910264058,2.220446049250313e-16
Sample 17 $\theta=0.80$,0.6262434668390038,9.992007221626409e-16,0.11008030075859143,1.6653345369377348e-16,0.38533189409590674,2.220446049250313e-15,0.000542129839779304,2.7755575615628914e-16,0.009018379379578556,4.440892098500626e-16
Sample 17 $\theta=0.90$,0.004323780996805526,3.3306690738754696e-16,0.37468168887246633,1.8041124150158794e-16,0.21608031572136344,6.661338147750939e-16,0.1297795146229856,3.3306690738754696e-16,0.14415813860294957,1.1102230246251565e-15
Sample 18 $\theta=0.00$,0.05358426251159043,5.551115123125783e-16,0.5988153898050812,3.8163916471489756e-16,0.005071347230766965,5.551115123125783e-16,0.19136992453845858,5.551115123125783e-16,0.09264951147589606,2.220446049250313e-16
Sample 18 $\theta=0.10$,0.01154638959610077,5.551115123125783e-16,0.8457882650150073,5.689893001203927e-16,0.003078518912830397,6.661338147750939e-16,0.45443231270811624,7.771561172376096e-16,0.05932994101696176,3.3306690738754696e-16
Sample 18 $\theta=0.20$,0.012175536323719927,5.551115123125783e-16,0.7516658187868626,4.163336342344337e-16,0.0017073667283225014,5.551115123125783e-16,0.40832812340948765,7.771561172376096e-16,0.04940940529172344,4.440892098500626e-16
Sample 18 $\theta=0.30$,0.057923042328799135,4.5102810375396984e-17,0.24883495002755573,1.1102230246251565e-16,0.011619751126563143,1.1449174941446927e-16,0.32593664839876063,2.7755575615628914e-16,0.052718491132458356,3.0010716134398763e-16
Sample 18 $\theta=0.40$,0.030471641076063066,6.938893903907228e-18,0.27326464107151865,1.3877787807814457e-16,0.022041285851445526,1.8735013540549517e-16,0.33367271824337874,2.7755575615628914e-16,0.05636665513723979,3.2959746043559335e-16
Sample 18 $\theta=0.50$,0.035545514283390214,6.938893903907228e-18,0.19234496997796452,2.7755575615628914e-17,0.026451591060292268,1.8041124150158794e-16,0.28416430703388207,2.7755575615628914e-16,0.05076827330218396,3.0531133177191805e-16
Sample 18 $\theta=0.60$,0.013380175318990273,3.3306690738754696e-16,0.3357647586796237,1.5265566588595902e-16,0.014548549789508813,3.3306690738754696e-16,0.029728809121551736,3.885780586188048e-16,0.12354169139755466,1.1102230246251565e-16
Sample 18 $\theta=0.70$,0.07793085035357102,1.6653345369377348e-16,0.20612007308497315,2.7755575615628914e-17,0.09427377061397967,5.620504062164855e-16,0.2630607944262484,2.7755575615628914e-16,0.04306281200149119,3.0531133177191805e-16
Sample 18 $\theta=0.80$,0.24970322566708414,7.771561172376096e-16,0.37309384298140724,1.8041124150158794e-16,0.02496256507530048,5.551115123125783e-16,0.034868279462765606,3.885780586188048e-16,0.01583241481752784,6.661338147750939e-16
Sample 18 $\theta=0.90$,0.2627085094845256,6.661338147750939e-16,0.38495090413518956,1.6653345369377348e-16,0.14365560492122043,3.3306690738754696e-16,0.07794703278941006,3.885780586188048e-16,0.2258271255219313,1.6653345369377348e-15
Sample 19 $\theta=0.00$,0.6960957608049942,4.753142324176451e-16,0.2789419683815527,3.885780586188048e-16,0.08441140319050455,4.440892098500626e-16,0.3340339777102936,1.3877787807814457e-16,0.5242450478627405,2.3314683517128287e-15
Sample 19 $\theta=0.10$,0.31321452612920636,1.1102230246251565e-16,0.3651191732144577,5.551115123125783e-16,0.5150380009936498,2.55351295663786e-15,0.32759001163670043,8.326672684688674e-17,0.8282782917349449,3.885780586188048e-15
Sample 19 $\theta=0.20$,0.410843850724546,1.942890293094024e-16,0.27236360614159283,3.3306690738754696e-16,0.35114424739407835,1.8318679906315083e-15,0.2800899517934363,1.3877787807814457e-16,0.7376900401166211,3.4416913763379853e-15
Sample 19 $\theta=0.30$,0.14108472947080897,5.551115123125783e-16,0.08561896514046424,4.440892098500626e-16,0.2646163860207802,9.992007221626409e-16,0.14312737427520217,2.7755575615628914e-16,0.32382274044500625,1.9984014443252818e-15
Sample 19 $\theta=0.40$,0.06907297269034018,6.661338147750939e-16,0.1721381484712986,5.551115123125783e-16,0.017608114828088883,1.1102230246251565e-16,0.3337080632616687,3.885780586188048e-16,0.07740562303510634,2.220446049250313e-16
Sample 19 $\theta=0.50$,0.08791427013027409,6.661338147750939e-16,0.10596801785369764,5.551115123125783e-16,0.004715002292020598,2.220446049250313e-16,0.29676549192885604,3.885780586188048e-16,0.08167176009048305,2.220446049250313e-16
Sample 19 $\theta=0.60$,0.2639059479967174,7.771561172376096e-16,0.13906806068815336,5.551115123125783e-16,0.2608133188595333,1.1102230246251565e-15,0.23515733391564653,3.3306690738754696e-16,0.37253578788580666,2.3314683517128287e-15
Sample 19 $\theta=0.70$,0.30314875921795525,7.771561172376096e-16,0.03136136416563012,2.7755575615628914e-16,0.03654342817869183,4.440892098500626e-16,0.10201509503470074,2.7755575615628914e-16,0.10303269178298757,9.992007221626409e-16
Sample 19 $\theta=0.80$,0.35912529780626745,7.771561172376096e-16,0.2041209817714129,5.551115123125783e-17,0.021386592232214507,3.3306690738754696e-16,0.02472204713326248,3.3306690738754696e-16,0.18016027528839174,1.3322676295501878e-15
Sample 19 $\theta=0.90$,0.16535004731338843,6.661338147750939e-16,0.4302749745875186,2.740863092043355e-16,0.10293501717867004,9.992007221626409e-16,0.028812569748241756,4.440892098500626e-16,0.15752399898753355,2.220446049250313e-16
Sample 20 $\theta=0.00$,0.1719454522465133,1.0408340855860843e-16,0.1634510473912723,2.7755575615628914e-17,0.08428726332368608,3.608224830031759e-16,0.19658246791770653,2.220446049250313e-16,0.020636542949104913,1.942890293094024e-16
Sample 20 $\theta=0.10$,0.006194426884965881,5.551115123125783e-17,0.1942223091452181,0.0,0.06514396563925849,3.8163916471489756e-16,0.28365906293723875,3.3306690738754696e-16,0.039781413781752,2.7755575615628914e-16
Sample 20 $\theta=0.20$,0.011515492248339074,2.0816681711721685e-17,0.12252918535829488,2.7755575615628914e-16,0.01423317408069373,6.938893903907228e-18,0.018858776705810487,1.1102230246251565e-16,0.043494994114461824,2.3592239273284576e-16
Sample 20 $\theta=0.30$,0.03202675539138666,6.938893903907228e-18,0.14451103103972168,5.551115123125783e-17,0.018671645602850756,1.1102230246251565e-16,0.2668277289186731,2.7755575615628914e-16,0.07113328643974776,3.903127820947816e-16
Sample 20 $\theta=0.40$,0.060331472469995526,4.163336342344337e-17,0.12934851301259298,5.551115123125783e-17,0.01567389652712147,8.673617379884035e-17,0.2595053660140033,2.220446049250313e-16,0.05523854510121348,3.0878077872387166e-16
Sample 20 $\theta=0.50$,0.013683057291753009,1.6653345369377348e-16,0.08351682250459747,1.1102230246251565e-16,0.5196049826299654,2.761679773755077e-15,0.04495573733077851,2.220446049250313e-16,0.5620668127577633,2.55351295663786e-15
Sample 20 $\theta=0.60$,0.862553196944019,1.1102230246251565e-15,0.3099233736602621,1.1102230246251565e-16,0.3605423839859025,2.1545265571631944e-15,0.18522215354789517,2.7755575615628914e-16,0.2440978842249335,1.5265566588595902e-15
Sample 20 $\theta=0.70$,0.17068535779131122,5.551115123125783e-16,0.41985810038738514,2.220446049250313e-16,0.1661246578290212,4.440892098500626e-16,0.1299748693933938,3.3306690738754696e-16,0.20087166510125298,1.4432899320127035e-15
Sample 20 $\theta=0.80$,0.018043914923325716,5.551115123125783e-17,0.28458710461296116,1.6653345369377348e-16,0.04307060084602103,3.122502256758253e-16,0.3307255272344632,2.7755575615628914e-16,0.06308266571975721,3.7816971776294395e-16
Sample 20 $\theta=0.90$,0.11539536072494427,5.551115123125783e-16,0.3945039181593892,2.0122792321330962e-16,0.03463855870278576,3.3306690738754696e-16,0.0021410801084130737,4.440892098500626e-16,0.05488338290146155,3.3306690738754696e-16
Sample 21 $\theta=0.00$,6.59399068014821e-07,5.551115123125783e-16,0.6488948783127286,3.3306690738754696e-16,4.9206901726162044e-05,5.551115123125783e-16,0.3727353164951468,7.771561172376096e-16,0.038472417748189214,4.440892098500626e-16
Sample 21 $\theta=0.10$,1.3438034312418523e-05,5.551115123125783e-16,0.5911765986099669,2.220446049250313e-16,3.461469860532862e-05,5.551115123125783e-16,0.3395859573149864,7.771561172376096e-16,0.03504578187441665,4.440892098500626e-16
Sample 21 $\theta=0.20$,0.00010383626587029404,5.551115123125783e-16,0.6205583319536648,2.7755575615628914e-16,9.115197719844481e-06,5.551115123125783e-16,0.356485439863062,7.771561172376096e-16,0.03681053101596732,4.440892098500626e-16
Sample 21 $\theta=0.30$,0.08141210306796287,6.661338147750939e-16,0.11431699100776949,1.1102230246251565e-16,0.008514603190386993,3.3306690738754696e-16,0.17314501281406902,3.885780586188048e-16,0.09747063082920937,1.1102230246251565e-16
Sample 21 $\theta=0.40$,0.08556693206869048,6.661338147750939e-16,0.0987445491503181,1.6653345369377348e-16,0.02207971773311934,2.220446049250313e-16,0.18095392607499838,3.885780586188048e-16,0.07849787169855404,2.220446049250313e-16
Sample 21 $\theta=0.50$,0.07900264999095341,6.661338147750939e-16,0.03644722465594158,3.885780586188048e-16,0.009987694550880777,3.3306690738754696e-16,0.26195130336853656,3.885780586188048e-16,0.09024894668650785,1.1102230246251565e-16
Sample 21 $\theta=0.60$,0.08150206062529353,5.551115123125783e-16,0.15963978903613674,1.1102230246251565e-16,0.009209094950921815,3.3306690738754696e-16,0.14974976528158213,4.440892098500626e-16,0.10112347917973052,1.1102230246251565e-16
Sample 21 $\theta=0.70$,0.14517524065401144,5.551115123125783e-16,0.3236965987085637,9.71445146547012e-17,0.08857445859129975,0.0,0.026406694815630405,4.440892098500626e-16,0.03880274825879293,7.771561172376096e-16
Sample 21 $\theta=0.80$,0.26955407573853885,7.771561172376096e-16,0.20022926484776316,8.326672684688674e-17,0.17358943807901994,4.440892098500626e-16,0.04168261003040796,3.885780586188048e-16,0.2641684392802637,1.7763568394002505e-15
Sample 21 $\theta=0.90$,0.2465551859375218,6.661338147750939e-16,0.39311592506288334,1.5959455978986625e-16,0.1765429950619135,5.551115123125783e-16,0.056984076816633755,3.885780586188048e-16,0.2307834520089237,1.6653345369377348e-15
Sample 22 $\theta=0.00$,0.0024714832574548318,5.551115123125783e-16,0.43917927780363586,0.0,0.0019005848223617727,4.440892098500626e-16,0.24200249377576122,7.771561172376096e-16,0.029052615861434816,4.440892098500626e-16
Sample 22 $\theta=0.10$,0.0034515470796977477,5.551115123125783e-16,0.4329631885504871,1.1102230246251565e-16,0.0011921812380057961,4.440892098500626e-16,0.2383553025293409,7.771561172376096e-16,0.028756371812854287,4.440892098500626e-16
Sample 22 $\theta=0.20$,0.08129143524505433,6.661338147750939e-16,0.08031720793042052,5.551115123125783e-16,0.010194292545069983,2.220446049250313e-16,0.2826693364372317,3.885780586188048e-16,0.08275167705342645,2.220446049250313e-16
Sample 22 $\theta=0.30$,0.0901869790895129,6.661338147750939e-16,0.08422519305273313,4.440892098500626e-16,0.007038521814638488,1.1102230246251565e-16,0.28859530328035055,3.885780586188048e-16,0.08173409511436558,2.220446049250313e-16
Sample 22 $\theta=0.40$,0.02083346797738328,4.440892098500626e-16,0.02276151404751231,3.885780586188048e-16,0.14328774768348373,4.440892098500626e-16,0.20556291756974487,3.885780586188048e-16,0.0076085933226619495,5.551115123125783e-16
Sample 22 $\theta=0.50$,0.10057569843757042,6.661338147750939e-16,0.14426034044566755,5.551115123125783e-16,0.005088085943325993,2.220446049250313e-16,0.31699105102175196,3.885780586188048e-16,0.06849672029573539,2.220446049250313e-16
Sample 22 $\theta=0.60$,0.34979117438232465,7.771561172376096e-16,0.020323600425756372,4.996003610813204e-16,0.5707757131066526,2.6645352591003757e-15,0.08626268632560063,3.3306690738754696e-16,0.8078743954757175,4.413136522884997e-15
Sample 22 $\theta=0.70$,0.08826332693421113,5.551115123125783e-16,0.14988870146954003,1.1102230246251565e-16,0.019791090125901745,2.220446049250313e-16,0.15308408910976667,3.885780586188048e-16,0.08294725770723121,2.220446049250313e-16
Sample 22 $\theta=0.80$,0.08385119779185324,5.551115123125783e-16,0.397011645956637,2.0816681711721685e-16,0.01078646034056785,4.440892098500626e-16,0.013160533617083248,4.440892098500626e-16,0.1116321132138881,1.1102230246251565e-16
Sample 22 $\theta=0.90$,0.21324902919023203,5.551115123125783e-16,0.3523971696685535,1.3877787807814457e-16,0.15854636401808686,3.3306690738754696e-16,0.08107728725557445,3.3306690738754696e-16,0.2215087197262794,1.5543122344752192e-15
Sample 23 $\theta=0.00$,0.05522753284631721,5.551115123125783e-16,0.2704401566963507,0.0,0.0050790260967130685,4.440892098500626e-16,0.01023470802409654,5.551115123125783e-16,0.08066492014076732,2.220446049250313e-16
Sample 23 $\theta=0.10$,0.02656447326720568,5.551115123125783e-16,0.5462710624913261,2.220446049250313e-16,5.856480096166905e-05,5.551115123125783e-16,0.244096703085116,6.661338147750939e-16,0.05941165072586385,3.3306690738754696e-16
Sample 23 $\theta=0.20$,0.24653136945312282,1.1102230246251565e-16,0.29485738685202356,0.0,0.08442051232427183,1.1102230246251565e-16,0.1088000509636684,5.551115123125783e-16,0.15112542805632856,3.3306690738754696e-16
Sample 23 $\theta=0.30$,0.06205608859310929,3.3306690738754696e-16,0.08599115182004152,2.220446049250313e-16,0.03487414834544633,3.3306690738754696e-16,0.050228166892185566,3.3306690738754696e-16,0.154012193822206,3.3306690738754696e-16
Sample 23 $\theta=0.40$,0.020377099847094238,4.440892098500626e-16,0.2869581583847067,5.551115123125783e-17,0.056468549422274084,2.220446049250313e-16,0.04981610262015307,4.440892098500626e-16,0.11627335207759049,0.0
Sample 23 $\theta=0.50$,0.3736868553784371,7.771561172376096e-16,0.11843128153188576,5.551115123125783e-17,0.7407853563463516,4.052314039881821e-15,0.059063219354020036,3.3306690738754696e-16,0.5935341543593743,2.55351295663786e-15
Sample 23 $\theta=0.60$,0.06571025799806718,6.661338147750939e-16,0.025963739108176287,3.3306690738754696e-16,0.16840226624045918,5.551115123125783e-16,0.15605564046620224,3.3306690738754696e-16,0.13226011194304776,1.1102230246251565e-15
Sample 23 $\theta=0.70$,0.06939432396635781,5.551115123125783e-16,0.3790253214720361,1.8041124150158794e-16,0.10119465954957663,1.1102230246251565e-16,0.03464079400061415,4.440892098500626e-16,0.012468052744814662,5.551115123125783e-16
Sample 23 $\theta=0.80$,0.6280310354438602,8.881784197001252e-16,0.3869349529962902,2.706168622523819e-16,0.5065766140301862,2.942091015256665e-15,0.17593448647680043,3.3306690738754696e-16,0.12229259070056148,2.220446049250313e-16
Sample 23 $\theta=0.90$,0.22001611342650695,7.771561172376096e-16,0.4186211014093057,2.3245294578089215e-16,0.011240091040257916,4.440892098500626e-16,0.052511107130810475,4.440892098500626e-16,0.023538771682012016,6.661338147750939e-16
Sample 24 $\theta=0.00$,0.009580104368824838,5.551115123125783e-16,0.6356592034728499,2.7755575615628914e-16,0.03569808113953066,7.771561172376096e-16,0.3549580769025664,7.771561172376096e-16,0.07482054491216839,2.220446049250313e-16
Sample 24 $\theta=0.10$,0.06481040347556088,4.440892098500626e-16,0.6051054748403163,2.7755575615628914e-16,0.003869608187789142,5.551115123125783e-16,0.3390513561799353,7.771561172376096e-16,0.09336281626754339,1.1102230246251565e-16
Sample 24 $\theta=0.20$,0.5323375070824865,1.6653345369377348e-16,0.5435472085163502,2.220446049250313e-16,0.1709610164765315,4.440892098500626e-16,0.3962468328801406,7.771561172376096e-16,0.18909108853762246,4.440892098500626e-16
Sample 24 $\theta=0.30$,0.0017646321661093367,4.163336342344337e-17,0.04221564117681065,1.6653345369377348e-16,0.04469128813110823,2.185751579730777e-16,0.1917699880211478,2.220446049250313e-16,0.06391152317121657,3.7470027081099033e-16
Sample 24 $\theta=0.40$,0.0017703190891799614,2.220446049250313e-16,0.0760237738523708,1.6653345369377348e-16,0.24319708374469773,1.3322676295501878e-15,0.08274098342851627,2.220446049250313e-16,0.23216851987340004,9.43689570931383e-16
Sample 24 $\theta=0.50$,0.4670187813186736,8.881784197001252e-16,0.032517763597592175,1.6653345369377348e-16,0.6276723560418818,3.3861802251067274e-15,0.05100849085280884,2.220446049250313e-16,0.3626293124316763,1.4432899320127035e-15
Sample 24 $\theta=0.60$,0.08517073633678784,6.661338147750939e-16,0.022639607528402383,2.7755575615628914e-16,0.010396910270495718,3.3306690738754696e-16,0.22789283446304476,3.885780586188048e-16,0.08869260237785981,1.1102230246251565e-16
Sample 24 $\theta=0.70$,0.006762260460901837,1.1102230246251565e-16,0.21780486738857746,5.551115123125783e-17,0.07903084146214784,5.134781488891349e-16,0.24297647210130585,2.7755575615628914e-16,0.02198358179490395,2.7755575615628914e-17
Sample 24 $\theta=0.80$,0.24843034412873832,8.881784197001252e-16,0.08607326583959085,2.7755575615628914e-16,0.0729031079743565,0.0,0.12517257666530046,3.3306690738754696e-16,0.1377683186056743,1.2212453270876722e-15
Sample 24 $\theta=0.90$,0.01922378822100712,4.440892098500626e-16,0.39511246711469294,1.8041124150158794e-16,0.2753076318707848,8.881784197001252e-16,0.07963915129022536,3.885780586188048e-16,0.1810660418686767,1.4432899320127035e-15
Sample 25 $\theta=0.00$,0.0003054651608558334,5.551115123125783e-16,0.5670836617598689,2.220446049250313e-16,0.00020694477362726005,5.551115123125783e-16,0.32456793268168105,7.771561172376096e-16,0.03391874596593536,4.440892098500626e-16
Sample 25 $\theta=0.10$,0.000555609429689019,5.551115123125783e-16,0.5441843321429295,1.1102230246251565e-16,0.00027922934732249605,5.551115123125783e-16,0.3110204062703188,7.771561172376096e-16,0.03256593495769955,4.440892098500626e-16
Sample 25 $\theta=0.20$,0.0023851697263470584,5.551115123125783e-16,0.5519548328035228,1.6653345369377348e-16,0.0013195116331337076,5.551115123125783e-16,0.3080441130743514,7.771561172376096e-16,0.03555973065949558,4.440892098500626e-16
Sample 25 $\theta=0.30$,0.08249377293473492,6.661338147750939e-16,0.056616680807267894,2.220446049250313e-16,0.009617005885336427,3.3306690738754696e-16,0.2086238292178012,3.885780586188048e-16,0.09366143523220005,1.1102230246251565e-16
Sample 25 $\theta=0.40$,0.08207859347164459,6.661338147750939e-16,0.007442204665948915,3.3306690738754696e-16,0.011277050337428873,3.3306690738754696e-16,0.23618688459403603,3.885780586188048e-16,0.08885771388236019,1.1102230246251565e-16
Sample 25 $\theta=0.50$,0.01925888662698029,2.7755575615628914e-17,0.07968048395815758,1.6653345369377348e-16,0.07109964679470865,3.677613769070831e-16,0.21017611070239767,2.220446049250313e-16,0.016414354441361814,1.3877787807814457e-16
Sample 25 $\theta=0.60$,0.0070714559018931755,4.440892098500626e-16,0.16995984478759996,1.1102230246251565e-16,0.04809512223120649,1.1102230246251565e-16,0.11448823769250172,4.440892098500626e-16,0.1066272972915635,0.0
Sample 25 $\theta=0.70$,0.08999092176265222,6.661338147750939e-16,0.023310833116720553,3.3306690738754696e-16,0.09041054154225225,1.1102230246251565e-16,0.20186710097131466,3.885780586188048e-16,0.015888211278402897,6.661338147750939e-16
Sample 25 $\theta=0.80$,0.12865051831950713,6.661338147750939e-16,0.08526669623158145,2.7755575615628914e-16,0.009931228427601413,2.220446049250313e-16,0.15933661120821407,3.885780586188048e-16,0.039057781333539765,3.3306690738754696e-16
Sample 25 $\theta=0.90$,0.23787943455449556,6.661338147750939e-16,0.18625382889409997,1.6653345369377348e-16,0.20417337524735146,7.771561172376096e-16,0.037002671086116046,3.885780586188048e-16,0.2822224381682189,1.887379141862766e-15
Sample 26 $\theta=0.00$,0.00017815074722276779,1.7780915628762273e-17,0.30197127057408596,3.885780586188048e-16,0.00011500159038801332,1.2110538266663085e-16,0.17322687006918588,2.7538735181131813e-17,0.018285305729151755,7.903833837419327e-17
Sample 26 $\theta=0.10$,0.00015014866581275813,2.3201926491189795e-17,0.39918551438950656,5.551115123125783e-16,2.994116314570909e-06,1.5937771935536915e-16,0.22897238648351945,3.642919299551295e-17,0.023960970007070332,1.0332446703786857e-16
Sample 26 $\theta=0.20$,0.0003640463808018356,2.3201926491189795e-17,0.39675316396958554,5.551115123125783e-16,9.977741619796856e-05,1.57968256531138e-16,0.2277667304047775,3.599551212651875e-17,0.023745071968808068,1.0245710529988017e-16
Sample 26 $\theta=0.30$,0.5058276257606489,1.6653345369377348e-16,0.029500608371877457,2.220446049250313e-16,0.2254658013370423,8.881784197001252e-16,0.11333944792414141,3.885780586188048e-16,0.22520893633064676,6.661338147750939e-16
Sample 26 $\theta=0.40$,0.06226648221064893,4.85722573273506e-17,0.10398885065842339,1.1102230246251565e-16,0.007436428399454522,2.927345865710862e-17,0.25067386531428,2.220446049250313e-16,0.06778824126817332,3.612561638721701e-16
Sample 26 $\theta=0.50$,0.06319249442865087,5.0306980803327406e-17,0.11393205769439024,1.1102230246251565e-16,0.007765607916885249,3.5128150388530344e-17,0.25587685131611515,2.220446049250313e-16,0.06583167763853826,3.5214886562329184e-16
Sample 26 $\theta=0.60$,0.06573035844581121,6.661338147750939e-16,0.020496902650097015,3.885780586188048e-16,0.08648854948324813,1.1102230246251565e-16,0.18301935835876493,3.885780586188048e-16,0.025906734179586444,6.661338147750939e-16
Sample 26 $\theta=0.70$,0.06113100712825159,4.9439619065339e-17,0.14596508856188034,5.551115123125783e-17,0.00871142776448367,5.334274688628682e-17,0.27418309375246264,2.7755575615628914e-16,0.06439966797798176,3.473783760643556e-16
Sample 26 $\theta=0.80$,0.19608298827887838,7.771561172376096e-16,0.20476774769398337,5.551115123125783e-17,0.004271202347375436,5.551115123125783e-16,0.07183901521440927,4.440892098500626e-16,0.010240304969384662,5.551115123125783e-16
Sample 26 $\theta=0.90$,0.06820439282418433,5.551115123125783e-16,0.4001775499826462,2.0122792321330962e-16,0.11035687653447945,1.1102230246251565e-16,0.04862575810202996,4.440892098500626e-16,0.02117540318690081,6.661338147750939e-16
Sample 27 $\theta=0.00$,0.001569771651337204,5.551115123125783e-16,0.3090177942958544,2.220446049250313e-16,0.0014552354779207022,4.440892098500626e-16,0.17223334974933036,6.661338147750939e-16,0.021450981384434242,5.551115123125783e-16
Sample 27 $\theta=0.10$,0.000272076418373457,5.551115123125783e-16,0.3810579142527357,1.1102230246251565e-16,0.000985650342921085,4.440892098500626e-16,0.21403575092515537,6.661338147750939e-16,0.024970683577385744,5.551115123125783e-16
Sample 27 $\theta=0.20$,0.14794511494597246,5.551115123125783e-17,0.12851714152536553,4.440892098500626e-16,0.03195027498155473,2.498001805406602e-16,0.055676402218410026,2.220446049250313e-16,0.018637499120821494,1.942890293094024e-16
Sample 27 $\theta=0.30$,0.0805102264323394,6.661338147750939e-16,0.048547661220402216,3.885780586188048e-16,0.009451035284683496,3.3306690738754696e-16,0.2694085609644683,3.885780586188048e-16,0.08932276339411238,1.1102230246251565e-16
Sample 27 $\theta=0.40$,0.08185943772733018,6.661338147750939e-16,0.06179462891550719,2.220446049250313e-16,0.011827465723289299,3.3306690738754696e-16,0.20535551015886844,3.885780586188048e-16,0.0919204779351036,1.1102230246251565e-16
Sample 27 $\theta=0.50$,0.1218343481716464,1.3877787807814457e-17,0.16501867760864591,4.440892098500626e-16,0.09926467612318135,4.440892098500626e-16,0.009960855167054361,2.220446049250313e-16,0.11413118349657037,4.440892098500626e-16
Sample 27 $\theta=0.60$,0.1629150534486844,7.771561172376096e-16,0.10854288512418209,5.551115123125783e-16,0.19967463832935517,7.771561172376096e-16,0.2479595087925961,3.3306690738754696e-16,0.21187638953542387,1.5543122344752192e-15
Sample 27 $\theta=0.70$,0.6716839924004574,4.579669976578771e-16,0.03182639793456932,2.7755575615628914e-16,0.49607811061817264,2.4424906541753444e-15,0.0008583828984219388,2.7755575615628914e-16,0.010543913640993496,3.3306690738754696e-16
Sample 27 $\theta=0.80$,0.20137664623637774,6.661338147750939e-16,0.19435337313240925,1.1102230246251565e-16,0.13460798974099775,3.3306690738754696e-16,0.07724518626224941,3.885780586188048e-16,0.1518555762826732,1.3322676295501878e-15
Sample 27 $\theta=0.90$,0.23487810251991048,6.661338147750939e-16,0.38627011953452806,1.5265566588595902e-16,0.1970510201911675,5.551115123125783e-16,0.051796562593412476,3.885780586188048e-16,0.24325324649102797,1.7763568394002505e-15
Sample 28 $\theta=0.00$,0.00011611753891027643,5.551115123125783e-16,0.6805472038794884,3.3306690738754696e-16,1.0221691668310662e-05,5.551115123125783e-16,0.39012216282070655,7.771561172376096e-16,0.040750843779721824,4.440892098500626e-16
Sample 28 $\theta=0.10$,0.00014372028667286596,5.551115123125783e-16,0.6123883766678836,2.7755575615628914e-16,0.00011950450849340655,5.551115123125783e-16,0.3510325266094041,7.771561172376096e-16,0.036729317765608394,4.440892098500626e-16
Sample 28 $\theta=0.20$,0.015515691189470604,5.551115123125783e-16,0.6891850696908981,3.885780586188048e-16,0.011908883876154852,5.551115123125783e-16,0.38115531696369065,7.771561172376096e-16,0.04959412590209267,4.440892098500626e-16
Sample 28 $\theta=0.30$,0.06287293237151881,5.551115123125783e-16,0.02350229280681826,4.440892098500626e-16,0.006854297246749352,3.3306690738754696e-16,0.17320099822484658,4.440892098500626e-16,0.07266574279521487,2.220446049250313e-16
Sample 28 $\theta=0.40$,0.08311608943494997,6.661338147750939e-16,0.06251496024768938,4.440892098500626e-16,0.007814331584205747,3.3306690738754696e-16,0.2781013683808945,3.885780586188048e-16,0.08873940834761651,1.1102230246251565e-16
Sample 28 $\theta=0.50$,0.07944861963841643,6.661338147750939e-16,0.006315493125945371,3.3306690738754696e-16,0.011138239805936312,3.3306690738754696e-16,0.24500639713222527,3.885780586188048e-16,0.0907402903756177,1.1102230246251565e-16
Sample 28 $\theta=0.60$,0.18504029818655743,6.661338147750939e-16,0.08035012897014099,1.6653345369377348e-16,0.21125689905427536,1.3322676295501878e-15,0.04842356393670583,2.7755575615628914e-16,0.15317329539758795,3.3306690738754696e-16
Sample 28 $\theta=0.70$,0.04419670116949059,4.440892098500626e-16,0.33060914353188475,6.661338147750939e-16,0.06747426761107111,5.551115123125783e-16,0.269325409745947,2.7755575615628914e-16,0.1368688217264592,3.3306690738754696e-16
Sample 28 $\theta=0.80$,0.20492903337982327,6.661338147750939e-16,0.2115112842333171,2.7755575615628914e-17,0.034991522685950516,2.220446049250313e-16,0.025089689567692475,3.3306690738754696e-16,0.07724688904892862,8.881784197001252e-16
Sample 28 $\theta=0.90$,0.035533375799520206,2.220446049250313e-16,0.4218419177204903,2.7755575615628914e-16,0.0989625305488403,2.220446049250313e-16,0.19831645769057338,3.3306690738754696e-16,0.02322187751014615,4.440892098500626e-16
Sample 29 $\theta=0.00$,0.005593991005693133,5.551115123125783e-16,0.0584279509080422,5.551115123125783e-16,0.0010076328222474729,3.3306690738754696e-16,0.015578718053382845,6.661338147750939e-16,0.010300510491381254,5.551115123125783e-16
Sample 29 $\theta=0.10$,0.0008553773427755207,5.551115123125783e-16,0.21325090780088052,3.3306690738754696e-16,0.0012361286029100027,3.3306690738754696e-16,0.1181255117632739,6.661338147750939e-16,0.014880821979363468,5.551115123125783e-16
Sample 29 $\theta=0.20$,0.020005073799174045,5.551115123125783e-16,0.24228448262784175,2.220446049250313e-16,0.0026213754401149814,4.440892098500626e-16,0.08027778947281006,5.551115123125783e-16,0.03621999231813999,4.440892098500626e-16
Sample 29 $\theta=0.30$,0.10111547080333005,6.661338147750939e-16,0.08065950867858451,1.6653345369377348e-16,0.03481659416189731,4.440892098500626e-16,0.17824048437346773,4.440892098500626e-16,0.11688634345484716,0.0
Sample 29 $\theta=0.40$,0.08949514091650856,6.661338147750939e-16,0.17875050678754667,6.661338147750939e-16,0.002980535286870367,3.3306690738754696e-16,0.3422795835201675,3.885780586188048e-16,0.08674689405728597,1.1102230246251565e-16
Sample 29 $\theta=0.50$,0.2686608543045079,7.771561172376096e-16,0.2430266240854272,6.661338147750939e-16,0.26863697668265973,1.6653345369377348e-15,0.3328033353954152,3.3306690738754696e-16,0.1985058117995615,4.440892098500626e-16
Sample 29 $\theta=0.60$,0.09514580381163196,6.661338147750939e-16,0.1517320200114367,5.551115123125783e-16,0.043434333448616025,4.440892098500626e-16,0.2547734633277752,3.3306690738754696e-16,0.07849102969576571,1.1102230246251565e-16
Sample 29 $\theta=0.70$,0.06657406187535164,5.551115123125783e-16,0.29929198052744005,7.771561172376096e-16,0.016526982938497303,1.1102230246251565e-16,0.31537972987079654,2.7755575615628914e-16,0.011773951539991945,4.440892098500626e-16
Sample 29 $\theta=0.80$,0.08083764879752353,6.661338147750939e-16,0.1502141937232509,5.551115123125783e-16,0.04510334587951503,4.440892098500626e-16,0.28548124013192666,3.885780586188048e-16,0.11198943494169411,0.0
Sample 29 $\theta=0.90$,0.02375027858253509,4.440892098500626e-16,0.021105573335005012,2.7755575615628914e-16,0.112313906512166,2.220446049250313e-16,0.08996875038536012,2.7755575615628914e-16,0.030802166161307487,5.551115123125783e-16
Sample 30 $\theta=0.00$,6.93428883956626e-05,5.551115123125783e-16,0.47180811423322155,0.0,2.7902189802864186e-05,4.440892098500626e-16,0.2709012868981935,7.771561172376096e-16,0.027988577414977067,5.551115123125783e-16
Sample 30 $\theta=0.10$,0.00011077824853744644,5.551115123125783e-16,0.48277067891388536,0.0,0.00011730167232748556,4.440892098500626e-16,0.27672044043271127,7.771561172376096e-16,0.028774299994690833,4.440892098500626e-16
Sample 30 $\theta=0.20$,0.021786449105542394,5.551115123125783e-16,0.3544658304238103,1.1102230246251565e-16,0.002288948823511383,4.440892098500626e-16,0.13971769849005344,6.661338147750939e-16,0.04523945238165139,4.440892098500626e-16
Sample 30 $\theta=0.30$,0.0823844242246955,6.661338147750939e-16,0.00726309404039277,3.3306690738754696e-16,0.00886286996797625,3.3306690738754696e-16,0.23740276036905372,3.885780586188048e-16,0.09189796155600649,1.1102230246251565e-16
Sample 30 $\theta=0.40$,0.08243163691341271,5.551115123125783e-16,0.27260309363823065,2.7755575615628914e-17,0.008856471576408342,4.440892098500626e-16,0.08531453978860282,4.440892098500626e-16,0.10779921295521167,1.1102230246251565e-16
Sample 30 $\theta=0.50$,0.05966796360623017,6.661338147750939e-16,0.1233917781038969,1.6653345369377348e-16,0.02114520257794794,2.220446049250313e-16,0.16256619704320752,3.885780586188048e-16,0.09720058706499335,1.1102230246251565e-16
Sample 30 $\theta=0.60$,0.06865979110837617,3.3306690738754696e-16,0.3310736308725205,1.3877787807814457e-16,0.08528722126869948,0.0,0.016634770478150485,4.440892098500626e-16,0.11900629000893403,0.0
Sample 30 $\theta=0.70$,0.11084523881399966,5.551115123125783e-16,0.2771284652064353,5.551115123125783e-17,0.044668323803094934,3.3306690738754696e-16,0.06963553209931117,4.440892098500626e-16,0.040815614692572666,4.440892098500626e-16
Sample 30 $\theta=0.80$,0.1022152934904047,5.551115123125783e-16,0.32154323295416926,1.1102230246251565e-16,0.05683758415076012,2.220446049250313e-16,0.03542301657755986,4.440892098500626e-16,0.031226392016867166,4.440892098500626e-16
Sample 30 $\theta=0.90$,0.25418488423545627,7.771561172376096e-16,0.4226592493366713,2.220446049250313e-16,0.10705606292001135,0.0,0.07133140124454024,3.885780586188048e-16,0.1600194389804015,1.3322676295501878e-15
Sample 31 $\theta=0.00$,0.005988275183709882,3.209238430557093e-17,0.5986988261087614,8.881784197001252e-16,0.0007861491963197273,2.411265631607762e-16,0.31980353085373503,2.0816681711721685e-17,0.046319585342914055,2.0946785972419946e-16
Sample 31 $\theta=0.10$,0.005988275183709882,3.209238430557093e-17,0.5986988261087614,8.881784197001252e-16,0.0007861491963197273,2.411265631607762e-16,0.31980353085373503,2.0816681711721685e-17,0.046319585342914055,2.0946785972419946e-16
Sample 31 $\theta=0.20$,7.939635248744269e-05,3.122502256758253e-17,0.44182966222099324,6.106226635438361e-16,0.003140100958859504,1.6479873021779667e-16,0.2320108474592676,1.3877787807814457e-17,0.03737014388115827,1.728218262941894e-16
Sample 31 $\theta=0.30$,0.008985087747271251,2.168404344971009e-17,0.4530083264890814,5.551115123125783e-16,0.00027937102842040453,1.8691645453650096e-16,0.22886601485298497,0.0,0.04086291104440356,1.8951853975046618e-16
Sample 31 $\theta=0.40$,0.0649632485234739,4.597017211338539e-17,0.009239687220447768,2.7755575615628914e-16,0.006873394276066617,1.973247953923618e-17,0.18574480048128017,2.220446049250313e-16,0.0731694516195839,3.8250652645288596e-16
Sample 31 $\theta=0.50$,0.5710087191406121,9.992007221626409e-16,0.08173408945647836,3.3306690738754696e-16,0.5674063968328251,3.0461744238152733e-15,0.09210195690811518,2.220446049250313e-16,0.19959568642483372,6.661338147750939e-16
Sample 31 $\theta=0.60$,0.3627276236495306,8.881784197001252e-16,0.13507043211320868,5.551115123125783e-16,0.09536385957286564,3.3306690738754696e-16,0.21551839539943418,3.3306690738754696e-16,0.28319545417398106,1.887379141862766e-15
Sample 31 $\theta=0.70$,0.3679267972940947,6.661338147750939e-16,0.048220597335706106,3.3306690738754696e-16,0.4067235795588804,2.192690473634684e-15,0.027740943427592923,2.220446049250313e-16,0.15257967107283898,4.996003610813204e-16
Sample 31 $\theta=0.80$,0.06647479864671005,4.9439619065339e-17,0.034114802294184565,2.220446049250313e-16,0.0077148125295942,2.168404344971009e-18,0.21055509405668693,2.220446049250313e-16,0.0685433786571295,3.625572064791527e-16
Sample 31 $\theta=0.90$,0.23819719553525193,5.551115123125783e-16,0.027620867526088222,3.3306690738754696e-16,0.2350840438930739,1.27675647831893e-15,0.038321746383577215,2.7755575615628914e-16,0.08437596466443031,1.1102230246251565e-16
Sample 32 $\theta=0.00$,0.09307805178394035,6.661338147750939e-16,0.6110263348326935,1.1102230246251565e-15,0.021436841836008247,1.1102230246251565e-16,0.6934439514558124,1.942890293094024e-16,0.10166019806034365,0.0
Sample 32 $\theta=0.10$,0.09307805178394035,6.661338147750939e-16,0.6110263348326935,1.1102230246251565e-15,0.021436841836008247,1.1102230246251565e-16,0.6934439514558124,1.942890293094024e-16,0.10166019806034365,0.0
Sample 32 $\theta=0.20$,0.08862406776739085,3.3306690738754696e-16,0.013851059711792457,4.440892098500626e-16,0.05869587473013971,0.0,0.141938223146731,5.551115123125783e-16,0.10478486157473399,0.0
Sample 32 $\theta=0.30$,0.09078503489163259,4.440892098500626e-16,0.19871778401884,3.3306690738754696e-16,0.036387996032729575,2.220446049250313e-16,0.06449712767068694,5.551115123125783e-16,0.07370883859810984,2.220446049250313e-16
Sample 32 $\theta=0.40$,0.001299536155876413,5.551115123125783e-16,0.43634390617358554,1.1102230246251565e-16,0.02289470401543159,5.551115123125783e-16,0.25015832749198097,7.771561172376096e-16,0.0511315384649067,3.3306690738754696e-16
Sample 32 $\theta=0.50$,0.07959050654290356,6.661338147750939e-16,0.11001218691596582,5.551115123125783e-16,0.008093807502837058,2.220446049250313e-16,0.3035958911782103,3.885780586188048e-16,0.08703710080370086,1.1102230246251565e-16
Sample 32 $\theta=0.60$,0.14707904601605304,5.551115123125783e-16,0.10147292411915709,5.551115123125783e-16,0.6270695577240739,2.9976021664879227e-15,0.10423647945019954,3.3306690738754696e-16,0.7414469005332707,4.038436252074007e-15
Sample 32 $\theta=0.70$,0.08117931026578062,6.661338147750939e-16,0.10816215345323738,5.551115123125783e-16,0.009841595462302233,2.220446049250313e-16,0.30378859944005265,3.885780586188048e-16,0.08498144667506013,2.220446049250313e-16
Sample 32 $\theta=0.80$,0.0808156698804301,5.551115123125783e-16,0.23764653224404791,0.0,0.009578103867251997,4.440892098500626e-16,0.10516955778099901,4.440892098500626e-16,0.10601357971061875,1.1102230246251565e-16
Sample 32 $\theta=0.90$,0.12542205593058245,9.367506770274758e-17,0.3168918507550496,1.942890293094024e-16,0.012663431435115086,4.163336342344337e-17,0.3433869863328272,2.7755575615628914e-16,0.009936220516986782,1.249000902703301e-16
Sample 33 $\theta=0.00$,0.00022518794856685176,5.551115123125783e-16,0.6596986654800754,3.3306690738754696e-16,0.0001998570638219732,5.551115123125783e-16,0.37831326490959927,7.771561172376096e-16,0.039436124630860436,4.440892098500626e-16
Sample 33 $\theta=0.10$,6.395034887896056e-05,5.551115123125783e-16,0.5636990164796188,2.220446049250313e-16,0.00035221104883476073,5.551115123125783e-16,0.32274681311642095,7.771561172376096e-16,0.03375600477537544,4.440892098500626e-16
Sample 33 $\theta=0.20$,0.0006103387801257298,5.551115123125783e-16,0.5425795137124934,1.1102230246251565e-16,0.0008771044049250554,5.551115123125783e-16,0.30877640210429225,7.771561172376096e-16,0.03542712977302154,4.440892098500626e-16
Sample 33 $\theta=0.30$,0.08167883945674037,6.661338147750939e-16,0.05865103205639077,4.440892098500626e-16,0.009075029256472522,3.3306690738754696e-16,0.27441363004045316,3.885780586188048e-16,0.087723754570187,1.1102230246251565e-16
Sample 33 $\theta=0.40$,0.08304904733791652,6.661338147750939e-16,0.09400629402923716,5.551115123125783e-16,0.007123876552040054,2.220446049250313e-16,0.29583492077554197,3.885780586188048e-16,0.08741077967726785,1.1102230246251565e-16
Sample 33 $\theta=0.50$,0.08526915588897754,6.661338147750939e-16,0.11674346160713678,5.551115123125783e-16,0.011536601722429651,2.220446049250313e-16,0.3076749352717836,3.885780586188048e-16,0.07898352384623886,2.220446049250313e-16
Sample 33 $\theta=0.60$,0.1667632593392011,7.771561172376096e-16,0.04519020622753095,2.7755575615628914e-16,0.11216621560856788,9.992007221626409e-16,0.19691353073564477,3.885780586188048e-16,0.14639092536639298,1.1102230246251565e-16
Sample 33 $\theta=0.70$,0.14508171938210096,3.885780586188048e-16,0.07973213866527262,1.1102230246251565e-16,0.40082114397030666,2.1649348980190553e-15,0.04134882787347205,2.220446049250313e-16,0.32117703698411054,1.3322676295501878e-15
Sample 33 $\theta=0.80$,0.40038775510484964,7.771561172376096e-16,0.2909758351698564,1.1102230246251565e-16,0.13686659002710677,1.1102230246251565e-15,0.06612321119527842,3.3306690738754696e-16,0.06681817042831739,7.771561172376096e-16
Sample 33 $\theta=0.90$,0.23388999596272175,6.661338147750939e-16,0.2825279708134079,2.7755575615628914e-17,0.17374034219821355,4.440892098500626e-16,0.01992495757624435,3.885780586188048e-16,0.24274704061100538,1.6653345369377348e-15
Sample 34 $\theta=0.00$,0.5119438818674196,8.881784197001252e-16,0.2830147200522206,1.6653345369377348e-16,0.03755858968067732,5.551115123125783e-17,0.31450008398546125,5.551115123125783e-16,0.501573672318347,2.8102520310824275e-15
Sample 34 $\theta=0.10$,0.3894790875704159,7.771561172376096e-16,0.3169194732472014,1.1102230246251565e-16,0.2217066428855855,7.771561172376096e-16,0.33383158888600883,6.661338147750939e-16,0.6023522597741169,3.3237301799715624e-15
Sample 34 $\theta=0.20$,0.5291184163133713,7.771561172376096e-16,0.18928649543677678,1.1102230246251565e-16,0.2370829869196006,1.3704315460216776e-15,0.2958918446629726,4.440892098500626e-16,0.25526064602775766,1.4988010832439613e-15
Sample 34 $\theta=0.30$,0.7361088272791607,1.1102230246251565e-15,0.11420359322043927,5.551115123125783e-16,0.29954500296912906,1.6375789613221059e-15,0.02512307826774568,2.220446049250313e-16,0.2622326321147748,1.5491080640472887e-15
Sample 34 $\theta=0.40$,0.20157218407323613,3.3306690738754696e-16,0.03428656136276664,2.7755575615628914e-16,0.13982211375768008,7.251144129583054e-16,0.10785409049812317,2.220446049250313e-16,0.08922038393135495,5.551115123125783e-16
Sample 34 $\theta=0.50$,0.16234356373237513,5.551115123125783e-16,0.16640050198581552,1.6653345369377348e-16,0.2240817998441077,7.771561172376096e-16,0.061231629676313015,3.885780586188048e-16,0.24002696970632398,1.6653345369377348e-15
Sample 34 $\theta=0.60$,0.3857732910850035,7.771561172376096e-16,0.0019116168451556725,3.3306690738754696e-16,0.23780956457627878,1.4988010832439613e-15,0.08984247679652801,2.7755575615628914e-16,0.024288168210501615,3.3306690738754696e-16
Sample 34 $\theta=0.70$,0.15300895314166107,6.661338147750939e-16,0.12043423345978055,2.220446049250313e-16,0.1773438367118818,5.551115123125783e-16,0.09813892033633587,3.3306690738754696e-16,0.1798222971449549,1.4432899320127035e-15
Sample 34 $\theta=0.80$,0.19663155892039041,6.661338147750939e-16,0.18969168609085413,1.1102230246251565e-16,0.13680681990511323,3.3306690738754696e-16,0.07530220985407876,3.885780586188048e-16,0.154029168766445,1.3322676295501878e-15
Sample 34 $\theta=0.90$,0.09602910047411334,1.6653345369377348e-16,0.41264248972665996,3.0184188481996443e-16,0.01318503442829444,3.885780586188048e-16,0.24343771663308028,3.3306690738754696e-16,0.10476318173918298,2.220446049250313e-16
Sample 35 $\theta=0.00$,6.82543258395975e-05,3.0466081046842675e-17,0.5329574343799615,6.661338147750939e-16,0.00029073435947901195,2.1467203015212988e-16,0.30624994851974,4.9439619065339e-17,0.031837184602674,1.3682631416767066e-16
Sample 35 $\theta=0.10$,0.000400896047004477,2.6237692574149207e-17,0.4512118907330656,6.106226635438361e-16,5.609609609511738e-05,1.8062808193608504e-16,0.25924624273003444,4.141652298894627e-17,0.027028120498264106,1.1644331332494318e-16
Sample 35 $\theta=0.20$,0.008959592281599229,3.469446951953614e-17,0.3628246817386235,4.996003610813204e-16,0.0034952669911548565,1.249000902703301e-16,0.2094867235675258,3.209238430557093e-17,0.02370241246810876,1.0625181290357943e-16
Sample 35 $\theta=0.30$,0.06192053676922958,2.6020852139652106e-17,0.29845178135943745,6.661338147750939e-16,0.00798928819737147,1.2923689896027213e-16,0.019465974002023878,2.220446049250313e-16,0.09126503272251224,4.614364446098307e-16
Sample 35 $\theta=0.40$,0.0661247455401021,4.7488055154865094e-17,0.0013807634578856809,2.220446049250313e-16,0.006726975687474502,1.6479873021779667e-17,0.19178722785758268,2.220446049250313e-16,0.07179917230478997,3.7643499428696714e-16
Sample 35 $\theta=0.50$,0.05039923520455482,2.42861286636753e-17,0.012759320915641026,2.7755575615628914e-16,0.012800873858212325,1.3010426069826053e-17,0.18110654921822555,2.220446049250313e-16,0.07614687622680318,4.0202216555762504e-16
Sample 35 $\theta=0.60$,0.04170849181705259,1.3877787807814457e-17,0.027993790753229997,2.220446049250313e-16,0.01457771223375507,4.119968255444917e-17,0.20258834157772426,2.220446049250313e-16,0.07698788447261523,4.102621020685149e-16
Sample 35 $\theta=0.70$,0.05237650207052372,2.0816681711721685e-17,0.11366816921039274,4.440892098500626e-16,0.010424181108280788,3.8163916471489756e-17,0.12221370482360033,2.220446049250313e-16,0.08253586694917969,4.3021142204224816e-16
Sample 35 $\theta=0.80$,0.4819445648060625,8.881784197001252e-16,0.05193154156350743,2.7755575615628914e-16,0.17631961188877532,1.2212453270876722e-15,0.0758199898162848,2.7755575615628914e-16,0.09661029238488195,8.881784197001252e-16
Sample 35 $\theta=0.90$,0.10730071363702476,2.220446049250313e-16,0.19783815106035824,5.551115123125783e-17,0.26127184789951685,1.1102230246251565e-15,0.10289979758367374,3.3306690738754696e-16,0.17606160570010043,1.1657341758564144e-15
Sample 36 $\theta=0.00$,0.2238636092304127,2.220446049250313e-16,0.239713395694241,9.71445146547012e-17,0.14203690757468768,3.3306690738754696e-16,0.09464564980241674,3.885780586188048e-16,0.18554510100119126,4.440892098500626e-16
Sample 36 $\theta=0.10$,0.2238636092304127,2.220446049250313e-16,0.239713395694241,9.71445146547012e-17,0.14203690757468768,3.3306690738754696e-16,0.09464564980241674,3.885780586188048e-16,0.18554510100119126,4.440892098500626e-16
Sample 36 $\theta=0.20$,0.06809129124159075,5.551115123125783e-16,0.14526712556779126,8.326672684688674e-17,0.011157508876741606,3.3306690738754696e-16,0.18475081031277618,3.885780586188048e-16,0.12599337236923336,0.0
Sample 36 $\theta=0.30$,0.05831121070113188,5.551115123125783e-16,0.40547331608381054,1.1102230246251565e-16,0.030497341797678823,6.661338147750939e-16,0.10108025105330565,5.551115123125783e-16,0.10114174570052603,1.1102230246251565e-16
Sample 36 $\theta=0.40$,0.7567637897251384,5.273559366969494e-16,0.1488975614992319,5.551115123125783e-17,0.29534938928593446,1.4432899320127035e-15,0.036060806349619834,3.3306690738754696e-16,0.28992323427023237,1.1102230246251565e-15
Sample 36 $\theta=0.50$,0.08825285284364637,6.661338147750939e-16,0.08954887455243926,2.220446049250313e-16,0.0028052551097144107,4.440892098500626e-16,0.18976652201094768,3.885780586188048e-16,0.10443571782454553,1.1102230246251565e-16
Sample 36 $\theta=0.60$,0.05989825617235023,1.942890293094024e-16,0.07751865126094898,2.220446049250313e-16,0.07823166239085527,4.579669976578771e-16,0.15348166567529486,2.220446049250313e-16,0.030340532177001694,2.7755575615628914e-16
Sample 36 $\theta=0.70$,0.2645147815714045,5.551115123125783e-17,0.021430961559645023,2.7755575615628914e-16,0.2640972717245783,1.1102230246251565e-15,0.0591231594674988,2.7755575615628914e-16,0.0330106752937096,5.551115123125783e-16
Sample 36 $\theta=0.80$,0.4956076340137119,3.608224830031759e-16,0.37986626411831254,2.3592239273284576e-16,0.3613973560053035,1.6653345369377348e-15,0.2661369939472929,3.3306690738754696e-16,0.02329989214567918,3.3306690738754696e-16
Sample 36 $\theta=0.90$,0.5111019223267784,4.145989107584569e-16,0.2569976054825958,2.7755575615628914e-17,0.6689536749318257,3.3306690738754696e-15,0.24961194781107118,3.3306690738754696e-16,0.3778863623712143,2.0261570199409107e-15
Sample 37 $\theta=0.00$,0.0034026792542711792,5.551115123125783e-16,0.6456580961021182,2.7755575615628914e-16,0.0005741791185612799,5.551115123125783e-16,0.3619069845700842,7.771561172376096e-16,0.042318536613848434,4.440892098500626e-16
Sample 37 $\theta=0.10$,0.0025897752056638357,5.551115123125783e-16,0.7164792108003029,3.885780586188048e-16,0.00029782820986001823,5.551115123125783e-16,0.40462084027978695,7.771561172376096e-16,0.045462027022609486,4.440892098500626e-16
Sample 37 $\theta=0.20$,0.05088090435021819,5.551115123125783e-16,0.26074368803948456,5.551115123125783e-17,0.0022197357381883442,4.440892098500626e-16,0.0033509261761681675,5.551115123125783e-16,0.07348856893425615,2.220446049250313e-16
Sample 37 $\theta=0.30$,0.0818463769016422,6.661338147750939e-16,0.05125019392629465,2.7755575615628914e-16,0.008666162914060527,3.3306690738754696e-16,0.2120104129728031,3.885780586188048e-16,0.09502146860032668,1.1102230246251565e-16
Sample 37 $\theta=0.40$,0.07851336820402932,6.661338147750939e-16,0.12493926992236754,1.6653345369377348e-16,0.009543980194825163,3.3306690738754696e-16,0.1691873095415024,3.885780586188048e-16,0.10058978283201703,1.1102230246251565e-16
Sample 37 $\theta=0.50$,0.08117980190552088,5.551115123125783e-16,0.16707580843053943,1.1102230246251565e-16,0.011311223301657458,3.3306690738754696e-16,0.14461440136204262,4.440892098500626e-16,0.09901878351793503,1.1102230246251565e-16
Sample 37 $\theta=0.60$,0.11166381161117445,6.661338147750939e-16,0.11463715327717205,1.6653345369377348e-16,0.026343096134018973,5.551115123125783e-16,0.1591713377636903,3.885780586188048e-16,0.10253430720198398,1.1102230246251565e-16
Sample 37 $\theta=0.70$,0.05407788733794705,2.7755575615628914e-16,0.1138936902296992,1.1102230246251565e-16,0.1338032405711933,8.326672684688674e-16,0.0848328541132024,2.7755575615628914e-16,0.09425260216532128,2.220446049250313e-16
Sample 37 $\theta=0.80$,0.2325002236927849,5.551115123125783e-17,0.23063764281200438,5.551115123125783e-17,0.16008026690781363,5.551115123125783e-16,0.053504676358265946,3.3306690738754696e-16,0.06992483998857724,0.0
Sample 37 $\theta=0.90$,0.27026375865661745,6.661338147750939e-16,0.23399655197855374,2.7755575615628914e-17,0.06697237952758073,0.0,0.016903871126939585,3.885780586188048e-16,0.15445864716250324,1.2212453270876722e-15
Sample 38 $\theta=0.00$,0.0006107868974103425,5.551115123125783e-16,0.511235034551619,1.1102230246251565e-16,4.9527511336577845e-06,4.440892098500626e-16,0.2926012637817168,7.771561172376096e-16,0.03052281944343571,4.440892098500626e-16
Sample 38 $\theta=0.10$,0.0012664804366946392,5.551115123125783e-16,0.4929459937064291,0.0,0.0008483769251830253,4.440892098500626e-16,0.28205748769944605,7.771561172376096e-16,0.029877253364110512,4.440892098500626e-16
Sample 38 $\theta=0.20$,0.0021269287786218616,5.551115123125783e-16,0.4864657555124504,0.0,0.001469951421291027,4.440892098500626e-16,0.27875360876548383,7.771561172376096e-16,0.029231529544544665,4.440892098500626e-16
Sample 38 $\theta=0.30$,0.08264969519279375,6.661338147750939e-16,0.027440207152606366,3.3306690738754696e-16,0.008144119959412777,3.3306690738754696e-16,0.25796494314973883,3.885780586188048e-16,0.09082142881410604,1.1102230246251565e-16
Sample 38 $\theta=0.40$,0.08247472463778571,6.661338147750939e-16,0.01668837603576051,3.3306690738754696e-16,0.008665803623747026,3.3306690738754696e-16,0.25108299186680805,3.885780586188048e-16,0.0905678998711118,1.1102230246251565e-16
Sample 38 $\theta=0.50$,0.0823848446147738,6.661338147750939e-16,0.03480804615040439,3.885780586188048e-16,0.009445220487173,3.3306690738754696e-16,0.26131400006516015,3.885780586188048e-16,0.08862529514898276,1.1102230246251565e-16
Sample 38 $\theta=0.60$,0.06572067233788781,6.661338147750939e-16,0.01321528172209796,3.3306690738754696e-16,0.01587719698258583,3.3306690738754696e-16,0.2437073571728987,3.885780586188048e-16,0.09196239333373346,1.1102230246251565e-16
Sample 38 $\theta=0.70$,0.3478303767501646,1.1102230246251565e-16,0.06322497462147303,1.6653345369377348e-16,0.1761025765951899,6.661338147750939e-16,0.12047201751564574,3.885780586188048e-16,0.1802370579725716,4.440892098500626e-16
Sample 38 $\theta=0.80$,0.1442022024497278,5.551115123125783e-16,0.389496329100456,1.942890293094024e-16,0.10342435421194474,1.1102230246251565e-16,0.11033708007077847,3.3306690738754696e-16,0.11591189434872018,9.992007221626409e-16
Sample 38 $\theta=0.90$,0.1699372996191403,1.3530843112619095e-16,0.3577358556906608,2.636779683484747e-16,0.004071381912758923,1.1102230246251565e-16,0.35521110782646526,2.7755575615628914e-16,0.04208740675346556,1.3877787807814457e-16
Sample 39 $\theta=0.00$,0.006818822713585705,3.903127820947816e-17,0.7263561352009791,9.992007221626409e-16,0.0015443544035155608,2.896988204881268e-16,0.3855203229295047,1.3877787807814457e-17,0.057558897822484446,2.6194324487249787e-16
Sample 39 $\theta=0.10$,0.0051665208550023805,4.683753385137379e-17,0.6184127699580191,8.881784197001252e-16,0.0011292773291674265,2.419939248987646e-16,0.3475653483138045,4.163336342344337e-17,0.04436078079838149,2.0014372104082412e-16
Sample 39 $\theta=0.20$,0.020881964391902,6.245004513516506e-17,0.36031021301240396,5.551115123125783e-16,0.017114322807743013,6.071532165918825e-17,0.1592867956000492,2.7755575615628914e-17,0.050649768014591943,2.5543803183758484e-16
Sample 39 $\theta=0.30$,0.10110049879709243,6.245004513516506e-17,0.002791698728830838,2.220446049250313e-16,0.08828689886565413,4.718447854656915e-16,0.17176968371515794,2.220446049250313e-16,0.13414603309891454,7.112366251504909e-16
Sample 39 $\theta=0.40$,0.09773457792589543,5.811323644522304e-17,0.23945824170241847,5.551115123125783e-16,0.05601379748828623,4.163336342344337e-16,0.045905611084480824,2.220446049250313e-16,0.12352750962932987,6.331740687315346e-16
Sample 39 $\theta=0.50$,0.012129049032110054,2.7755575615628914e-17,0.027861939536786562,2.220446049250313e-16,0.03034226891643802,1.3183898417423734e-16,0.19214093952224515,2.220446049250313e-16,0.07533052457210805,4.163336342344337e-16
Sample 39 $\theta=0.60$,0.08999089987112259,4.163336342344337e-17,0.023635730959995216,2.7755575615628914e-16,0.03995427024244756,2.498001805406602e-16,0.1585056291418372,2.220446049250313e-16,0.09200988011142602,4.996003610813204e-16
Sample 39 $\theta=0.70$,0.47955856833625815,3.9898639947466563e-16,0.299482549416128,5.551115123125783e-17,0.7216145052301255,3.552713678800501e-15,0.28992802252822436,3.3306690738754696e-16,0.46449600171422634,2.42861286636753e-15
Sample 39 $\theta=0.80$,0.43181698964535264,3.4867941867133823e-16,0.37144425302151385,2.220446049250313e-16,0.43316135970236264,1.9984014443252818e-15,0.31612585740837007,3.3306690738754696e-16,0.18274591145500668,1.0547118733938987e-15
Sample 39 $\theta=0.90$,0.23349638561093367,3.885780586188048e-16,0.3934360143945181,2.636779683484747e-16,0.0728419052460551,5.967448757360216e-16,0.3238843323974246,2.7755575615628914e-16,0.13785579729251302,8.604228440844963e-16
Sample 40 $\theta=0.00$,0.0005494028716853004,3.2959746043559335e-17,0.5833920703405585,7.771561172376096e-16,0.000491639503398077,2.3613923316734287e-16,0.3342975903744587,5.2909066017292616e-17,0.03519571402041997,1.5178830414797062e-16
Sample 40 $\theta=0.10$,0.00021293368832623087,3.2959746043559335e-17,0.561855346880764,7.771561172376096e-16,2.7629085998458073e-05,2.244298497044994e-16,0.3227435049034712,5.117434254131581e-17,0.03339168767768517,1.43982048506075e-16
Sample 40 $\theta=0.20$,0.00013415187523056695,2.7321894746634712e-17,0.46754949306064936,6.106226635438361e-16,0.0003797956899773197,1.8431436932253575e-16,0.2687072877901838,4.2717565595928875e-17,0.027290502120609565,1.1752751549742868e-16
Sample 40 $\theta=0.30$,0.06608538846675201,4.098284211995207e-17,0.11686508536938922,4.440892098500626e-16,0.008343217298686478,5.5294310796760726e-17,0.12412386349205573,2.220446049250313e-16,0.077307219953312,3.9942008034365983e-16
Sample 40 $\theta=0.40$,0.06822367333455487,4.0766001685454967e-17,0.11502030869385105,4.440892098500626e-16,0.001276068692242574,1.0408340855860843e-16,0.12346985720097109,2.220446049250313e-16,0.0845659701976422,4.375839968151496e-16
Sample 40 $\theta=0.50$,0.05587175980783646,2.42861286636753e-17,0.1456464879390455,4.440892098500626e-16,0.008654703669450134,5.898059818321144e-17,0.10244325945065558,2.220446049250313e-16,0.0827718800047771,4.3368086899420177e-16
Sample 40 $\theta=0.60$,0.16523407868604562,1.231653667943533e-16,0.020541309585724865,3.3306690738754696e-16,0.1935971316921471,9.992007221626409e-16,0.16024783193486808,2.220446049250313e-16,0.19749658065827677,1.0243542125643046e-15
Sample 40 $\theta=0.70$,0.4077871376623039,8.881784197001252e-16,0.15680034222412775,6.661338147750939e-16,0.2749951397494742,1.2212453270876722e-15,0.16975424542378215,2.7755575615628914e-16,0.5450511247967303,3.1086244689504383e-15
Sample 40 $\theta=0.80$,0.16595781111359054,5.551115123125783e-16,0.3526575930047482,1.5265566588595902e-16,0.0030376175619722945,4.440892098500626e-16,0.011243646110032812,4.440892098500626e-16,0.038297399014723954,4.440892098500626e-16
Sample 40 $\theta=0.90$,0.28612941662421587,7.771561172376096e-16,0.2113693735085984,5.551115123125783e-17,0.19183572916628522,4.440892098500626e-16,0.026139786685385136,3.885780586188048e-16,0.30097830659315394,1.9984014443252818e-15
Sample 41 $\theta=0.00$,0.016295007820472135,2.0816681711721685e-17,0.5390738798514936,7.771561172376096e-16,0.016650648174412044,3.0184188481996443e-16,0.2961911168843325,2.7755575615628914e-17,0.046370582269019626,2.1684043449710089e-16
Sample 41 $\theta=0.10$,0.008261330270404519,2.7755575615628914e-17,0.47302303746622215,6.661338147750939e-16,0.005385008306397099,2.1510571102112408e-16,0.25902931928129436,2.0816681711721685e-17,0.03604432834826768,1.700029006457271e-16
Sample 41 $\theta=0.20$,0.07539186223542571,2.7755575615628914e-16,0.4459464851639649,6.661338147750939e-16,0.16850758136417116,8.881784197001252e-16,0.34897472402033314,2.0816681711721685e-17,0.19667948877115482,1.1102230246251565e-15
Sample 41 $\theta=0.30$,0.20412135945346777,2.220446049250313e-16,0.32464944428739295,6.661338147750939e-16,0.14343055781233005,6.661338147750939e-16,0.4677130671275701,1.6653345369377348e-16,0.16879715817956986,3.3306690738754696e-16
Sample 41 $\theta=0.40$,0.08664489931237748,4.163336342344337e-17,0.029080622540392786,2.7755575615628914e-16,0.07361692509405071,3.2439329000766293e-16,0.1513756415791932,2.220446049250313e-16,0.027002755504912282,8.326672684688674e-17
Sample 41 $\theta=0.50$,0.002639639654910042,5.551115123125783e-17,0.05056571996211068,1.6653345369377348e-16,0.05178526752210426,2.5847379792054426e-16,0.19616463478113697,2.220446049250313e-16,0.05635259139878379,3.3306690738754696e-16
Sample 41 $\theta=0.60$,0.01280292657904114,2.7755575615628914e-16,0.32775881492599956,6.661338147750939e-16,0.06319047344415707,3.3306690738754696e-16,0.1874357144768034,2.7755575615628914e-16,0.09568257082434883,7.216449660063518e-16
Sample 41 $\theta=0.70$,0.12936295696123012,3.3306690738754696e-16,0.06037199396162557,4.440892098500626e-16,0.12671307988186187,3.3306690738754696e-16,0.19728266510526982,3.885780586188048e-16,0.06757246692170626,1.1102230246251565e-16
Sample 41 $\theta=0.80$,0.32851158728358465,0.0,0.11203454618335873,1.1102230246251565e-16,0.16127643560746607,6.661338147750939e-16,0.028714416060736936,2.7755575615628914e-16,0.10344966586943283,2.220446049250313e-16
Sample 41 $\theta=0.90$,0.26043114932167805,4.996003610813204e-16,0.3805329194957451,2.5673907444456745e-16,0.1729069723941349,1.0894063429134349e-15,0.31163547907479444,2.7755575615628914e-16,0.050281388689057516,4.3021142204224816e-16
Sample 42 $\theta=0.00$,0.4992141866068306,9.992007221626409e-16,0.09089339851138695,2.7755575615628914e-16,0.2635348923721239,1.4988010832439613e-15,0.22389495328356823,2.220446049250313e-16,0.017827867717238766,3.3306690738754696e-16
Sample 42 $\theta=0.10$,0.5400925122371609,8.881784197001252e-16,0.54006045294162,2.7755575615628914e-16,0.4849531698643802,2.8102520310824275e-15,0.46260225857092524,5.551115123125783e-16,0.04066254806723352,1.6653345369377348e-16
Sample 42 $\theta=0.20$,0.7258194190373326,9.992007221626409e-16,0.2739200035241503,8.326672684688674e-17,0.22949036703051567,1.4710455076283324e-15,0.13572271097755195,3.3306690738754696e-16,0.2636357199017841,1.6514567491299204e-15
Sample 42 $\theta=0.30$,0.8088287743385888,1.3322676295501878e-15,0.0797940577817065,2.7755575615628914e-16,0.3603157621902874,2.067790383364354e-15,0.03140196643456128,2.7755575615628914e-16,0.20389972800850265,1.3322676295501878e-15
Sample 42 $\theta=0.40$,0.2637577885774598,6.661338147750939e-16,0.1493893914398784,2.220446049250313e-16,0.4180221929853599,1.7763568394002505e-15,0.04017720337010988,3.885780586188048e-16,0.5398224879034019,3.164135620181696e-15
Sample 42 $\theta=0.50$,0.4863212083281626,6.661338147750939e-16,0.2901847908460663,1.3877787807814457e-16,0.228802153533943,1.4016565685892601e-15,0.21982435891868723,2.7755575615628914e-16,0.13682969853468963,9.159339953157541e-16
Sample 42 $\theta=0.60$,0.11343959159184358,8.847089727481716e-17,0.32858962052727053,2.498001805406602e-16,0.09347272485387792,5.672545766444159e-16,0.35157050404974516,2.7755575615628914e-16,0.09227220801224226,3.885780586188048e-16
Sample 42 $\theta=0.70$,0.4223197727930185,7.771561172376096e-16,0.049301375965146776,4.440892098500626e-16,0.07735552118548222,4.996003610813204e-16,0.01307809457848702,2.7755575615628914e-16,0.24327329953703097,1.4710455076283324e-15
Sample 42 $\theta=0.80$,0.046787381611927525,4.440892098500626e-16,0.10542599392355378,2.220446049250313e-16,0.21863301741098806,8.881784197001252e-16,0.007078317747196583,2.7755575615628914e-16,0.21235749851589902,1.4432899320127035e-15
Sample 42 $\theta=0.90$,0.300650859180141,1.1102230246251565e-16,0.1950521557022591,2.7755575615628914e-17,0.10845296476381389,3.3306690738754696e-16,0.13290977334019266,3.3306690738754696e-16,0.1054591584921919,3.3306690738754696e-16
Sample 43 $\theta=0.00$,0.003744700652216335,3.447762908503904e-17,0.6511565768600767,8.881784197001252e-16,6.57132885437629e-05,2.6107588313450947e-16,0.3689436236871852,5.204170427930421e-17,0.03912852373056215,1.700029006457271e-16
Sample 43 $\theta=0.10$,0.0027441870508697393,2.7321894746634712e-17,0.5038216000076621,6.661338147750939e-16,0.00038004799207895686,2.0513105103425744e-16,0.2822385873836129,3.8163916471489756e-17,0.03299614229411792,1.450662506785605e-16
Sample 43 $\theta=0.20$,0.005286696341252159,1.8214596497756474e-17,0.37728490058677794,5.551115123125783e-16,0.0023521419141276957,1.4051260155412137e-16,0.20926358940687478,2.42861286636753e-17,0.02095810952124408,9.107298248878237e-17
Sample 43 $\theta=0.30$,0.07174556300024092,5.5077470362263625e-17,0.06438175392558365,1.6653345369377348e-16,0.013851138013374276,4.597017211338539e-17,0.22513551204891277,2.220446049250313e-16,0.05455421074066201,2.949029909160572e-16
Sample 43 $\theta=0.40$,0.08243873658416047,5.117434254131581e-17,0.11511784230862288,4.440892098500626e-16,0.026093270733785756,3.8163916471489756e-17,0.11753145016960559,2.220446049250313e-16,0.04145309129236133,2.2898349882893854e-16
Sample 43 $\theta=0.50$,0.34545194065933826,5.551115123125783e-17,0.05196302502720068,3.885780586188048e-16,0.21127594729862142,9.992007221626409e-16,0.09999924212959654,2.7755575615628914e-16,0.07685222920334256,0.0
Sample 43 $\theta=0.60$,0.481680785939938,2.220446049250313e-16,0.19589584962519907,5.551115123125783e-16,0.2799493380828667,1.4432899320127035e-15,0.14656867906386384,2.7755575615628914e-16,0.07257811429319472,1.1102230246251565e-16
Sample 43 $\theta=0.70$,0.16541343759119986,1.1796119636642288e-16,0.19999965883002463,8.326672684688674e-17,0.18669960732210955,9.97465998686664e-16,0.2542159624273285,2.7755575615628914e-16,0.2364597962790539,1.1102230246251565e-15
Sample 43 $\theta=0.80$,0.06821817135784325,5.681219383824043e-17,0.15987676910143966,5.551115123125783e-17,0.01227370701526155,7.632783294297951e-17,0.2812452382348277,2.7755575615628914e-16,0.05399430858484858,2.96637714392034e-16
Sample 43 $\theta=0.90$,0.4541554257080884,2.220446049250313e-16,0.2905567007385951,1.1102230246251565e-16,0.379584493577855,1.6653345369377348e-15,0.15179521339624108,3.3306690738754696e-16,0.0360773450719849,4.440892098500626e-16
Sample 44 $\theta=0.00$,0.008479951322968266,4.163336342344337e-17,0.49924071089692407,6.661338147750939e-16,0.004410904749627478,1.7520707107365752e-16,0.28427473275503146,3.9898639947466563e-17,0.032853069619470265,1.478851763270228e-16
Sample 44 $\theta=0.10$,0.060112919461074416,1.1102230246251565e-16,0.4995906319522205,6.661338147750939e-16,0.021951519000939702,7.19910242530375e-17,0.2947953683308983,3.8163916471489756e-17,0.045636772005431585,2.2724877535296173e-16
Sample 44 $\theta=0.20$,0.17794287806348102,3.0531133177191805e-16,0.3765476014302528,5.551115123125783e-16,0.08759814972130907,3.41740524767431e-16,0.2333465831597109,6.938893903907228e-18,0.05018040244296858,2.983724378680108e-16
Sample 44 $\theta=0.30$,0.11738002600813394,2.220446049250313e-16,0.03217559840187251,2.220446049250313e-16,0.09955902960447663,5.221517662690189e-16,0.16696885722741395,2.220446049250313e-16,0.07945397893391173,4.787836793695988e-16
Sample 44 $\theta=0.40$,0.018131894719217223,2.7755575615628914e-17,0.09364110465897729,3.3306690738754696e-16,0.026116985965880295,6.071532165918825e-17,0.1248204243438425,2.220446049250313e-16,0.08418471867980785,4.527628272299467e-16
Sample 44 $\theta=0.50$,0.25762373567030306,3.885780586188048e-16,0.005545835927019349,3.3306690738754696e-16,0.06457986083956324,3.885780586188048e-16,0.10827264569425604,2.220446049250313e-16,0.1970016737711753,1.1171619185290638e-15
Sample 44 $\theta=0.60$,0.10635464580618378,1.942890293094024e-16,0.0038845135887348725,2.7755575615628914e-16,0.08822712698794248,4.475586568020162e-16,0.14561350542945062,2.220446049250313e-16,0.08491900145935727,5.065392549852277e-16
Sample 44 $\theta=0.70$,0.16453767113860457,3.3306690738754696e-16,0.09303850921417212,3.3306690738754696e-16,0.19858623728772928,1.0408340855860843e-15,0.021848193553916317,2.220446049250313e-16,0.031172699619815142,0.0
Sample 44 $\theta=0.80$,0.05330815159213187,2.7755575615628914e-16,0.10569181043792542,4.440892098500626e-16,0.021657481658670763,3.3306690738754696e-16,0.10710802275087516,2.7755575615628914e-16,0.08676995543551858,1.1102230246251565e-16
Sample 44 $\theta=0.90$,0.49963301928475035,3.677613769070831e-16,0.04140584395271785,3.885780586188048e-16,0.4855173711682256,2.3314683517128287e-15,0.05120600134647307,2.7755575615628914e-16,0.19355228070370523,1.1102230246251565e-15
Sample 45 $\theta=0.00$,0.006323298758105635,4.7704895589362195e-18,0.13116047734720573,1.942890293094024e-16,0.003900697128397954,7.45931094670027e-17,0.06196934196520534,6.938893903907228e-18,0.016135004195919754,7.849623728795052e-17
Sample 45 $\theta=0.10$,0.00336559146149815,1.9081958235744878e-17,0.25861349194170796,3.885780586188048e-16,0.0011759779554939643,1.1275702593849246e-16,0.12633638546650425,1.3877787807814457e-17,0.02891581576711509,1.3964523981613297e-16
Sample 45 $\theta=0.20$,0.016447149410911292,5.551115123125783e-17,0.36094856685573096,4.996003610813204e-16,0.01231958058963831,1.942890293094024e-16,0.2095301715683044,1.3877787807814457e-17,0.04494950916620798,2.3245294578089215e-16
Sample 45 $\theta=0.30$,0.05012492360302159,6.938893903907228e-18,0.05825907987027751,3.3306690738754696e-16,0.015233808891258027,1.3877787807814457e-17,0.14345003512479504,2.220446049250313e-16,0.06878956261457098,3.8163916471489756e-16
Sample 45 $\theta=0.40$,0.010781995093745417,2.7755575615628914e-17,0.03339735698994023,2.220446049250313e-16,0.021040227562708458,8.673617379884035e-17,0.1983272542612884,2.220446049250313e-16,0.08776269062441455,4.753142324176451e-16
Sample 45 $\theta=0.50$,0.051658687397475464,2.42861286636753e-17,0.043809537247517516,1.6653345369377348e-16,0.0010779055026230305,1.734723475976807e-17,0.20966798110942514,2.220446049250313e-16,0.0815364866007736,4.36282954208167e-16
Sample 45 $\theta=0.60$,0.13368751439388188,3.885780586188048e-16,0.13995820604515358,5.551115123125783e-17,0.20212854444102335,1.2212453270876722e-15,0.08791900142041881,2.7755575615628914e-16,0.11672593283241861,3.3306690738754696e-16
Sample 45 $\theta=0.70$,0.07229979358500963,2.7755575615628914e-17,0.08794616970282865,1.6653345369377348e-16,0.029856609924772404,8.326672684688674e-17,0.1764748025419715,2.220446049250313e-16,0.05701766082710508,3.885780586188048e-16
Sample 45 $\theta=0.80$,0.023454278126839784,2.7755575615628914e-17,0.15901288587122114,5.551115123125783e-17,0.06799483450261787,3.8163916471489756e-16,0.2531833393580599,2.7755575615628914e-16,0.010168204549630244,1.1102230246251565e-16
Sample 45 $\theta=0.90$,0.31088614077702426,1.3877787807814457e-16,0.3299934623997538,1.8041124150158794e-16,0.16749120369743514,6.661338147750939e-16,0.21549271320781802,3.3306690738754696e-16,0.055678249746084096,5.551115123125783e-17
Sample 46 $\theta=0.00$,0.0014269408929939598,1.734723475976807e-17,0.1396163630391093,2.220446049250313e-16,0.004017918328215792,3.9898639947466563e-17,0.051740837069424034,2.7755575615628914e-17,0.024127464046572407,1.218643241873707e-16
Sample 46 $\theta=0.10$,0.0014269408929939598,1.734723475976807e-17,0.1396163630391093,2.220446049250313e-16,0.004017918328215792,3.9898639947466563e-17,0.051740837069424034,2.7755575615628914e-17,0.024127464046572407,1.218643241873707e-16
Sample 46 $\theta=0.20$,0.0014269408929939598,1.734723475976807e-17,0.1396163630391093,2.220446049250313e-16,0.004017918328215792,3.9898639947466563e-17,0.051740837069424034,2.7755575615628914e-17,0.024127464046572407,1.218643241873707e-16
Sample 46 $\theta=0.30$,0.01118170379657548,4.163336342344337e-17,0.2938475996836769,4.440892098500626e-16,0.010713442211893237,6.808789643208968e-17,0.12935773601063366,2.7755575615628914e-17,0.04076431147958315,2.0361316799277773e-16
Sample 46 $\theta=0.40$,0.01118170379657548,4.163336342344337e-17,0.2938475996836769,4.440892098500626e-16,0.010713442211893237,6.808789643208968e-17,0.12935773601063366,2.7755575615628914e-17,0.04076431147958315,2.0361316799277773e-16
Sample 46 $\theta=0.50$,0.061558588907427644,4.85722573273506e-17,0.11604001418255311,1.1102230246251565e-16,0.008006324954413741,3.729655473350135e-17,0.2573302357395575,2.220446049250313e-16,0.0668209145292055,3.5735303605122226e-16
Sample 46 $\theta=0.60$,0.4062741911319787,8.881784197001252e-16,0.12355746414566532,4.440892098500626e-16,0.5842992677963755,3.219646771412954e-15,0.25995651844788825,3.3306690738754696e-16,0.4324195342617817,1.6653345369377348e-15
Sample 46 $\theta=0.70$,0.4062741911319787,8.881784197001252e-16,0.12355746414566532,4.440892098500626e-16,0.5842992677963755,3.219646771412954e-15,0.25995651844788825,3.3306690738754696e-16,0.4324195342617817,1.6653345369377348e-15
Sample 46 $\theta=0.80$,0.06415220562790623,5.204170427930421e-17,0.16828989962919205,0.0,0.01205336092305316,8.066464163292153e-17,0.28567239880083617,2.7755575615628914e-16,0.05645337950852494,3.1051550219984847e-16
Sample 46 $\theta=0.90$,0.3389914693315923,8.881784197001252e-16,0.06893143199781693,3.3306690738754696e-16,0.47037709263700633,2.6645352591003757e-15,0.23873591786326498,3.3306690738754696e-16,0.3725461495619564,1.3322676295501878e-15
Sample 47 $\theta=0.00$,9.600428637934755e-05,5.551115123125783e-16,0.8087713554630641,4.718447854656915e-16,2.3325438010868282e-05,6.661338147750939e-16,0.46450829719312936,7.771561172376096e-16,0.04802355102256928,4.440892098500626e-16
Sample 47 $\theta=0.10$,0.0003735114532557038,5.551115123125783e-16,0.7337468882980362,4.440892098500626e-16,7.36489620173364e-05,5.551115123125783e-16,0.4215475053281087,7.771561172376096e-16,0.043594377082416313,4.440892098500626e-16
Sample 47 $\theta=0.20$,0.00019542775579206584,5.551115123125783e-16,0.7670432223660615,4.163336342344337e-16,8.87923053398687e-05,5.551115123125783e-16,0.44056593787146014,7.771561172376096e-16,0.04549053997608454,4.440892098500626e-16
Sample 47 $\theta=0.30$,0.08224664844083651,6.661338147750939e-16,0.049331145821297384,2.7755575615628914e-16,0.008580525201284717,3.3306690738754696e-16,0.21303825277255117,3.885780586188048e-16,0.09465281993143548,1.1102230246251565e-16
Sample 47 $\theta=0.40$,0.08270697899558854,6.661338147750939e-16,0.051179976430193175,2.7755575615628914e-16,0.009102205078784342,3.3306690738754696e-16,0.2128634336461186,3.885780586188048e-16,0.09446884779674591,1.1102230246251565e-16
Sample 47 $\theta=0.50$,0.09734264404570203,5.551115123125783e-16,0.35030691787681567,1.3877787807814457e-16,0.011761884938839673,4.440892098500626e-16,0.034636388003719265,4.440892098500626e-16,0.09432083997722773,1.1102230246251565e-16
Sample 47 $\theta=0.60$,0.08397935290583503,5.551115123125783e-16,0.2750218726763191,5.551115123125783e-17,0.009457150836259087,4.440892098500626e-16,0.08318737948198596,4.440892098500626e-16,0.10567830102315168,1.1102230246251565e-16
Sample 47 $\theta=0.70$,0.08309800358331432,5.551115123125783e-16,0.23594216871526558,0.0,0.0010035521284166293,4.440892098500626e-16,0.0989407222073917,4.440892098500626e-16,0.10840578383284627,1.1102230246251565e-16
Sample 47 $\theta=0.80$,0.1400071655599655,5.551115123125783e-16,0.36383077603326075,1.6653345369377348e-16,0.014176345420219949,4.440892098500626e-16,0.011295563037185707,4.440892098500626e-16,0.050729575653336134,3.3306690738754696e-16
Sample 47 $\theta=0.90$,0.25245456656651444,6.661338147750939e-16,0.4011140997066715,1.734723475976807e-16,0.1949868149676124,5.551115123125783e-16,0.07009291757567437,3.885780586188048e-16,0.2596963573620181,1.7763568394002505e-15
Sample 48 $\theta=0.00$,9.030548936859745e-05,1.6263032587282567e-17,0.27324325430391483,3.885780586188048e-16,0.00027031485098886153,1.1080546202801855e-16,0.15585241547647785,2.3852447794681098e-17,0.017265850811856536,7.524363077049401e-17
Sample 48 $\theta=0.10$,6.6461591141534025e-06,2.2985086056692694e-17,0.3935460716915385,5.551115123125783e-16,0.00027589762458738734,1.5916087892087205e-16,0.2246910586705173,3.469446951953614e-17,0.024500555175545315,1.0630602301220371e-16
Sample 48 $\theta=0.20$,0.00841885797415871,1.9081958235744878e-17,0.35142548984158517,4.996003610813204e-16,0.01497732732019956,6.245004513516506e-17,0.19883781964838015,2.0816681711721685e-17,0.0009152127010401134,0.0
Sample 48 $\theta=0.30$,0.06285012779371998,4.2500725161431774e-17,0.02510647633498997,2.7755575615628914e-16,0.007155290356034474,2.4069288229178198e-17,0.176717091907921,2.220446049250313e-16,0.0754286460697158,3.9367380882948666e-16
Sample 48 $\theta=0.40$,0.33007781134880637,1.8041124150158794e-16,0.039452808934552164,2.220446049250313e-16,0.5314544369350921,2.699229728619912e-15,0.011886757867105635,2.7755575615628914e-16,0.7753253395937377,3.6637359812630166e-15
Sample 48 $\theta=0.50$,0.18999937139321854,1.6653345369377348e-16,0.00441803958332454,2.7755575615628914e-16,0.1867243620867125,1.2212453270876722e-15,0.08197258185321044,3.3306690738754696e-16,0.3926674663606142,1.5543122344752192e-15
Sample 48 $\theta=0.60$,0.0893231906234303,8.326672684688674e-17,0.01659613388640835,1.6653345369377348e-16,0.4025091031878436,2.0816681711721685e-15,0.04044824302288719,2.220446049250313e-16,0.4536430549755126,2.1094237467877974e-15
Sample 48 $\theta=0.70$,0.2228667772094814,1.491862189340054e-16,0.2345494164572831,1.3877787807814457e-16,0.2197992581455051,1.1796119636642288e-15,0.24321088071817654,2.7755575615628914e-16,0.3361983629667225,1.5543122344752192e-15
Sample 48 $\theta=0.80$,0.09528042113720525,5.551115123125783e-16,0.34506758393490383,1.249000902703301e-16,0.08459725910477456,0.0,0.02032464618697427,4.440892098500626e-16,0.01962020146884036,6.661338147750939e-16
Sample 48 $\theta=0.90$,0.3389576695552855,1.6653345369377348e-16,0.4246374681923235,3.365363543395006e-16,0.057972061615432224,5.551115123125783e-17,0.26064051448903136,3.3306690738754696e-16,0.20301172348537933,7.771561172376096e-16
Sample 49 $\theta=0.00$,0.0010942602904475685,5.551115123125783e-16,0.532839941866804,1.1102230246251565e-16,0.00028402992631160195,5.551115123125783e-16,0.30238638928452155,7.771561172376096e-16,0.03290777937230449,4.440892098500626e-16
Sample 49 $\theta=0.10$,0.0012437940048858342,5.551115123125783e-16,0.634141924210077,2.220446049250313e-16,0.00040636246418823685,5.551115123125783e-16,0.360301288998369,7.771561172376096e-16,0.038850788172476114,4.440892098500626e-16
Sample 49 $\theta=0.20$,0.03681260659869355,2.0816681711721685e-17,0.37765666513991364,4.996003610813204e-16,0.07651976212241904,2.498001805406602e-16,0.24556305796011885,1.734723475976807e-17,0.10417703154758694,4.996003610813204e-16
Sample 49 $\theta=0.30$,0.08309495277240253,6.661338147750939e-16,0.04127212164352767,2.7755575615628914e-16,0.008257718229442323,3.3306690738754696e-16,0.21848863266588014,3.885780586188048e-16,0.09443787470036691,1.1102230246251565e-16
Sample 49 $\theta=0.40$,0.08307493137801591,5.551115123125783e-16,0.2495735228904562,0.0,0.008209368320017951,4.440892098500626e-16,0.09926072754385928,4.440892098500626e-16,0.10711995326736301,1.1102230246251565e-16
Sample 49 $\theta=0.50$,0.0830986219210953,6.661338147750939e-16,0.07624815597336498,2.220446049250313e-16,0.009203197912085681,3.3306690738754696e-16,0.19805422772174452,3.885780586188048e-16,0.0952846416919021,1.1102230246251565e-16
Sample 49 $\theta=0.60$,0.0940632068629983,3.3306690738754696e-16,0.24323615296343187,8.326672684688674e-17,0.6367506544768645,2.886579864025407e-15,0.126786625513716,3.885780586188048e-16,0.7141836928024011,3.8719027983802334e-15
Sample 49 $\theta=0.70$,0.11266557482572759,5.551115123125783e-16,0.2937915590394851,8.326672684688674e-17,0.006812936290752081,3.3306690738754696e-16,0.062433157993363464,4.440892098500626e-16,0.0817510563520667,2.220446049250313e-16
Sample 49 $\theta=0.80$,0.0827441584728188,5.551115123125783e-16,0.28427533155140705,5.551115123125783e-17,0.02512220572246604,3.3306690738754696e-16,0.07357768798927267,4.440892098500626e-16,0.08783469457916182,2.220446049250313e-16
Sample 49 $\theta=0.90$,0.12660921320143625,2.220446049250313e-16,0.39638870655374664,1.942890293094024e-16,0.345976146431331,1.4432899320127035e-15,0.15272723161481055,3.3306690738754696e-16,0.1959868004194053,1.3322676295501878e-15
Sample 50 $\theta=0.00$,0.003200537347678542,2.0816681711721685e-17,0.24129768496291423,3.3306690738754696e-16,0.0010858531494084053,8.933825901280557e-17,0.13684421370543232,1.734723475976807e-17,0.01668450681424006,7.676151381197371e-17
Sample 50 $\theta=0.10$,0.010761073762457943,3.8163916471489756e-17,0.28295739753825927,3.885780586188048e-16,0.007260488844247355,7.112366251504909e-17,0.16301514528685995,1.734723475976807e-17,0.016749542710928288,8.326672684688674e-17
Sample 50 $\theta=0.20$,0.07307719577131543,1.249000902703301e-16,0.32467555733148157,4.440892098500626e-16,0.032592273061353504,5.724587470723463e-17,0.1956968093256675,1.0408340855860843e-17,0.03275588638360989,1.8041124150158794e-16
Sample 50 $\theta=0.30$,0.027117733896739687,1.3877787807814457e-17,0.06186598950432998,1.6653345369377348e-16,0.05306698172066178,2.671474153004283e-16,0.20225664587081224,2.220446049250313e-16,0.032137328036364876,2.220446049250313e-16
Sample 50 $\theta=0.40$,0.053513933648543954,2.42861286636753e-17,0.05712502564514266,1.6653345369377348e-16,0.023803639624225756,9.8879238130678e-17,0.2153144007537025,2.220446049250313e-16,0.05420482463084138,3.0184188481996443e-16
Sample 50 $\theta=0.50$,0.02939475614185938,1.3877787807814457e-17,0.2350356687177716,8.326672684688674e-17,0.061948567419496586,3.7990444123892075e-16,0.30351666842805314,2.7755575615628914e-16,0.012085347474087627,1.249000902703301e-16
Sample 50 $\theta=0.60$,0.13449392390200204,7.979727989493313e-17,0.11308526840680155,4.440892098500626e-16,0.028091310982890527,6.938893903907228e-17,0.09257208792519017,2.220446049250313e-16,0.016600199466235366,2.7755575615628914e-17
Sample 50 $\theta=0.70$,0.10206164549376828,5.551115123125783e-16,0.14427097515424042,1.1102230246251565e-16,0.18047089229360336,6.661338147750939e-16,0.04862200864935906,3.3306690738754696e-16,0.1680849638002353,1.3322676295501878e-15
Sample 50 $\theta=0.80$,0.05751384019698702,2.220446049250313e-16,0.17707183079587485,1.1102230246251565e-16,0.46632730577572934,2.1094237467877974e-15,0.03519693456459283,3.885780586188048e-16,0.39179002755161885,2.3314683517128287e-15
Sample 50 $\theta=0.90$,0.12315389448910785,1.6653345369377348e-16,0.014125067203143327,3.3306690738754696e-16,0.2869624230659944,1.2212453270876722e-15,0.0008484669377668563,2.7755575615628914e-16,0.21591050685137847,1.3322676295501878e-15
Sample 51 $\theta=0.00$,0.0002818666508623835,5.551115123125783e-16,0.8396233568141351,4.996003610813204e-16,3.2792458548591696e-06,6.661338147750939e-16,0.48103509328362315,7.771561172376096e-16,0.05034273773477016,4.440892098500626e-16
Sample 51 $\theta=0.10$,0.0004928320100942019,5.551115123125783e-16,0.7376477305241981,3.885780586188048e-16,0.00022363721091522848,5.551115123125783e-16,0.4209078833690343,7.771561172376096e-16,0.04495490805822189,4.440892098500626e-16
Sample 51 $\theta=0.20$,0.0014925476021863116,5.551115123125783e-16,0.8200710202912971,4.996003610813204e-16,0.0005733668333376407,6.661338147750939e-16,0.46567544979054865,7.771561172376096e-16,0.05045454193069887,4.440892098500626e-16
Sample 51 $\theta=0.30$,0.5125036118935029,9.992007221626409e-16,0.10192914950685333,2.7755575615628914e-16,0.33401542815394236,1.4432899320127035e-15,0.0018318951015898755,2.7755575615628914e-16,0.6841823998720152,3.7816971776294395e-15
Sample 51 $\theta=0.40$,0.1258772804088919,5.551115123125783e-16,0.3406073388353438,1.1102230246251565e-16,0.08719528819034461,0.0,0.022845985751170195,4.440892098500626e-16,0.018016438447205463,6.661338147750939e-16
Sample 51 $\theta=0.50$,0.18715175699515485,5.551115123125783e-17,0.048655572740572806,2.7755575615628914e-16,0.4884492711353786,2.55351295663786e-15,0.13772232686130187,2.7755575615628914e-16,0.44488690756949184,2.3436114160446664e-15
Sample 51 $\theta=0.60$,0.08685032048459895,5.551115123125783e-16,0.21019504614826978,5.551115123125783e-17,0.020486520230917682,3.3306690738754696e-16,0.11778653793940386,4.440892098500626e-16,0.08639111275669908,2.220446049250313e-16
Sample 51 $\theta=0.70$,0.34228329372540767,7.771561172376096e-16,0.17027548263717235,1.6653345369377348e-16,0.30713085647106575,1.2212453270876722e-15,0.019325290146697816,3.885780586188048e-16,0.4860735999426016,2.886579864025407e-15
Sample 51 $\theta=0.80$,0.01934917392003288,3.3306690738754696e-16,0.35362273351704493,1.3877787807814457e-16,0.26695666602787826,9.992007221626409e-16,0.12425137616934429,3.3306690738754696e-16,0.19208505232846274,1.3322676295501878e-15
Sample 51 $\theta=0.90$,0.164912535724422,5.551115123125783e-16,0.21807471537472217,5.551115123125783e-17,0.15960962121061262,4.440892098500626e-16,0.009181836439454305,3.3306690738754696e-16,0.1984641690837532,1.4432899320127035e-15
Sample 52 $\theta=0.00$,0.010794645640187561,2.7755575615628914e-17,0.1597156350897308,2.220446049250313e-16,0.005625369270523227,3.2959746043559335e-17,0.08900283688956771,5.204170427930421e-18,0.013345098160508773,6.591949208711867e-17
Sample 52 $\theta=0.10$,0.07264525239442675,1.249000902703301e-16,0.2741465243213774,3.885780586188048e-16,0.02889266849900317,5.551115123125783e-17,0.15907322626983922,6.938893903907228e-18,0.03840611635427527,2.0556473190325164e-16
Sample 52 $\theta=0.20$,0.06172322371323051,9.71445146547012e-17,0.18006927676531068,2.7755575615628914e-16,0.031615998734457224,1.0321604682062002e-16,0.09994700478245294,6.938893903907228e-18,0.025328906361390943,1.43982048506075e-16
Sample 52 $\theta=0.30$,0.201652427989006,3.3306690738754696e-16,0.06414506786015545,1.6653345369377348e-16,0.10610251863134589,5.854691731421724e-16,0.17626005410749118,2.220446049250313e-16,0.12675219669758242,7.303185833862358e-16
Sample 52 $\theta=0.40$,0.05407624670242579,3.469446951953614e-17,0.14622641430692013,5.551115123125783e-17,0.015039150099412906,9.020562075079397e-17,0.26942921520096585,2.7755575615628914e-16,0.059668948274064826,3.2959746043559335e-16
Sample 52 $\theta=0.50$,0.12152289162108611,1.942890293094024e-16,0.08652865504724383,1.1102230246251565e-16,0.08588922172021035,4.718447854656915e-16,0.20202336702190893,2.220446049250313e-16,0.0961905194118963,5.585809592645319e-16
Sample 52 $\theta=0.60$,0.4200661802460295,5.551115123125783e-17,0.342656554541187,1.942890293094024e-16,0.20510240775667787,7.771561172376096e-16,0.05162904501884158,4.440892098500626e-16,0.21186221958010276,5.551115123125783e-16
Sample 52 $\theta=0.70$,0.08844330274303891,5.551115123125783e-16,0.3150443653458104,8.326672684688674e-17,0.024203942524787858,3.3306690738754696e-16,0.05548407280619633,4.440892098500626e-16,0.08613830823227775,2.220446049250313e-16
Sample 52 $\theta=0.80$,0.17098191382387462,5.551115123125783e-16,0.3504489819036415,1.3877787807814457e-16,0.09589759862087588,1.1102230246251565e-16,0.02242109459017727,3.885780586188048e-16,0.08629140656307721,9.992007221626409e-16
Sample 52 $\theta=0.90$,0.08972704585151225,5.551115123125783e-16,0.43215487103483047,2.5673907444456745e-16,0.013194045455347858,3.3306690738754696e-16,0.008894390788298012,4.440892098500626e-16,0.10560749609261444,1.1102230246251565e-16
Sample 53 $\theta=0.00$,7.42573833933946e-05,5.551115123125783e-16,0.6649347143525199,3.3306690738754696e-16,5.3511851254905984e-05,5.551115123125783e-16,0.3817498944124458,7.771561172376096e-16,0.03939216014297742,4.440892098500626e-16
Sample 53 $\theta=0.10$,8.412080892605811e-05,5.551115123125783e-16,0.5617752184039473,2.220446049250313e-16,0.0003183394986370214,5.551115123125783e-16,0.3220494094236688,7.771561172376096e-16,0.033419977103757104,4.440892098500626e-16
Sample 53 $\theta=0.20$,1.7917117491217383e-05,5.551115123125783e-16,0.6729047861842782,3.3306690738754696e-16,0.0002225190446235592,5.551115123125783e-16,0.3861950818317701,7.771561172376096e-16,0.03981719397227357,4.440892098500626e-16
Sample 53 $\theta=0.30$,0.07478125372736688,6.661338147750939e-16,0.04835780467141193,2.7755575615628914e-16,0.011943781755952898,3.3306690738754696e-16,0.21243400918181998,3.885780586188048e-16,0.09579270214830571,1.1102230246251565e-16
Sample 53 $\theta=0.40$,0.07980293126983073,6.661338147750939e-16,0.0938838687532601,2.220446049250313e-16,0.010142960981363802,3.3306690738754696e-16,0.18711637944424464,3.885780586188048e-16,0.09723257020910003,1.1102230246251565e-16
Sample 53 $\theta=0.50$,0.07923566241232871,5.551115123125783e-16,0.18985332650778708,5.551115123125783e-17,0.010721928306832496,3.3306690738754696e-16,0.13187523259332767,4.440892098500626e-16,0.10264898306434067,1.1102230246251565e-16
Sample 53 $\theta=0.60$,0.07279525632744654,6.661338147750939e-16,0.12429411771904914,1.6653345369377348e-16,0.01515150371726559,3.3306690738754696e-16,0.15597365084514891,3.885780586188048e-16,0.08980374094281007,1.1102230246251565e-16
Sample 53 $\theta=0.70$,0.1375652375712889,6.661338147750939e-16,0.07025514016859696,2.7755575615628914e-16,0.07634911506458175,1.1102230246251565e-16,0.14397621872531896,3.885780586188048e-16,0.05410145556795143,7.771561172376096e-16
Sample 53 $\theta=0.80$,0.12398014459935092,5.551115123125783e-16,0.4209256491451495,2.393918396847994e-16,0.03178875078894139,3.3306690738754696e-16,0.018139627550045667,4.440892098500626e-16,0.04969710894867563,3.3306690738754696e-16
Sample 53 $\theta=0.90$,0.08255312250077407,3.3306690738754696e-16,0.05100073136125277,3.885780586188048e-16,0.25010012854656716,9.992007221626409e-16,0.11242216097339286,2.7755575615628914e-16,0.14892996219280197,1.1102230246251565e-15
Sample 54 $\theta=0.00$,0.002885102100012027,5.551115123125783e-16,0.5201513500843271,1.1102230246251565e-16,0.0012339890005637066,4.440892098500626e-16,0.2922411693488651,7.771561172376096e-16,0.03174969237045211,4.440892098500626e-16
Sample 54 $\theta=0.10$,0.005984887167487352,5.551115123125783e-16,0.5479103523420881,1.6653345369377348e-16,0.002204035732391363,5.551115123125783e-16,0.3091481104278364,7.771561172376096e-16,0.034071598950411786,4.440892098500626e-16
Sample 54 $\theta=0.20$,0.09242544395438201,6.661338147750939e-16,0.07798580340202482,2.220446049250313e-16,0.016876484594972152,4.440892098500626e-16,0.17702667728096544,4.440892098500626e-16,0.10247803660653998,1.1102230246251565e-16
Sample 54 $\theta=0.30$,0.08284340623952702,6.661338147750939e-16,0.027953970614067125,2.7755575615628914e-16,0.009097187585605404,3.3306690738754696e-16,0.22550235479089098,3.885780586188048e-16,0.09252875730897758,1.1102230246251565e-16
Sample 54 $\theta=0.40$,0.08704516572106824,6.661338147750939e-16,0.10739091849619736,1.6653345369377348e-16,0.017054006089322282,2.220446049250313e-16,0.17708530297882075,3.885780586188048e-16,0.08392568632537223,2.220446049250313e-16
Sample 54 $\theta=0.50$,0.17344755553467284,5.551115123125783e-16,0.18055153792615947,1.1102230246251565e-16,0.27505313140644294,1.1102230246251565e-15,0.05159724792579873,3.885780586188048e-16,0.3018451052801365,1.9984014443252818e-15
Sample 54 $\theta=0.60$,0.04002936018051573,3.3306690738754696e-16,0.2643817212464274,2.7755575615628914e-17,0.12379425800644506,1.1102230246251565e-16,0.03890212486548289,4.440892098500626e-16,0.0428390672220087,3.3306690738754696e-16
Sample 54 $\theta=0.70$,0.16385102741240987,1.1102230246251565e-16,0.26032954100388905,5.551115123125783e-17,0.20721990742809315,6.661338147750939e-16,0.029404370125874935,3.3306690738754696e-16,0.0008530630341220258,4.440892098500626e-16
Sample 54 $\theta=0.80$,0.10032872816250205,6.661338147750939e-16,0.42340811830723146,2.42861286636753e-16,0.09027638461288101,0.0,0.07383166426201793,3.885780586188048e-16,0.030346764309851837,6.661338147750939e-16
Sample 54 $\theta=0.90$,0.2162541130408493,7.771561172376096e-16,0.41743665652014983,2.2898349882893854e-16,0.034956046620878034,3.3306690738754696e-16,0.05009148866337809,4.440892098500626e-16,0.0445490207879764,7.771561172376096e-16
Sample 55 $\theta=0.00$,0.04030086892773846,3.469446951953614e-18,0.26405108831544233,3.885780586188048e-16,0.06532039147547876,2.3245294578089215e-16,0.15340798307502915,1.3877787807814457e-17,0.08374626091042447,4.0245584642661925e-16
Sample 55 $\theta=0.10$,0.0175136318458331,2.0816681711721685e-17,0.20431995100486872,2.7755575615628914e-16,0.051834117356438,1.8735013540549517e-16,0.11440249476429082,6.938893903907228e-18,0.05320129320908382,2.498001805406602e-16
Sample 55 $\theta=0.20$,0.04785170872378988,1.9081958235744878e-17,0.19327402329214122,3.3306690738754696e-16,0.042953124531997205,1.3357370765021415e-16,0.07291771699978489,5.551115123125783e-17,0.04341209728140672,1.942890293094024e-16
Sample 55 $\theta=0.30$,0.24722482841230492,8.326672684688674e-17,0.1547959310964061,5.551115123125783e-17,0.060131942182551024,2.220446049250313e-16,0.148488623077149,3.3306690738754696e-16,0.08850545094354029,2.220446049250313e-16
Sample 55 $\theta=0.40$,0.07301090459616022,5.551115123125783e-16,0.15030796799318613,1.1102230246251565e-16,0.008835064323992503,3.3306690738754696e-16,0.14991349213897776,3.885780586188048e-16,0.10374842065353107,1.1102230246251565e-16
Sample 55 $\theta=0.50$,0.525682260759608,8.881784197001252e-16,0.115823936849416,1.1102230246251565e-16,0.3583823645441482,2.005340338229189e-15,0.09522196719753606,2.220446049250313e-16,0.02390711957670133,3.885780586188048e-16
Sample 55 $\theta=0.60$,0.010819088479015138,4.440892098500626e-16,0.2132209118170434,2.7755575615628914e-17,0.09782470292657885,1.1102230246251565e-16,0.08546375146865226,4.440892098500626e-16,0.04104854541864944,3.3306690738754696e-16
Sample 55 $\theta=0.70$,0.21968667521520835,1.1102230246251565e-16,0.3240582514054227,1.3877787807814457e-16,0.203865750096627,6.661338147750939e-16,0.09941397167027466,3.3306690738754696e-16,0.025266810405975004,2.220446049250313e-16
Sample 55 $\theta=0.80$,0.21403004894689148,6.661338147750939e-16,0.3834433866608984,1.6653345369377348e-16,0.1101493306923691,1.1102230246251565e-16,0.035505704663530646,3.885780586188048e-16,0.1270959582553639,1.2212453270876722e-15
Sample 55 $\theta=0.90$,0.3242766220465121,7.771561172376096e-16,0.33681000082136386,9.71445146547012e-17,0.14771907797760897,3.3306690738754696e-16,0.055239173837741684,3.885780586188048e-16,0.2816291129269617,1.887379141862766e-15
Sample 56 $\theta=0.00$,0.0002673021406776055,5.551115123125783e-16,0.38575018595047794,1.1102230246251565e-16,0.00015450241185610558,4.440892098500626e-16,0.2207310754463071,6.661338147750939e-16,0.023442785698045254,5.551115123125783e-16
Sample 56 $\theta=0.10$,0.0007183207006782322,5.551115123125783e-16,0.4246502993281298,1.1102230246251565e-16,0.00034595356149336176,4.440892098500626e-16,0.2433527062556322,7.771561172376096e-16,0.025692638966754,5.551115123125783e-16
Sample 56 $\theta=0.20$,0.0007810432032997472,5.551115123125783e-16,0.46094867633578884,0.0,0.0005353323945589405,4.440892098500626e-16,0.2639846561851442,7.771561172376096e-16,0.027835437295847365,5.551115123125783e-16
Sample 56 $\theta=0.30$,0.08266888199223743,6.661338147750939e-16,0.0933582750787047,5.551115123125783e-16,0.009091920971864509,2.220446049250313e-16,0.29479978074557267,3.885780586188048e-16,0.08522192541827556,2.220446049250313e-16
Sample 56 $\theta=0.40$,0.08001399992875524,6.661338147750939e-16,0.09223858116763922,5.551115123125783e-16,0.010219207549239329,2.220446049250313e-16,0.2947587792234402,3.885780586188048e-16,0.08646534012696427,1.1102230246251565e-16
Sample 56 $\theta=0.50$,0.15190079656113786,7.771561172376096e-16,0.12052010375450595,1.6653345369377348e-16,0.09988862642602414,8.881784197001252e-16,0.14485780209191568,3.885780586188048e-16,0.1430558327958822,1.1102230246251565e-16
Sample 56 $\theta=0.60$,0.09483246306738757,6.661338147750939e-16,0.11905966921611327,1.6653345369377348e-16,0.031445727413760505,1.1102230246251565e-16,0.16367928337284543,3.885780586188048e-16,0.05929958158808979,3.3306690738754696e-16
Sample 56 $\theta=0.70$,0.09425916488871244,6.661338147750939e-16,0.016236332203347137,2.7755575615628914e-16,0.013116250236780536,2.220446049250313e-16,0.20930698462575126,3.885780586188048e-16,0.0638783419719734,2.220446049250313e-16
Sample 56 $\theta=0.80$,0.14250701432180968,6.661338147750939e-16,0.15568172452328694,5.551115123125783e-16,0.040158225899601496,4.440892098500626e-16,0.3151438484432628,3.885780586188048e-16,0.07875034266135161,2.220446049250313e-16
Sample 56 $\theta=0.90$,0.1029797266442618,2.220446049250313e-16,0.20223939574895872,5.551115123125783e-17,0.12055627576592065,2.220446049250313e-16,0.03663174268936947,4.440892098500626e-16,0.06357840852062124,2.220446049250313e-16
Sample 57 $\theta=0.00$,0.07061250766089802,6.418476861114186e-17,0.3292853984834613,1.6653345369377348e-16,0.011913337794875313,1.3379054808471125e-16,0.4141599569440063,3.3306690738754696e-16,0.06637788023251849,3.686287386450715e-16
Sample 57 $\theta=0.10$,0.03189704379192253,6.938893903907228e-18,0.1659142350298602,0.0,0.027489072900248553,1.6263032587282567e-16,0.29141763581111846,2.7755575615628914e-16,0.06893252983421569,3.8337388819087437e-16
Sample 57 $\theta=0.20$,0.009345733919362517,1.431146867680866e-17,0.34580610247236604,4.996003610813204e-16,0.0022878164584773267,1.3379054808471125e-16,0.17014590713438266,0.0,0.030232101314382073,1.4007892068512717e-16
Sample 57 $\theta=0.30$,0.09767627307478578,1.6653345369377348e-16,0.037877573725212776,2.7755575615628914e-16,0.07010303886164282,3.365363543395006e-16,0.13535875422099092,2.220446049250313e-16,0.10574306331067815,5.950101522600448e-16
Sample 57 $\theta=0.40$,0.07998393522890401,6.661338147750939e-16,0.012687562277911346,3.3306690738754696e-16,0.014713689846874711,2.220446049250313e-16,0.23042480171436386,3.885780586188048e-16,0.0852698508882418,2.220446049250313e-16
Sample 57 $\theta=0.50$,0.1303473265415831,2.220446049250313e-16,0.05143086619302928,3.885780586188048e-16,0.07095742574106534,3.469446951953614e-16,0.0977821152928886,2.220446049250313e-16,0.10981663733751268,6.522560269672795e-16
Sample 57 $\theta=0.60$,0.035812313184796246,6.938893903907228e-18,0.12392894286068751,5.551115123125783e-17,0.014412068177626362,8.066464163292153e-17,0.25569733961165175,2.220446049250313e-16,0.07449219420012938,4.0505793164058446e-16
Sample 57 $\theta=0.70$,0.142661284665502,5.551115123125783e-16,0.2799460216018401,2.7755575615628914e-17,0.18784444844425274,5.551115123125783e-16,0.03901941525051911,3.885780586188048e-16,0.20420258901812305,1.4432899320127035e-15
Sample 57 $\theta=0.80$,0.06855569561965613,5.551115123125783e-16,0.1436687669148578,1.6653345369377348e-16,0.12109586740579892,3.3306690738754696e-16,0.07466793203065025,3.3306690738754696e-16,0.0639629835730956,7.771561172376096e-16
Sample 57 $\theta=0.90$,0.25849381070115285,7.771561172376096e-16,0.11087810572266277,1.6653345369377348e-16,0.057682192669198606,1.1102230246251565e-16,0.07196010239657358,2.7755575615628914e-16,0.15379984900433497,1.2212453270876722e-15
Sample 58 $\theta=0.00$,0.00023960136130252163,5.551115123125783e-16,0.6240732544620284,2.7755575615628914e-16,3.988849802905037e-05,5.551115123125783e-16,0.3575736744256355,7.771561172376096e-16,0.0373363223480887,4.440892098500626e-16
Sample 58 $\theta=0.10$,4.101127336353372e-05,5.551115123125783e-16,0.657763692154058,3.3306690738754696e-16,0.00022688638537582406,5.551115123125783e-16,0.3766577031621512,7.771561172376096e-16,0.03952116177763121,4.440892098500626e-16
Sample 58 $\theta=0.20$,0.00457802867737056,5.551115123125783e-16,0.5292609103767274,1.1102230246251565e-16,0.0010792082889621302,5.551115123125783e-16,0.2920203950114013,7.771561172376096e-16,0.03711311775968551,4.440892098500626e-16
Sample 58 $\theta=0.30$,0.08366012038002923,6.661338147750939e-16,0.08510001487031882,2.220446049250313e-16,0.007775212011530197,3.3306690738754696e-16,0.19316516380613802,3.885780586188048e-16,0.09702343148636616,1.1102230246251565e-16
Sample 58 $\theta=0.40$,0.36738900444328393,9.992007221626409e-16,0.004209268774381325,3.3306690738754696e-16,0.2001317201819921,1.3322676295501878e-15,0.16095202582240353,2.7755575615628914e-16,0.04856854151963497,2.220446049250313e-16
Sample 58 $\theta=0.50$,0.0819088976277107,5.551115123125783e-16,0.30555087432500805,8.326672684688674e-17,0.009247229389246048,4.440892098500626e-16,0.06615907599719084,4.440892098500626e-16,0.10957190134403838,1.1102230246251565e-16
Sample 58 $\theta=0.60$,0.09090241637669982,6.661338147750939e-16,0.059257046523254475,2.220446049250313e-16,0.023178483897604463,2.220446049250313e-16,0.204144360474515,3.885780586188048e-16,0.07141412646119094,2.220446049250313e-16
Sample 58 $\theta=0.70$,0.1734180472395599,6.661338147750939e-16,0.07109435226085159,2.220446049250313e-16,0.07308618223816965,6.661338147750939e-16,0.1451593599743103,3.3306690738754696e-16,0.07737735026292147,1.1102230246251565e-16
Sample 58 $\theta=0.80$,0.20251774019338253,6.661338147750939e-16,0.4148180426569066,2.185751579730777e-16,0.0820196511200002,0.0,0.051224888202751395,3.885780586188048e-16,0.08570725557107339,9.992007221626409e-16
Sample 58 $\theta=0.90$,0.2519133839256842,6.661338147750939e-16,0.3712050831832557,1.6653345369377348e-16,0.0558280914942062,1.1102230246251565e-16,0.07957381742885772,3.3306690738754696e-16,0.132926348156298,1.1102230246251565e-15
Sample 59 $\theta=0.00$,1.7574386038369584e-05,7.37257477290143e-18,0.12396031448710465,1.6653345369377348e-16,0.0004180189797790576,5.160802341031001e-17,0.0708849461556338,1.0842021724855044e-17,0.007978895638847945,3.5019730171281793e-17
Sample 59 $\theta=0.10$,3.606577326041626e-05,1.3118846287074604e-17,0.22719629277668488,3.0531133177191805e-16,0.0004975723800029895,9.345822726825048e-17,0.13015825886471558,2.0383000842727483e-17,0.014179319563019757,6.163689350580093e-17
Sample 59 $\theta=0.20$,4.988913064126171e-05,1.951563910473908e-17,0.3348067072434756,4.440892098500626e-16,0.000446869663275503,1.3595895242968226e-16,0.19197386058938465,3.0357660829594124e-17,0.020559363826396698,8.895878825243564e-17
Sample 59 $\theta=0.30$,0.06473481026262874,5.919743861770854e-17,0.22194552388371858,8.326672684688674e-17,0.006420432684118717,7.068998164605489e-17,0.3181893831189816,2.7755575615628914e-16,0.05988945376768216,3.257485427232698e-16
Sample 59 $\theta=0.40$,0.06447422113273675,5.095750210681871e-17,0.08343557731398826,1.1102230246251565e-16,0.006776419918965633,1.691355389077387e-17,0.2388362980640373,2.220446049250313e-16,0.06804906491067719,3.608224830031759e-16
Sample 59 $\theta=0.50$,0.0620612317622528,3.9898639947466563e-17,0.005124821417538061,2.220446049250313e-16,0.0004410039286240307,4.683753385137379e-17,0.18975572079864123,2.220446049250313e-16,0.07929562147374246,4.189357194483989e-16
Sample 59 $\theta=0.60$,0.27905173999820065,1.1102230246251565e-16,0.025510146420434643,2.220446049250313e-16,0.14004635435093393,4.440892098500626e-16,0.14991916682829598,3.885780586188048e-16,0.1703280022679724,3.3306690738754696e-16
Sample 59 $\theta=0.70$,0.5820358202685548,4.787836793695988e-16,0.18347735923470876,1.6653345369377348e-16,0.9452565221923089,4.6629367034256575e-15,0.2083355980358337,3.3306690738754696e-16,0.620406952103522,3.219646771412954e-15
Sample 59 $\theta=0.80$,0.1516475818630007,1.0061396160665481e-16,0.34472421269739006,2.636779683484747e-16,0.11844266109600743,7.147060721024445e-16,0.335405807008059,2.7755575615628914e-16,0.16458463360768802,7.216449660063518e-16
Sample 59 $\theta=0.90$,0.09551250109369303,4.163336342344337e-17,0.3625606807942187,2.7755575615628914e-16,0.10690043404029226,6.800116025829084e-16,0.34339050666422727,2.7755575615628914e-16,0.11366654537944047,4.718447854656915e-16
Sample 60 $\theta=0.00$,0.005890773257258907,1.8214596497756474e-17,0.3675151500848732,4.996003610813204e-16,0.0009360736867889343,1.5612511283791264e-16,0.19217389220832568,1.3877787807814457e-17,0.031056305289750036,1.4246416546459528e-16
Sample 60 $\theta=0.10$,0.039723550356671584,9.71445146547012e-17,0.41469407293949734,5.551115123125783e-16,0.006688727606319264,1.8041124150158794e-16,0.21562028495127394,1.3877787807814457e-17,0.07595004075682923,3.883612181843077e-16
Sample 60 $\theta=0.20$,0.00504701705431523,2.6020852139652106e-17,0.47791760173977355,6.661338147750939e-16,0.001495559067558111,2.0296264668928643e-16,0.2556850400716239,2.0816681711721685e-17,0.03873895475344742,1.7694179454963432e-16
Sample 60 $\theta=0.30$,0.0027095394118566134,2.688821387764051e-17,0.4555772814789816,6.106226635438361e-16,0.0016427857255457605,1.93421667571414e-16,0.24789455274551558,2.7755575615628914e-17,0.03592298315923538,1.6393136847980827e-16
Sample 60 $\theta=0.40$,0.4465871086080152,6.661338147750939e-16,0.025039422649634158,3.3306690738754696e-16,0.07039377924111251,4.718447854656915e-16,0.05327092058284161,2.7755575615628914e-16,0.3020648764596873,1.7061005386231898e-15
Sample 60 $\theta=0.50$,0.06053466257375287,4.5102810375396984e-17,0.12070196099066172,1.1102230246251565e-16,0.006630910220725702,3.469446951953614e-17,0.2581194607220114,2.220446049250313e-16,0.06747976258692273,3.642919299551295e-16
Sample 60 $\theta=0.60$,0.42622001937127435,8.881784197001252e-16,0.026109644367254103,2.7755575615628914e-16,0.26381152362477667,1.609823385706477e-15,0.05532608043592535,2.7755575615628914e-16,0.011092424690713643,3.3306690738754696e-16
Sample 60 $\theta=0.70$,0.0280080235495489,3.3306690738754696e-16,0.11153641579122331,2.220446049250313e-16,0.19845240537262776,7.771561172376096e-16,0.0085786871044915,2.7755575615628914e-16,0.1851055684553058,1.27675647831893e-15
Sample 60 $\theta=0.80$,0.07832236876714105,4.5102810375396984e-17,0.09446807974440447,1.1102230246251565e-16,0.061521756631563895,3.1051550219984847e-16,0.22605694994622685,2.220446049250313e-16,0.013014337011710508,1.3877787807814457e-17
Sample 60 $\theta=0.90$,0.5698214658749134,4.2327252813834093e-16,0.40675436890865213,2.983724378680108e-16,0.24768670737503573,9.992007221626409e-16,0.25966465765586433,3.3306690738754696e-16,0.16692113071689813,5.551115123125783e-16
Sample 61 $\theta=0.00$,0.0017377950894841288,5.551115123125783e-16,0.8362185612620425,5.273559366969494e-16,0.0001331104311039777,6.661338147750939e-16,0.47564662160483984,7.771561172376096e-16,0.05150575498062038,4.440892098500626e-16
Sample 61 $\theta=0.10$,0.0023442701261405796,5.551115123125783e-16,0.714341340727504,3.885780586188048e-16,2.62318665589234e-05,5.551115123125783e-16,0.40387586748269344,7.771561172376096e-16,0.0448535838041082,4.440892098500626e-16
Sample 61 $\theta=0.20$,0.002915751918205589,5.551115123125783e-16,0.6842301672447637,3.3306690738754696e-16,7.161918240461418e-06,5.551115123125783e-16,0.3851134380072736,7.771561172376096e-16,0.04366458079971591,4.440892098500626e-16
Sample 61 $\theta=0.30$,0.08164641633329672,6.661338147750939e-16,0.09330325319958754,2.220446049250313e-16,0.008864586797806662,3.3306690738754696e-16,0.18799473535507227,3.885780586188048e-16,0.09754443028209903,1.1102230246251565e-16
Sample 61 $\theta=0.40$,0.4333709179291105,7.771561172376096e-16,0.05911005469744157,1.6653345369377348e-16,0.2943495963610087,1.6306400674181987e-15,0.08145340269925944,2.220446049250313e-16,0.03895794643539008,4.163336342344337e-16
Sample 61 $\theta=0.50$,0.08136079873809576,6.661338147750939e-16,0.10364663172165822,1.6653345369377348e-16,0.029684040841469028,2.220446049250313e-16,0.17241288134031696,3.885780586188048e-16,0.07008504256541992,2.220446049250313e-16
Sample 61 $\theta=0.60$,0.1666998349266452,5.551115123125783e-16,0.14369080223480246,2.220446049250313e-16,0.5458834760971427,2.55351295663786e-15,0.04882794640160121,3.885780586188048e-16,0.664418592161874,3.649858193455202e-15
Sample 61 $\theta=0.70$,0.08033956264533637,5.551115123125783e-16,0.37210195745048946,1.942890293094024e-16,0.007181791348201849,4.440892098500626e-16,0.02565655380908044,4.440892098500626e-16,0.11531507773961303,0.0
Sample 61 $\theta=0.80$,0.48167040891415047,7.771561172376096e-16,0.3673502027082917,2.7755575615628914e-16,0.5537560384967855,3.1363800445660672e-15,0.1742693979750129,2.7755575615628914e-16,0.2720992360088871,9.992007221626409e-16
Sample 61 $\theta=0.90$,0.07400500407517163,3.3306690738754696e-16,0.41186570239651216,1.942890293094024e-16,0.43580813171203386,1.887379141862766e-15,0.2416688119138139,3.3306690738754696e-16,0.4906887796052112,2.7478019859472624e-15
Sample 62 $\theta=0.00$,1.44403962941686e-05,5.551115123125783e-16,0.4219675390713783,1.1102230246251565e-16,2.6386573147352266e-05,4.440892098500626e-16,0.24212290460186225,7.771561172376096e-16,0.02519744612687158,5.551115123125783e-16
Sample 62 $\theta=0.10$,0.00020080278100553794,5.551115123125783e-16,0.48343564268685224,0.0,3.844592469204322e-05,4.440892098500626e-16,0.2775184114510566,7.771561172376096e-16,0.028847960698209385,4.440892098500626e-16
Sample 62 $\theta=0.20$,0.0005691219404012626,5.551115123125783e-16,0.48352561648066106,0.0,0.0001941159398617387,4.440892098500626e-16,0.27767159475983805,7.771561172376096e-16,0.028893649743068628,4.440892098500626e-16
Sample 62 $\theta=0.30$,0.07949827521197506,6.661338147750939e-16,0.049509273843457824,2.220446049250313e-16,0.008555054067439394,3.3306690738754696e-16,0.2062080838431477,4.440892098500626e-16,0.09221842798853341,1.1102230246251565e-16
Sample 62 $\theta=0.40$,0.06154645537794545,6.661338147750939e-16,0.10661301916923926,1.6653345369377348e-16,0.01786112508082882,3.3306690738754696e-16,0.17659493713784324,3.885780586188048e-16,0.10120235229065233,1.1102230246251565e-16
Sample 62 $\theta=0.50$,0.024465246144468544,5.551115123125783e-16,0.02758778692985342,2.7755575615628914e-16,0.04990773461135578,1.1102230246251565e-16,0.20545523263628562,3.885780586188048e-16,0.1152587484178429,0.0
Sample 62 $\theta=0.60$,0.09131237241336454,6.661338147750939e-16,0.02307771017909943,3.3306690738754696e-16,0.04631894298053152,1.1102230246251565e-16,0.23995290133098968,3.885780586188048e-16,0.03428645023448551,4.440892098500626e-16
Sample 62 $\theta=0.70$,0.3443211364236056,0.0,0.036005240836415375,2.7755575615628914e-16,0.3295440914175751,1.4432899320127035e-15,0.04905010313891345,2.7755575615628914e-16,0.04310530420415537,5.551115123125783e-16
Sample 62 $\theta=0.80$,0.010250831560980722,4.440892098500626e-16,0.4559061993774922,9.992007221626409e-16,0.19009280199659628,8.881784197001252e-16,0.4082118616545879,2.7755575615628914e-16,0.1361174807799963,1.1102230246251565e-15
Sample 62 $\theta=0.90$,0.03299616026364249,4.440892098500626e-16,0.24606210213972363,2.7755575615628914e-17,0.18573267202341714,5.551115123125783e-16,0.0399448228522436,3.3306690738754696e-16,0.1367863476072767,1.1102230246251565e-15
Sample 63 $\theta=0.00$,0.001345219850127124,1.1275702593849246e-17,0.139166247984479,1.942890293094024e-16,0.0005414471020619037,5.767955557622884e-17,0.07823720118791981,9.540979117872439e-18,0.010937295755793828,5.0523821237824507e-17
Sample 63 $\theta=0.10$,0.007713101500261806,2.0816681711721685e-17,0.17896315328426618,2.498001805406602e-16,0.002168874609433981,5.811323644522304e-17,0.10178315227482629,1.1275702593849246e-17,0.014686130148477028,6.938893903907228e-17
Sample 63 $\theta=0.20$,1.7671781292388777e-05,2.0816681711721685e-17,0.2260743225742685,3.3306690738754696e-16,0.010336035416355721,3.642919299551295e-17,0.12393307584976451,6.938893903907228e-18,0.006519728604730456,3.122502256758253e-17
Sample 63 $\theta=0.30$,0.06274020170359132,5.724587470723463e-17,0.27070174826503146,1.3877787807814457e-16,0.010714700967456577,1.1362438767648086e-16,0.3448904223845862,2.7755575615628914e-16,0.05309602887388646,2.975050761300224e-16
Sample 63 $\theta=0.40$,0.046506815575286214,2.42861286636753e-17,0.1536240029777206,5.551115123125783e-17,0.030010747507972974,1.726049858596923e-16,0.26898054257958615,2.7755575615628914e-16,0.04596615991949138,2.671474153004283e-16
Sample 63 $\theta=0.50$,0.5042347234769393,3.191891195797325e-16,0.38839311704279944,3.5388358909926865e-16,0.2198571848834282,1.3322676295501878e-15,0.20254011076434436,3.885780586188048e-16,0.6390362631718862,2.886579864025407e-15
Sample 63 $\theta=0.60$,0.043299745614381685,1.3877787807814457e-17,0.11257117137320816,1.1102230246251565e-16,0.0622916824855788,3.469446951953614e-16,0.22100461401307392,2.220446049250313e-16,0.0005934090049275753,6.938893903907228e-17
Sample 63 $\theta=0.70$,0.23067634607576637,7.771561172376096e-16,0.03721757827011918,2.7755575615628914e-16,0.07514195052100747,1.1102230246251565e-16,0.13007097498743025,3.3306690738754696e-16,0.1454081985195098,1.2212453270876722e-15
Sample 63 $\theta=0.80$,0.10551376977910365,4.440892098500626e-16,0.358492711392466,1.5265566588595902e-16,0.1839527812799363,5.551115123125783e-16,0.10265201436059912,3.3306690738754696e-16,0.18046405939820653,1.3322676295501878e-15
Sample 63 $\theta=0.90$,0.18202291175266894,5.551115123125783e-16,0.4116956401053296,1.942890293094024e-16,0.2438740589045224,7.771561172376096e-16,0.11586600702855737,3.885780586188048e-16,0.2849668716133832,1.887379141862766e-15
Sample 64 $\theta=0.00$,0.07601264550982259,0.0,0.011614843296857885,6.938893903907228e-18,0.15796664768121152,8.326672684688674e-16,0.060940847961619415,4.163336342344337e-17,0.25731490200604323,1.1657341758564144e-15
Sample 64 $\theta=0.10$,0.2140736695632794,6.938893903907228e-17,0.10086635928294718,1.1102230246251565e-16,0.24705126420602708,1.27675647831893e-15,0.1884131230145224,6.938893903907228e-17,0.49818363977613755,2.3314683517128287e-15
Sample 64 $\theta=0.20$,0.015145592673386596,8.326672684688674e-17,0.14172500006957828,1.942890293094024e-16,0.14332860461356042,7.025630077706069e-16,0.11516367607687053,2.0816681711721685e-17,0.15334791615508822,6.938893903907228e-16
Sample 64 $\theta=0.30$,0.1545482998654491,2.498001805406602e-16,0.0757202280168362,1.6653345369377348e-16,0.107517530560022,5.880712583561376e-16,0.18588487724363173,2.220446049250313e-16,0.09185016675363827,5.551115123125783e-16
Sample 64 $\theta=0.40$,0.049561099567015154,1.3877787807814457e-16,0.10350634397377129,1.6653345369377348e-16,0.05179372351820166,1.942890293094024e-16,0.1797344573389295,2.220446049250313e-16,0.16513762464917592,9.43689570931383e-16
Sample 64 $\theta=0.50$,0.029170741453796445,1.3877787807814457e-17,0.38077108429379586,2.7755575615628914e-16,0.027517106715716055,2.7755575615628914e-16,0.3745657740453407,2.7755575615628914e-16,0.031271472541374634,2.3592239273284576e-16
Sample 64 $\theta=0.60$,0.6127881008009457,3.3306690738754696e-16,0.020276029557014297,2.7755575615628914e-16,0.3164187592325812,1.4432899320127035e-15,0.07556308935791145,3.3306690738754696e-16,0.17930938074208247,5.551115123125783e-16
Sample 64 $\theta=0.70$,0.07757698153641357,2.220446049250313e-16,0.20430121832746612,0.0,0.06771371345623795,1.1102230246251565e-16,0.1055474565072062,3.3306690738754696e-16,0.1082208686444533,8.326672684688674e-16
Sample 64 $\theta=0.80$,0.13569192985811396,5.551115123125783e-16,0.38474890958845065,1.6653345369377348e-16,0.13223868185879684,1.1102230246251565e-16,0.04743195854545501,3.885780586188048e-16,0.09991445347555095,9.992007221626409e-16
Sample 64 $\theta=0.90$,0.2138779070406246,6.661338147750939e-16,0.3807396732432313,1.6653345369377348e-16,0.12769405242836807,2.220446049250313e-16,0.09083975759013685,3.3306690738754696e-16,0.18357565617480742,1.3322676295501878e-15
Sample 65 $\theta=0.00$,0.0007520971488388069,1.5178830414797062e-17,0.2098366924717523,3.0531133177191805e-16,0.0006025276914630611,8.131516293641283e-17,0.11532553393502859,1.214306433183765e-17,0.015828183225289904,7.19910242530375e-17
Sample 65 $\theta=0.10$,0.0023710495211454502,2.5153490401663703e-17,0.3753833558715049,4.996003610813204e-16,0.0006765742794133615,1.463672932855431e-16,0.21376002762432497,3.122502256758253e-17,0.02451173394881946,1.0820337681405334e-16
Sample 65 $\theta=0.20$,0.05686916126963448,3.8163916471489756e-17,0.0003902679034197831,2.220446049250313e-16,0.007806182626178736,7.37257477290143e-18,0.1838215853861135,2.220446049250313e-16,0.07260371060752084,3.8142232428040046e-16
Sample 65 $\theta=0.30$,0.061974471754848034,3.9898639947466563e-17,0.034110767993662194,2.7755575615628914e-16,0.008051561802389194,2.2768245622195593e-17,0.17071055450574207,2.220446049250313e-16,0.07510939834188855,3.924811864397526e-16
Sample 65 $\theta=0.40$,0.22069003268582205,1.457167719820518e-16,0.18685648085549444,5.551115123125783e-17,0.24976514735737915,1.3253287356462806e-15,0.21561666396144982,2.7755575615628914e-16,0.36333425420361043,1.6653345369377348e-15
Sample 65 $\theta=0.50$,0.4835752274148597,2.7755575615628914e-16,0.08094786530498205,1.6653345369377348e-16,0.08511852670392317,3.3306690738754696e-16,0.028220981833676606,3.3306690738754696e-16,0.28418639351631175,1.1102230246251565e-15
Sample 65 $\theta=0.60$,0.06050904873576146,1.6653345369377348e-16,0.21186698301377332,2.7755575615628914e-17,0.057257290745983236,0.0,0.11297439131951009,3.3306690738754696e-16,0.002922478901057457,2.7755575615628914e-16
Sample 65 $\theta=0.70$,0.09706768962370588,3.3306690738754696e-16,0.36962369657586697,1.8041124150158794e-16,0.23725109763208352,9.992007221626409e-16,0.28874231356532,3.3306690738754696e-16,0.3496110603989005,1.9359513991901167e-15
Sample 65 $\theta=0.80$,0.19951084274989428,6.661338147750939e-16,0.26814262092754304,5.551115123125783e-17,0.044140266810136275,2.220446049250313e-16,0.02409702990461654,3.885780586188048e-16,0.05841347511292172,7.771561172376096e-16
Sample 65 $\theta=0.90$,0.2513833896068103,5.551115123125783e-16,0.40809396776093776,1.734723475976807e-16,0.30255763461689233,1.1102230246251565e-15,0.0985053841731316,3.885780586188048e-16,0.38763897332340325,2.4424906541753444e-15
Sample 66 $\theta=0.00$,0.02393050826118922,2.0816681711721685e-17,0.556731288548557,8.881784197001252e-16,0.015864958181407207,1.5785983631388945e-16,0.25296037765509166,5.551115123125783e-17,0.043361883705858834,2.0816681711721685e-16
Sample 66 $\theta=0.10$,0.00815490847219828,4.163336342344337e-17,0.3376537400177025,4.996003610813204e-16,0.01388319316148021,6.678685382510707e-17,0.1644094695141224,1.3877787807814457e-17,0.031191467731206943,1.5439038936193583e-16
Sample 66 $\theta=0.20$,0.02007250308926247,1.214306433183765e-17,0.3041250475419116,4.440892098500626e-16,0.016223298713337733,5.4643789493269423e-17,0.10384885525037868,5.551115123125783e-17,0.03355427628234366,1.700029006457271e-16
Sample 66 $\theta=0.30$,0.03599063014205384,6.938893903907228e-18,0.10064407894095545,3.3306690738754696e-16,0.01081921608755728,2.7755575615628914e-17,0.12206933529582731,2.220446049250313e-16,0.0883311564794442,4.701100619897147e-16
Sample 66 $\theta=0.40$,0.05824973030663498,3.469446951953614e-17,0.03163660334418594,2.7755575615628914e-16,0.009353764223624177,1.3010426069826053e-17,0.16988674319300784,2.220446049250313e-16,0.07484184159321332,3.937822290467352e-16
Sample 66 $\theta=0.50$,0.06804113378351734,2.220446049250313e-16,0.07644494853674677,3.3306690738754696e-16,0.20313372595528645,1.0408340855860843e-15,0.03361258698001157,2.220446049250313e-16,0.10656287271156739,3.885780586188048e-16
Sample 66 $\theta=0.60$,0.008485853888888631,9.71445146547012e-17,0.0738183490578248,3.3306690738754696e-16,0.003316235892068406,1.3877787807814457e-17,0.11593714062921845,2.220446049250313e-16,0.11299734362523,6.245004513516506e-16
Sample 66 $\theta=0.70$,0.04597115349834069,5.551115123125783e-16,0.06410812374836605,2.220446049250313e-16,0.03593008459191693,1.1102230246251565e-16,0.19276073187659049,3.885780586188048e-16,0.0856990749967026,1.1102230246251565e-16
Sample 66 $\theta=0.80$,0.07093146662834182,5.551115123125783e-17,0.29012470964727566,2.220446049250313e-16,0.36893111637735243,2.033095913844818e-15,0.227786082495523,2.7755575615628914e-16,0.41557095269976396,1.887379141862766e-15
Sample 66 $\theta=0.90$,0.2796655086152464,7.771561172376096e-16,0.3618907470477871,1.3877787807814457e-16,0.07630911826254838,0.0,0.03859899993117244,3.885780586188048e-16,0.15160254799961392,1.3322676295501878e-15
Sample 67 $\theta=0.00$,4.6655805277628914e-05,5.551115123125783e-16,0.6552300705154982,3.3306690738754696e-16,3.0213191846817367e-05,5.551115123125783e-16,0.3763381580093169,7.771561172376096e-16,0.0388169141700867,4.440892098500626e-16
Sample 67 $\theta=0.10$,4.6655805277628914e-05,5.551115123125783e-16,0.6552300705154982,3.3306690738754696e-16,3.0213191846817367e-05,5.551115123125783e-16,0.3763381580093169,7.771561172376096e-16,0.0388169141700867,4.440892098500626e-16
Sample 67 $\theta=0.20$,7.388176668010615e-06,5.551115123125783e-16,0.523519898986958,1.6653345369377348e-16,1.144733517111085e-05,4.440892098500626e-16,0.3006960227026718,7.771561172376096e-16,0.031018186213998433,4.440892098500626e-16
Sample 67 $\theta=0.30$,1.1560359003959242e-05,5.551115123125783e-16,0.5933034442587972,2.220446049250313e-16,1.1285161147234213e-05,5.551115123125783e-16,0.3408006098738374,7.771561172376096e-16,0.035150563039673344,4.440892098500626e-16
Sample 67 $\theta=0.40$,0.08218359094182603,6.661338147750939e-16,0.01095524001018422,3.3306690738754696e-16,0.008542408126012813,3.3306690738754696e-16,0.24704744219675456,3.885780586188048e-16,0.09075512987688994,1.1102230246251565e-16
Sample 67 $\theta=0.50$,0.08272388816853216,6.661338147750939e-16,0.03768481574606053,2.7755575615628914e-16,0.00862549290190473,3.3306690738754696e-16,0.2197586442544739,3.885780586188048e-16,0.0935847222166234,1.1102230246251565e-16
Sample 67 $\theta=0.60$,0.08158045152265792,6.661338147750939e-16,0.005006159018936529,3.3306690738754696e-16,0.009054981460007161,3.3306690738754696e-16,0.23642551834332481,3.885780586188048e-16,0.09063551592397501,1.1102230246251565e-16
Sample 67 $\theta=0.70$,0.12636310435811005,5.551115123125783e-16,0.3677024007996478,1.5265566588595902e-16,0.09524209618034907,0.0,0.006857594780992404,4.440892098500626e-16,0.02549446557600521,6.661338147750939e-16
Sample 67 $\theta=0.80$,0.08459577326096168,6.661338147750939e-16,0.017697343908666563,2.7755575615628914e-16,0.00998815871599279,3.3306690738754696e-16,0.22972949840691603,3.885780586188048e-16,0.08858253656963133,1.1102230246251565e-16
Sample 67 $\theta=0.90$,0.030239052359362417,3.3306690738754696e-16,0.13873936851266522,4.440892098500626e-16,0.2020464502933409,8.881784197001252e-16,0.15823753531476792,2.7755575615628914e-16,0.14534694557039674,1.1102230246251565e-15
Sample 68 $\theta=0.00$,0.9065231274975162,6.557254739192331e-16,0.08443553503788614,4.440892098500626e-16,0.37295140067063837,1.9984014443252818e-15,0.0680043573989384,3.3306690738754696e-16,0.2850706278896191,1.1102230246251565e-15
Sample 68 $\theta=0.10$,0.8683713966629403,6.175615574477433e-16,0.08349644477924689,1.6653345369377348e-16,0.3850369176928403,1.887379141862766e-15,0.03499743391879073,4.440892098500626e-16,0.24984306426238767,8.881784197001252e-16
Sample 68 $\theta=0.20$,0.6789334437869572,5.100087019371813e-16,0.011745993440744007,3.885780586188048e-16,0.6408585844372452,3.219646771412954e-15,0.05067946529510775,3.3306690738754696e-16,0.2108262168117081,1.27675647831893e-15
Sample 68 $\theta=0.30$,0.08291897839967716,2.220446049250313e-16,0.16903096677702883,4.440892098500626e-16,0.14176854661889896,6.730727086790012e-16,0.014956133522912862,2.220446049250313e-16,0.0026666825345774137,8.326672684688674e-17
Sample 68 $\theta=0.40$,0.06683850247859413,2.220446049250313e-16,0.06051792796428668,2.220446049250313e-16,0.41144976837581154,2.123301534595612e-15,0.014993640486574367,2.220446049250313e-16,0.34545968433564356,1.5543122344752192e-15
Sample 68 $\theta=0.50$,0.06114622650777146,2.220446049250313e-16,0.05708264220386394,2.7755575615628914e-16,0.31120341824551523,1.6028844918025698e-15,0.047084327651034374,2.220446049250313e-16,0.2245762568423248,9.43689570931383e-16
Sample 68 $\theta=0.60$,0.5695488112733036,3.3306690738754696e-16,0.3354505621680458,1.6653345369377348e-16,0.3670594753972718,1.5543122344752192e-15,0.15670906607985913,3.3306690738754696e-16,0.07873236313121834,1.1102230246251565e-16
Sample 68 $\theta=0.70$,0.448306820842411,1.1102230246251565e-16,0.08029846876784552,2.220446049250313e-16,0.24598206965289127,1.1102230246251565e-15,0.05540083964103071,3.3306690738754696e-16,0.14507098967356846,3.3306690738754696e-16
Sample 68 $\theta=0.80$,0.017776219086670264,2.220446049250313e-16,0.14699155988837992,5.551115123125783e-17,0.10228132592202643,7.216449660063518e-16,0.09106826531755202,3.3306690738754696e-16,0.12465550170212147,3.3306690738754696e-16
Sample 68 $\theta=0.90$,0.5845157181484952,4.510281037539698e-16,0.41090121942734453,2.7755575615628914e-16,0.42383771698578776,1.9984014443252818e-15,0.2782338781985064,3.3306690738754696e-16,0.017589337770622326,2.7755575615628914e-16
Sample 69 $\theta=0.00$,0.00031549211997716764,5.551115123125783e-16,0.2577093157742816,3.3306690738754696e-16,7.007659150803924e-05,4.440892098500626e-16,0.1471619116380951,6.661338147750939e-16,0.01568123990046577,5.551115123125783e-16
Sample 69 $\theta=0.10$,0.0016856709716462914,5.551115123125783e-16,0.3918245817185979,1.1102230246251565e-16,0.00020322017314189367,4.440892098500626e-16,0.21945832103355534,6.661338147750939e-16,0.02549513356752553,5.551115123125783e-16
Sample 69 $\theta=0.20$,0.004929952526756098,5.551115123125783e-16,0.367130483038522,1.1102230246251565e-16,0.0006419773970701703,4.440892098500626e-16,0.19609453450782566,6.661338147750939e-16,0.027317569816228682,5.551115123125783e-16
Sample 69 $\theta=0.30$,0.02281017381244732,5.551115123125783e-16,0.31808169111063433,1.1102230246251565e-16,0.0026055569799889877,4.440892098500626e-16,0.11546849460894315,6.661338147750939e-16,0.04423765775422284,4.440892098500626e-16
Sample 69 $\theta=0.40$,0.17255687568499112,3.3306690738754696e-16,0.13006707236557802,5.551115123125783e-16,0.31030533478156985,1.4432899320127035e-15,0.1571350636163913,2.7755575615628914e-16,0.1508875019724264,1.1102230246251565e-15
Sample 69 $\theta=0.50$,0.0822835609889574,6.661338147750939e-16,0.31995113572429607,7.771561172376096e-16,0.008411404240288856,2.220446049250313e-16,0.4253257426706907,3.885780586188048e-16,0.07304901458599311,2.220446049250313e-16
Sample 69 $\theta=0.60$,0.07469830047757275,6.661338147750939e-16,0.012916570729854138,3.3306690738754696e-16,0.01427360607808148,3.3306690738754696e-16,0.24597899478413154,3.885780586188048e-16,0.08867772074899327,1.1102230246251565e-16
Sample 69 $\theta=0.70$,0.21353012317348713,6.661338147750939e-16,0.14825563729827534,4.440892098500626e-16,0.45381872206825535,2.4980018054066022e-15,0.1820942569491364,3.3306690738754696e-16,0.3746373572181918,1.4432899320127035e-15
Sample 69 $\theta=0.80$,0.09950407300152342,5.551115123125783e-16,0.24403507073131353,0.0,0.029088529863477874,4.440892098500626e-16,0.08086618719130201,4.440892098500626e-16,0.058357817751134244,3.3306690738754696e-16
Sample 69 $\theta=0.90$,0.1482178334811044,3.3306690738754696e-16,0.11187389702570005,1.6653345369377348e-16,0.0701826958522207,1.1102230246251565e-16,0.06943734818706382,3.3306690738754696e-16,0.1316420814871233,2.220446049250313e-16
Sample 70 $\theta=0.00$,0.07819705579468644,2.7755575615628914e-16,0.8022395413633588,1.2212453270876722e-15,0.20263488664243864,1.27675647831893e-15,0.5774899476738489,1.734723475976807e-17,0.23969260171392803,1.3322676295501878e-15
Sample 70 $\theta=0.10$,0.26362455855547184,1.249000902703301e-16,0.6752510665876579,9.992007221626409e-16,0.6144820414352485,3.219646771412954e-15,0.46069662538670775,3.469446951953614e-18,0.4415105013830375,2.2690183065776637e-15
Sample 70 $\theta=0.20$,0.12361303218181119,6.661338147750939e-16,0.40476576400441827,7.771561172376096e-16,0.030534217943566477,2.220446049250313e-16,0.580267028467909,1.6653345369377348e-16,0.14942208984567373,2.220446049250313e-16
Sample 70 $\theta=0.30$,0.07539115014183995,0.0,0.11821888646005746,4.440892098500626e-16,0.1564437479342685,8.604228440844963e-16,0.08496605678405489,2.220446049250313e-16,0.21771734255514036,1.1501216645726231e-15
Sample 70 $\theta=0.40$,0.483288521846553,7.771561172376096e-16,0.11139284692204698,5.551115123125783e-16,0.1327617866684469,7.494005416219807e-16,0.0009818099707415984,2.220446049250313e-16,0.2670172684222458,1.5334955527634975e-15
Sample 70 $\theta=0.50$,0.019400082584447254,5.551115123125783e-16,0.017462378882781293,3.3306690738754696e-16,0.07333113033469862,0.0,0.22438791226498966,3.885780586188048e-16,0.07964604867197578,1.1102230246251565e-16
Sample 70 $\theta=0.60$,0.4366765837596378,7.771561172376096e-16,0.12894591126406407,5.551115123125783e-16,0.23958384838550462,1.27675647831893e-15,0.023850874185739612,2.220446049250313e-16,0.11179059952863762,7.771561172376096e-16
Sample 70 $\theta=0.70$,0.11107506948374435,6.661338147750939e-16,0.06859928410136046,2.7755575615628914e-16,0.05589862365112075,0.0,0.18743213436510864,3.885780586188048e-16,0.015192251336872742,5.551115123125783e-16
Sample 70 $\theta=0.80$,0.022467236643593416,6.938893903907228e-17,0.2247616201825675,8.326672684688674e-17,0.024838120860426888,1.942890293094024e-16,0.2987870166615372,2.7755575615628914e-16,0.09063156670945267,5.108760636751697e-16
Sample 70 $\theta=0.90$,0.3207843081245163,7.771561172376096e-16,0.29029224512549184,5.551115123125783e-17,0.0552487923319569,1.1102230246251565e-16,0.018485218774131562,3.3306690738754696e-16,0.1781088330431866,1.3322676295501878e-15
Sample 71 $\theta=0.00$,0.0031314471325708214,2.5153490401663703e-17,0.35751170072080696,4.996003610813204e-16,0.001096698304444752,1.3639263329867646e-16,0.2055005242540924,3.165870343657673e-17,0.022232225670119853,9.75781955236954e-17
Sample 71 $\theta=0.10$,0.019603381915514598,5.551115123125783e-17,0.47263134187641753,6.106226635438361e-16,0.007912213589209391,1.4354836763708079e-16,0.2739244904826186,4.163336342344337e-17,0.03250562367481061,1.489693784995083e-16
Sample 71 $\theta=0.20$,0.0251148415199085,5.898059818321144e-17,0.4523639470637976,6.106226635438361e-16,0.010079982998559523,1.231653667943533e-16,0.2637269199659138,3.903127820947816e-17,0.032128930841616714,1.496198998029996e-16
Sample 71 $\theta=0.30$,0.08352144456697885,2.220446049250313e-16,0.047567154847864834,3.3306690738754696e-16,0.3269061963035873,1.7069679003611782e-15,0.014145744292342832,2.220446049250313e-16,0.2507903304344097,1.0547118733938987e-15
Sample 71 $\theta=0.40$,0.29307784914805246,7.771561172376096e-16,0.030226330664980483,2.220446049250313e-16,0.763099964287635,4.052314039881821e-15,0.13110693897565984,2.7755575615628914e-16,0.6586346715698348,2.886579864025407e-15
Sample 71 $\theta=0.50$,0.05720078421194577,3.8163916471489756e-17,0.05477746894309954,1.6653345369377348e-16,0.009650968827365498,2.211772431870429e-17,0.22131145251375012,2.220446049250313e-16,0.07138147751849154,3.7882023906643525e-16
Sample 71 $\theta=0.60$,0.061397398719071766,3.903127820947816e-17,0.05234372049617353,3.3306690738754696e-16,0.00842579555988025,2.7755575615628914e-17,0.16010941054520766,2.220446049250313e-16,0.07613633013266713,3.966011546951975e-16
Sample 71 $\theta=0.70$,0.13291418270862276,6.661338147750939e-16,0.002199573754138706,3.3306690738754696e-16,0.024778842523912492,4.440892098500626e-16,0.16815473283203342,3.3306690738754696e-16,0.03945202216799093,3.3306690738754696e-16
Sample 71 $\theta=0.80$,0.21749354778853208,2.7755575615628914e-17,0.02934517876554027,2.7755575615628914e-16,0.056226851864016436,2.220446049250313e-16,0.04348859310186981,2.7755575615628914e-16,0.08527767002862208,1.6653345369377348e-16
Sample 71 $\theta=0.90$,0.065543580098489,6.765421556309548e-17,0.38966257106139257,2.983724378680108e-16,0.006067451236590112,1.3791051634015616e-16,0.413919986167572,2.7755575615628914e-16,0.04932621609359353,2.8275992658421956e-16
Sample 72 $\theta=0.00$,0.014111583104436547,1.0408340855860843e-17,0.321594801103155,4.996003610813204e-16,0.005115339107221747,1.6306400674181987e-16,0.14803411586042678,1.3877787807814457e-17,0.038535422988844194,1.8453120975703285e-16
Sample 72 $\theta=0.10$,0.018824018363071217,1.0408340855860843e-17,0.24972539537208377,4.440892098500626e-16,0.003859843720200585,1.0061396160665481e-16,0.05261236836616584,8.326672684688674e-17,0.05758402614312759,2.914335439641036e-16
Sample 72 $\theta=0.20$,0.351746374058884,0.0,0.08307641141417199,3.885780586188048e-16,0.21874055859783237,8.881784197001252e-16,0.19522261521935313,2.7755575615628914e-16,0.1235294166414661,2.220446049250313e-16
Sample 72 $\theta=0.30$,0.10561281531572547,6.245004513516506e-17,0.11748468937795176,4.440892098500626e-16,0.04124748960497915,1.249000902703301e-16,0.10165027726433229,2.220446049250313e-16,0.0010921350986037304,4.163336342344337e-17
Sample 72 $\theta=0.40$,0.05556441626901361,3.122502256758253e-17,0.01368625535830148,2.7755575615628914e-16,0.0018756362515795749,4.163336342344337e-17,0.17954918109903373,2.220446049250313e-16,0.08316877947214552,4.380176776841438e-16
Sample 72 $\theta=0.50$,0.07081429588117659,4.163336342344337e-17,0.10779089731994285,4.440892098500626e-16,0.013866022107489847,1.5959455978986625e-16,0.12545695303381255,2.220446049250313e-16,0.09398632447894524,4.870236158804886e-16
Sample 72 $\theta=0.60$,0.6423873809952396,1.1102230246251565e-15,0.11408571648108423,5.551115123125783e-16,0.06184784463021681,4.440892098500626e-16,0.07304419395469774,2.7755575615628914e-16,0.4103831770498093,2.3522850334245504e-15
Sample 72 $\theta=0.70$,0.15575883159982318,2.7755575615628914e-17,0.045536827975898975,2.220446049250313e-16,0.39509073000484946,2.005340338229189e-15,0.03724729804438953,2.220446049250313e-16,0.4841466508061421,2.220446049250313e-15
Sample 72 $\theta=0.80$,0.14894788897839262,7.771561172376096e-16,0.07805914560315386,2.7755575615628914e-16,0.0858643548791882,1.1102230246251565e-16,0.1566556604411493,3.885780586188048e-16,0.0605376003287047,8.881784197001252e-16
Sample 72 $\theta=0.90$,0.24658991134640307,8.881784197001252e-16,0.03160606668518101,3.885780586188048e-16,0.10330706469710915,2.220446049250313e-16,0.1929439965532347,3.3306690738754696e-16,0.1751536857799436,1.4432899320127035e-15
Sample 73 $\theta=0.00$,0.008601129013719844,3.469446951953614e-18,0.07718630277572797,1.3877787807814457e-16,0.00040254158884969055,3.469446951953614e-17,0.02818356091698429,2.0816681711721685e-17,0.009450810294779337,5.204170427930421e-17
Sample 73 $\theta=0.10$,0.04525514458882346,1.6653345369377348e-16,0.06580423349340603,1.1102230246251565e-16,0.008193165477186404,8.326672684688674e-17,0.10105921218792496,2.220446049250313e-16,0.0631582380102649,4.440892098500626e-16
Sample 73 $\theta=0.20$,0.03757149986073077,8.326672684688674e-17,0.3753993758933409,4.996003610813204e-16,0.017450481365836615,5.204170427930421e-17,0.20720681209694347,6.938893903907228e-18,0.037252625991627125,1.9081958235744878e-16
Sample 73 $\theta=0.30$,0.09029984909332167,1.6653345369377348e-16,0.34335699212668513,4.996003610813204e-16,0.04866942732126315,1.2793585635328952e-16,0.17967700799374453,1.3877787807814457e-17,0.04757666818385525,2.6020852139652106e-16
Sample 73 $\theta=0.40$,0.42272046456926865,7.771561172376096e-16,0.03485081854789335,2.220446049250313e-16,0.3293276769981098,1.8006429680639258e-15,0.07103909793360436,2.220446049250313e-16,0.0017917727076481316,2.220446049250313e-16
Sample 73 $\theta=0.50$,0.06698336284652792,2.7755575615628914e-17,0.20217003112821885,8.326672684688674e-17,0.09832558256174803,5.490399801466594e-16,0.27681005403917924,2.7755575615628914e-16,0.057065602040484734,2.220446049250313e-16
Sample 73 $\theta=0.60$,0.05544328934658575,2.0816681711721685e-17,0.3344997250890377,2.220446049250313e-16,0.07589621078082108,4.891920202254596e-16,0.3524372827950254,2.7755575615628914e-16,0.033125231661396776,9.71445146547012e-17
Sample 73 $\theta=0.70$,0.2935568408661476,4.996003610813204e-16,0.050060302430990744,2.220446049250313e-16,0.16492977008091794,9.159339953157541e-16,0.1324680315965146,2.220446049250313e-16,0.1097606959964878,6.938893903907228e-16
Sample 73 $\theta=0.80$,0.10228156692387502,6.661338147750939e-16,0.02664465135939037,2.7755575615628914e-16,0.04093100884343559,0.0,0.11896095995105793,2.7755575615628914e-16,0.026993511656988822,5.551115123125783e-16
Sample 73 $\theta=0.90$,0.06995751656544985,0.0,0.3671470563104944,2.636779683484747e-16,0.03469173522201918,3.0531133177191805e-16,0.3502159584471983,2.7755575615628914e-16,0.016558748709474658,2.7755575615628914e-17
Sample 74 $\theta=0.00$,0.000584453600510546,3.7947076036992655e-17,0.6739180379313424,8.881784197001252e-16,0.000301883208438045,2.717010644248674e-16,0.38522471223745625,5.984795992119984e-17,0.04104772284537082,1.7705021476688287e-16
Sample 74 $\theta=0.10$,0.0010242154648009887,2.883977778811442e-17,0.5115565759330627,6.661338147750939e-16,2.978921650415153e-05,2.0534789146875454e-16,0.28973575790042255,4.163336342344337e-17,0.03225043409494126,1.4040418133687282e-16
Sample 74 $\theta=0.20$,0.0013982561614338156,2.8406096919120216e-17,0.5122725262666485,6.661338147750939e-16,0.0010781771862294707,1.9992688060632702e-16,0.2914499035963689,4.336808689942018e-17,0.03004646256404317,1.2967057982926633e-16
Sample 74 $\theta=0.30$,0.06490456382676654,4.119968255444917e-17,0.08273993502278398,3.3306690738754696e-16,0.006347367731291556,5.117434254131581e-17,0.1434307514694203,2.220446049250313e-16,0.0780532839545017,4.0462425077159025e-16
Sample 74 $\theta=0.40$,0.049873801043308644,2.0816681711721685e-17,0.058515233784963705,3.3306690738754696e-16,0.015534475688663889,9.540979117872439e-18,0.15378807669647493,2.220446049250313e-16,0.07568379287768812,3.9898639947466563e-16
Sample 74 $\theta=0.50$,0.06145960169989778,1.3877787807814457e-16,0.004338747920009434,2.220446049250313e-16,0.07891026640816214,3.937822290467352e-16,0.15817365927866217,2.220446049250313e-16,0.06634995542007432,4.0245584642661925e-16
Sample 74 $\theta=0.60$,0.4834882869871355,7.771561172376096e-16,0.05030419987863477,3.885780586188048e-16,0.21108173187697776,1.1449174941446927e-15,0.05787856937575775,2.220446049250313e-16,0.19597458273582294,1.1518563880486e-15
Sample 74 $\theta=0.70$,0.6028626336670633,8.881784197001252e-16,0.41385906505839964,2.8102520310824275e-16,0.286155265652146,1.7590096046404824e-15,0.28304130698898344,2.7755575615628914e-16,0.15002489036749336,9.992007221626409e-16
Sample 74 $\theta=0.80$,0.1674299844619349,5.551115123125783e-16,0.37412846847382925,1.8041124150158794e-16,0.010251919541199639,4.440892098500626e-16,0.010392648979873353,4.440892098500626e-16,0.024697244603739454,4.440892098500626e-16
Sample 74 $\theta=0.90$,0.23718271244143518,6.661338147750939e-16,0.42135024722313474,2.0469737016526324e-16,0.20405470707460927,5.551115123125783e-16,0.08340990561849776,3.885780586188048e-16,0.257884046706673,1.7763568394002505e-15
Sample 75 $\theta=0.00$,0.18726947198673738,6.661338147750939e-16,0.49632823841101803,1.1102230246251565e-16,0.32609566555562974,1.2212453270876722e-15,0.2705450578876972,6.661338147750939e-16,0.4409704593207405,2.7200464103316335e-15
Sample 75 $\theta=0.10$,0.418708795184761,2.220446049250313e-16,0.3387645870572945,1.1102230246251565e-16,0.8634763846436017,4.218847493575595e-15,0.42310666274206377,6.661338147750939e-16,0.7297702054139031,3.851086116668512e-15
Sample 75 $\theta=0.20$,0.2146689764366414,7.771561172376096e-16,0.12747876338872988,3.885780586188048e-16,0.2649473127317499,1.1102230246251565e-15,0.3205082721160678,2.220446049250313e-16,0.2783845142618362,1.887379141862766e-15
Sample 75 $\theta=0.30$,0.4391313064289223,7.771561172376096e-16,0.05710843524482406,2.7755575615628914e-16,0.07501658031397879,1.6653345369377348e-16,0.03126191241502685,2.7755575615628914e-16,0.39796992951681476,2.275957200481571e-15
Sample 75 $\theta=0.40$,0.017982952234661925,8.326672684688674e-17,0.07652189679375931,3.3306690738754696e-16,0.10307347805547837,5.551115123125783e-16,0.09764393496846308,2.220446049250313e-16,0.19404883293233754,1.0477729794899915e-15
Sample 75 $\theta=0.50$,0.01986528235689633,4.440892098500626e-16,0.04053973558644669,4.440892098500626e-16,0.07782986870974229,1.1102230246251565e-16,0.1954101358282343,3.885780586188048e-16,0.045670591542318895,2.220446049250313e-16
Sample 75 $\theta=0.60$,0.0405667005256074,4.440892098500626e-16,0.13110196799408774,5.551115123125783e-16,0.004407269460126484,2.220446049250313e-16,0.2757275622886476,3.885780586188048e-16,0.16074392522502579,2.220446049250313e-16
Sample 75 $\theta=0.70$,0.1370129087748463,6.661338147750939e-16,0.08737760494749891,4.440892098500626e-16,0.016689857397119923,3.3306690738754696e-16,0.2645945710453885,3.885780586188048e-16,0.054664647651156195,3.3306690738754696e-16
Sample 75 $\theta=0.80$,0.04618506368267283,5.551115123125783e-16,0.12121369193114478,1.1102230246251565e-16,0.04464647230923846,4.440892098500626e-16,0.12254096601919806,3.885780586188048e-16,0.2165152840453849,5.551115123125783e-16
Sample 75 $\theta=0.90$,0.3317260666574515,7.771561172376096e-16,0.4244523407028468,2.185751579730777e-16,0.11186277579493298,1.1102230246251565e-16,0.0992750612391523,3.885780586188048e-16,0.24010468198922363,1.6653345369377348e-15
Sample 76 $\theta=0.00$,0.0016995164514865485,3.198396408832238e-17,0.5856462618408732,7.771561172376096e-16,0.00145528039167313,2.424276057677588e-16,0.33392130169599316,5.117434254131581e-17,0.03660932289763591,1.588356182691264e-16
Sample 76 $\theta=0.10$,0.001789607541637552,2.45029690981724e-17,0.4502339371002106,6.106226635438361e-16,0.0015211691532053216,1.8778381627448937e-16,0.25710426484000787,3.903127820947816e-17,0.02794864158855865,1.216474837528736e-16
Sample 76 $\theta=0.20$,0.004516347132249657,2.7321894746634712e-17,0.5312891843604329,6.661338147750939e-16,0.005007142102181833,2.3765711620882257e-16,0.3036501553133529,4.5102810375396984e-17,0.03440340857958435,1.5135462327897642e-16
Sample 76 $\theta=0.30$,0.13166255208057065,8.326672684688674e-17,0.1425550810820409,4.440892098500626e-16,0.05416398774834236,3.608224830031759e-16,0.08711127833345306,2.220446049250313e-16,0.08117587020555883,4.440892098500626e-16
Sample 76 $\theta=0.40$,0.06640575134388285,5.074066167232161e-17,0.04501454975915076,1.6653345369377348e-16,0.005910185823920019,2.6020852139652106e-18,0.2167117211262337,2.220446049250313e-16,0.06977203492604821,3.679782173415802e-16
Sample 76 $\theta=0.50$,0.01244964165397433,1.6653345369377348e-16,0.009924272038123683,1.1102230246251565e-16,0.48983945839346776,2.5517782331618832e-15,0.03897210831532921,2.220446049250313e-16,0.5013197349406265,2.220446049250313e-15
Sample 76 $\theta=0.60$,0.07658739501521161,6.661338147750939e-16,0.013030787329964766,3.3306690738754696e-16,0.009378129758118359,3.3306690738754696e-16,0.2317372476764068,3.885780586188048e-16,0.09439954509003423,1.1102230246251565e-16
Sample 76 $\theta=0.70$,0.7199082816144363,4.996003610813204e-16,0.025250002797523707,3.3306690738754696e-16,0.5644387025274791,2.886579864025407e-15,0.02430383467988323,2.7755575615628914e-16,0.056323767448117734,5.551115123125783e-16
Sample 76 $\theta=0.80$,0.1754002589468333,5.551115123125783e-16,0.061866864410107414,3.3306690738754696e-16,0.44998490203706754,1.887379141862766e-15,0.06944168132375106,3.3306690738754696e-16,0.5274447587453581,3.0531133177191805e-15
Sample 76 $\theta=0.90$,0.26526499962568817,7.771561172376096e-16,0.17191195314756758,1.6653345369377348e-16,0.0961067667986456,1.1102230246251565e-16,0.06347947249392205,3.885780586188048e-16,0.17771375202341755,1.4432899320127035e-15
Sample 77 $\theta=0.00$,0.04245640156795982,5.551115123125783e-16,0.5645443668754533,2.7755575615628914e-16,0.0055587358208903925,5.551115123125783e-16,0.19459311135344692,5.551115123125783e-16,0.0829971463763326,2.220446049250313e-16
Sample 77 $\theta=0.10$,0.04799443069024378,5.551115123125783e-16,0.4785100516874218,1.942890293094024e-16,0.03072958162140682,3.3306690738754696e-16,0.14633325925490892,5.551115123125783e-16,0.0466437513796536,3.3306690738754696e-16
Sample 77 $\theta=0.20$,0.08734403260456491,4.440892098500626e-16,0.5877149984553364,2.7755575615628914e-16,0.04212862367027359,3.3306690738754696e-16,0.31004333719136645,6.661338147750939e-16,0.07340930966001646,2.220446049250313e-16
Sample 77 $\theta=0.30$,0.06702379384957546,5.551115123125783e-16,0.1720095763448487,1.1102230246251565e-16,0.023823210966149366,2.220446049250313e-16,0.13606118688867874,4.440892098500626e-16,0.09279850828396574,1.1102230246251565e-16
Sample 77 $\theta=0.40$,0.02237230547226776,5.551115123125783e-16,0.07493802052565701,2.220446049250313e-16,0.03523199034596991,1.1102230246251565e-16,0.18513957061357134,3.885780586188048e-16,0.10353184041232855,1.1102230246251565e-16
Sample 77 $\theta=0.50$,0.11537769246453056,5.551115123125783e-16,0.26226825458447967,5.551115123125783e-17,0.04504404413787699,6.661338147750939e-16,0.06651306727040607,4.440892098500626e-16,0.12290126708235227,0.0
Sample 77 $\theta=0.60$,0.23728400141606332,2.220446049250313e-16,0.08057223457029739,1.6653345369377348e-16,0.10990891700555738,3.3306690738754696e-16,0.1286617737135547,3.885780586188048e-16,0.1813445026403856,4.440892098500626e-16
Sample 77 $\theta=0.70$,0.04094303258755172,3.3306690738754696e-16,0.39083226729639137,2.0122792321330962e-16,0.14598738206645923,2.220446049250313e-16,0.04024102872869223,4.440892098500626e-16,0.023370457855201088,4.440892098500626e-16
Sample 77 $\theta=0.80$,0.06312601662844464,4.440892098500626e-16,0.41997852314544576,2.3592239273284576e-16,0.17916233153464733,5.551115123125783e-16,0.12379322926486025,3.3306690738754696e-16,0.13107610629365252,1.1102230246251565e-15
Sample 77 $\theta=0.90$,0.2877498427137579,7.771561172376096e-16,0.4190428314349775,2.463307335887066e-16,0.07919290228674047,7.771561172376096e-16,0.06255942790337615,3.3306690738754696e-16,0.014858371919974633,4.440892098500626e-16
Sample 78 $\theta=0.00$,0.0007980245359627824,5.551115123125783e-16,0.6399575372819122,2.220446049250313e-16,0.0002875885734874295,5.551115123125783e-16,0.36532054481392195,7.771561172376096e-16,0.03852610520178423,4.440892098500626e-16
Sample 78 $\theta=0.10$,0.0007980245359627824,5.551115123125783e-16,0.6399575372819122,2.220446049250313e-16,0.0002875885734874295,5.551115123125783e-16,0.36532054481392195,7.771561172376096e-16,0.03852610520178423,4.440892098500626e-16
Sample 78 $\theta=0.20$,0.0010673834992355191,5.551115123125783e-16,0.7390423066607692,3.885780586188048e-16,0.0033189436816760676,5.551115123125783e-16,0.4213563577311069,7.771561172376096e-16,0.04160297366468502,4.440892098500626e-16
Sample 78 $\theta=0.30$,0.0038018246850713977,5.551115123125783e-16,0.6861223787302336,3.3306690738754696e-16,0.004368700648945012,5.551115123125783e-16,0.3917882658910201,7.771561172376096e-16,0.0347980716211993,4.440892098500626e-16
Sample 78 $\theta=0.40$,0.08764125576322923,6.661338147750939e-16,0.017334165163363335,2.7755575615628914e-16,0.0160337869297138,2.220446049250313e-16,0.2239806969186069,3.885780586188048e-16,0.07599227916662654,2.220446049250313e-16
Sample 78 $\theta=0.50$,0.13707221752688192,6.661338147750939e-16,0.043318313728657964,2.7755575615628914e-16,0.019852926494685064,4.440892098500626e-16,0.19940928178169037,3.885780586188048e-16,0.07228755406299936,2.220446049250313e-16
Sample 78 $\theta=0.60$,0.15952561085794092,7.771561172376096e-16,0.15953222524863797,5.551115123125783e-16,0.11223922932563168,3.3306690738754696e-16,0.29151646851677926,3.885780586188048e-16,0.11114709987543714,1.1102230246251565e-15
Sample 78 $\theta=0.70$,0.1312037223334841,6.661338147750939e-16,0.14075467243956846,5.551115123125783e-16,0.015373621806717752,1.1102230246251565e-16,0.30281710189514865,3.885780586188048e-16,0.02720978995083989,4.440892098500626e-16
Sample 78 $\theta=0.80$,0.1977083822241723,6.661338147750939e-16,0.17107131782418739,6.661338147750939e-16,0.4980436712817272,2.3314683517128287e-15,0.1870641312876562,3.3306690738754696e-16,0.6189070142426746,3.497202527569243e-15
Sample 78 $\theta=0.90$,0.23000375301904508,7.771561172376096e-16,0.4256741818624536,9.992007221626409e-16,0.4277483956374482,2.1094237467877974e-15,0.3089336641895243,3.3306690738754696e-16,0.6003512270749347,3.3584246494910985e-15
Sample 79 $\theta=0.00$,7.007553301530134e-05,5.551115123125783e-16,0.6372359043372469,2.7755575615628914e-16,0.00014175159103446688,5.551115123125783e-16,0.36548756073832245,7.771561172376096e-16,0.03829845285476863,4.440892098500626e-16
Sample 79 $\theta=0.10$,0.00207083068069025,5.551115123125783e-16,0.6297059709042352,2.7755575615628914e-16,0.0006554103920326515,5.551115123125783e-16,0.3612829629982166,7.771561172376096e-16,0.03841057818055926,4.440892098500626e-16
Sample 79 $\theta=0.20$,0.0005249789601988741,5.551115123125783e-16,0.4647708067264189,0.0,0.00036247253724419615,4.440892098500626e-16,0.26612573296675135,7.771561172376096e-16,0.028090680995716433,5.551115123125783e-16
Sample 79 $\theta=0.30$,0.08188330651487907,6.661338147750939e-16,0.009166234099957316,3.3306690738754696e-16,0.008851420594209514,3.3306690738754696e-16,0.24733483964712466,3.885780586188048e-16,0.09163737474712752,1.1102230246251565e-16
Sample 79 $\theta=0.40$,0.47425886845328635,1.6653345369377348e-16,0.0756988223792538,4.440892098500626e-16,0.21741892231619153,9.992007221626409e-16,0.18037308380496297,3.885780586188048e-16,0.20856607823911155,5.551115123125783e-16
Sample 79 $\theta=0.50$,0.43626138543900084,1.942890293094024e-16,0.012691147786131063,2.220446049250313e-16,0.2515643278518598,1.1102230246251565e-15,0.001358054962948163,2.7755575615628914e-16,0.06242952297410442,0.0
Sample 79 $\theta=0.60$,0.10842294334223712,3.3306690738754696e-16,0.01242845121348879,2.7755575615628914e-16,0.06467492024346899,0.0,0.15169137553803624,3.885780586188048e-16,0.11899721556868748,1.1102230246251565e-16
Sample 79 $\theta=0.70$,0.06332907026037027,5.551115123125783e-16,0.1253453728314926,1.6653345369377348e-16,0.007433324358873561,3.3306690738754696e-16,0.15499618521156888,3.885780586188048e-16,0.12028346574255644,0.0
Sample 79 $\theta=0.80$,0.08168906653800734,6.661338147750939e-16,0.23396831085792597,6.661338147750939e-16,0.01728238100661672,1.1102230246251565e-16,0.3720109505120881,3.885780586188048e-16,0.06664956779631259,2.220446049250313e-16
Sample 79 $\theta=0.90$,0.09042710333808512,4.440892098500626e-16,0.42032872530064946,2.393918396847994e-16,0.03551950720428676,2.220446049250313e-16,0.024889606589987512,4.440892098500626e-16,0.06573989309311812,2.220446049250313e-16
Sample 80 $\theta=0.00$,0.005380960655655824,2.0816681711721685e-17,0.23072969484033795,3.0531133177191805e-16,0.0019939071235593737,8.109832250191573e-17,0.1311773671774226,1.8214596497756474e-17,0.016443782223975648,7.48099499014998e-17
Sample 80 $\theta=0.10$,0.03784354055096714,6.938893903907228e-17,0.2960499501646572,3.885780586188048e-16,0.014127695327735099,3.729655473350135e-17,0.17389934249546565,2.0816681711721685e-17,0.028036354045723525,1.3910313872989022e-16
Sample 80 $\theta=0.20$,0.005514183487188633,1.9949319973733282e-17,0.20589951301394,2.7755575615628914e-16,0.002210460194546162,7.003946034256359e-17,0.11608669898725658,1.5612511283791264e-17,0.01539806198680594,7.090682208055199e-17
Sample 80 $\theta=0.30$,0.05580887436423504,4.5102810375396984e-17,0.1833669856036731,2.7755575615628914e-17,0.00951535615406276,7.35089072945172e-17,0.29385750745539896,2.7755575615628914e-16,0.06405511526368755,3.475952164988527e-16
Sample 80 $\theta=0.40$,0.4562281755237804,6.661338147750939e-16,0.1340301919956437,1.1102230246251565e-16,0.19873342941953767,1.1587952819525071e-15,0.15432114070020586,2.220446049250313e-16,0.17160635354146148,1.0477729794899915e-15
Sample 80 $\theta=0.50$,0.0676661519216929,5.767955557622884e-17,0.17152225859339493,0.0,0.006969862865330337,5.377642775528102e-17,0.28868271014600766,2.7755575615628914e-16,0.059775066064071694,3.2526065174565133e-16
Sample 80 $\theta=0.60$,0.5518532561030631,9.992007221626409e-16,0.05385138600974876,2.7755575615628914e-16,0.05975003817312885,5.551115123125783e-16,0.03157632892186735,2.7755575615628914e-16,0.2991388605029206,1.887379141862766e-15
Sample 80 $\theta=0.70$,0.0035216516213810445,8.326672684688674e-17,0.2691244562442253,1.6653345369377348e-16,0.1355494982868728,7.892991815694472e-16,0.295616108743573,2.7755575615628914e-16,0.06124155778103757,1.942890293094024e-16
Sample 80 $\theta=0.80$,0.029407836931578668,2.220446049250313e-16,0.40726575994922615,2.706168622523819e-16,0.0621646961756277,0.0,0.24012254387782156,3.3306690738754696e-16,0.023547126433015764,3.885780586188048e-16
Sample 80 $\theta=0.90$,0.2545758814164113,6.661338147750939e-16,0.4100420928384476,2.0122792321330962e-16,0.1322340011115568,2.220446049250313e-16,0.08313463546091404,3.885780586188048e-16,0.2001994612139718,1.5543122344752192e-15
Sample 81 $\theta=0.00$,0.0007559260267726684,2.2985086056692694e-17,0.3731137265099031,4.996003610813204e-16,0.0006133345690197359,1.5178830414797062e-16,0.21364692336211935,3.2959746043559335e-17,0.023743874688513696,1.0430024899310553e-16
Sample 81 $\theta=0.10$,0.01089561044330613,3.9898639947466563e-17,0.4542033403212368,6.106226635438361e-16,0.0037459628180521003,1.6002824065886045e-16,0.26206041923142537,3.9898639947466563e-17,0.03022061828162812,1.3617579286417936e-16
Sample 81 $\theta=0.20$,0.022656111411115207,6.938893903907228e-17,0.33435558694447554,4.440892098500626e-16,0.04089945552782262,9.020562075079397e-17,0.2072679393333741,2.0816681711721685e-17,0.01656948312618834,6.938893903907228e-17
Sample 81 $\theta=0.30$,0.004158272647123873,4.163336342344337e-17,0.06279567512145157,1.6653345369377348e-16,0.026662177207420243,1.3183898417423734e-16,0.20978689386363697,2.220446049250313e-16,0.08750994247197726,4.839878497975292e-16
Sample 81 $\theta=0.40$,0.04649879528872028,1.3877787807814457e-16,0.1193518953004411,4.440892098500626e-16,0.03942705040958401,1.457167719820518e-16,0.08638296142266433,2.220446049250313e-16,0.1035645977741318,5.828670879282072e-16
Sample 81 $\theta=0.50$,0.17210122520395954,7.771561172376096e-16,0.045052664655914065,2.7755575615628914e-16,0.2485924607253822,1.5543122344752192e-15,0.1149686370452907,3.3306690738754696e-16,0.23071393340668112,6.661338147750939e-16
Sample 81 $\theta=0.60$,0.45188067288459166,2.498001805406602e-16,0.30650187867228684,7.771561172376096e-16,0.6473454379124075,3.3306690738754696e-15,0.12816692691403408,2.7755575615628914e-16,0.3960763236924547,2.1649348980190553e-15
Sample 81 $\theta=0.70$,0.07770379318629672,4.440892098500626e-16,0.06445625199751714,2.220446049250313e-16,0.02862341055275175,1.1102230246251565e-16,0.01906455170905097,2.7755575615628914e-16,0.04598925424443512,5.551115123125783e-16
Sample 81 $\theta=0.80$,0.061913758188898965,1.6653345369377348e-16,0.0964391878948595,1.6653345369377348e-16,0.014529013044728617,1.6653345369377348e-16,0.14523930788603778,2.220446049250313e-16,0.08474883848732839,5.828670879282072e-16
Sample 81 $\theta=0.90$,0.40467115138748483,3.0878077872387166e-16,0.37335398115016855,2.7755575615628914e-16,0.08082313001977437,2.220446049250313e-16,0.2898937117440481,3.3306690738754696e-16,0.18519751388014732,7.216449660063518e-16
Sample 82 $\theta=0.00$,0.0012890700424743702,8.673617379884035e-18,0.0977712481043982,1.3877787807814457e-16,0.0015814251497777883,4.5102810375396984e-17,0.05690667025358898,7.37257477290143e-18,0.007899693220995251,3.7730235602495554e-17
Sample 82 $\theta=0.10$,0.0027227680379459922,1.734723475976807e-17,0.2765809591397894,3.885780586188048e-16,0.0012794115861396883,1.1622647289044608e-16,0.15922934231481894,2.0816681711721685e-17,0.01547252314359683,7.112366251504909e-17
Sample 82 $\theta=0.20$,0.005040073706353294,1.734723475976807e-17,0.24126348530121225,3.3306690738754696e-16,0.010311402724922517,1.457167719820518e-16,0.13963103624883397,1.5612511283791264e-17,0.020686658239448125,1.0061396160665481e-16
Sample 82 $\theta=0.30$,0.06566722812029205,6.071532165918825e-17,0.28727032556935955,1.6653345369377348e-16,0.001529577984971428,7.45931094670027e-17,0.3545190358806355,2.7755575615628914e-16,0.059666226887115884,3.3046482217358175e-16
Sample 82 $\theta=0.40$,0.072180670466633,6.765421556309548e-17,0.3436731832340574,2.3592239273284576e-16,0.011097123394380948,1.474514954580286e-16,0.3831704714719677,2.7755575615628914e-16,0.03898488969282224,2.3245294578089215e-16
Sample 82 $\theta=0.50$,0.2969268594847273,5.551115123125783e-16,0.12260548827512374,1.1102230246251565e-16,0.4177699282940863,2.282896094385478e-15,0.09139086959926385,2.220446049250313e-16,0.21257398939904576,7.771561172376096e-16
Sample 82 $\theta=0.60$,0.06467949020881383,1.1102230246251565e-16,0.19016190356336743,0.0,0.07958735299209092,4.787836793695988e-16,0.25451953727981236,2.7755575615628914e-16,0.05006249840787291,3.469446951953614e-16
Sample 82 $\theta=0.70$,0.09849517214770093,1.6653345369377348e-16,0.03953973092671825,2.7755575615628914e-16,0.1752228863228914,6.661338147750939e-16,0.031078244638019004,2.7755575615628914e-16,0.11444095863787573,8.326672684688674e-16
Sample 82 $\theta=0.80$,0.09855570369910327,3.3306690738754696e-16,0.3968856473068769,2.1510571102112408e-16,0.09480972945398802,2.220446049250313e-16,0.14713542158041265,3.3306690738754696e-16,0.09455322306546143,8.881784197001252e-16
Sample 82 $\theta=0.90$,0.01344521801370635,3.3306690738754696e-16,0.42114288661566024,2.6020852139652106e-16,0.08719620221706426,1.1102230246251565e-16,0.13638937492681114,3.3306690738754696e-16,0.005895267895007494,4.440892098500626e-16
Sample 83 $\theta=0.00$,0.0007845268000483208,8.239936510889834e-18,0.12606624840452835,1.942890293094024e-16,0.0009263412451015563,5.551115123125783e-17,0.06898613625957838,5.204170427930421e-18,0.010149451532346454,4.662069341687669e-17
Sample 83 $\theta=0.10$,6.988508625174316e-05,1.214306433183765e-17,0.18265709411858713,2.498001805406602e-16,0.0006885270265074737,7.719519468096792e-17,0.10103666646011039,1.0408340855860843e-17,0.014082419855945,6.429318882839041e-17
Sample 83 $\theta=0.20$,0.0009237179198557065,1.2576745200831851e-17,0.20703524263843393,3.0531133177191805e-16,0.0001559579509193478,8.456776945386935e-17,0.11385657868136381,1.214306433183765e-17,0.015128850793661094,6.819631664933823e-17
Sample 83 $\theta=0.30$,0.06139517600114605,4.336808689942018e-17,0.08442410690953839,1.1102230246251565e-16,0.005978834432505121,1.5612511283791264e-17,0.23804704468605936,2.220446049250313e-16,0.07018957753219762,3.7426658994199613e-16
Sample 83 $\theta=0.40$,0.05861952519244139,4.683753385137379e-17,0.1967681594550616,5.551115123125783e-17,0.006511119893896107,6.418476861114186e-17,0.30177607053261146,2.7755575615628914e-16,0.06448855163682797,3.5128150388530344e-16
Sample 83 $\theta=0.50$,0.06706743723064454,4.683753385137379e-17,0.01764119593044261,2.220446049250313e-16,0.013357534076502302,2.5587171270657905e-17,0.19862585628499993,2.220446049250313e-16,0.061514336021968846,3.2959746043559335e-16
Sample 83 $\theta=0.60$,0.06556290546304282,5.160802341031001e-17,0.09427240637192658,1.1102230246251565e-16,0.0050838078434772525,1.3010426069826053e-17,0.2452321921835472,2.220446049250313e-16,0.06849466733070675,3.647256108241237e-16
Sample 83 $\theta=0.70$,0.49884510349178857,3.608224830031759e-16,0.3224399983354596,1.6653345369377348e-16,0.37896595969838487,1.7763568394002505e-15,0.22619796167928471,3.3306690738754696e-16,0.03809377400070224,3.885780586188048e-16
Sample 83 $\theta=0.80$,0.18261708745085942,1.2836953722228372e-16,0.3797818033433673,3.191891195797325e-16,0.22504169733742632,1.2732870313669764e-15,0.34004762652288745,2.7755575615628914e-16,0.31166053682941985,1.4432899320127035e-15
Sample 83 $\theta=0.90$,0.03454618308949836,1.1102230246251565e-16,0.11589201142592787,5.551115123125783e-17,0.3338892184521839,1.7659484985443896e-15,0.14923099846859111,2.220446049250313e-16,0.3272876381140635,1.4432899320127035e-15
Sample 84 $\theta=0.00$,0.009820579360997117,5.551115123125783e-16,0.521805541203407,1.6653345369377348e-16,0.0009905665269703823,4.440892098500626e-16,0.27087118014524236,7.771561172376096e-16,0.04191164420866511,4.440892098500626e-16
Sample 84 $\theta=0.10$,0.007603876862575909,5.551115123125783e-16,0.5998329597610204,2.7755575615628914e-16,0.0008726842795923062,5.551115123125783e-16,0.3218081119990235,7.771561172376096e-16,0.04420018550837945,4.440892098500626e-16
Sample 84 $\theta=0.20$,0.0005886817404048283,5.551115123125783e-16,0.5318989039171885,1.6653345369377348e-16,0.0001728133918151853,5.551115123125783e-16,0.30492231028593464,7.771561172376096e-16,0.03164730905692359,4.440892098500626e-16
Sample 84 $\theta=0.30$,0.4966486967991708,2.7755575615628914e-16,0.07759664734531574,3.885780586188048e-16,0.4772690544221835,2.3314683517128287e-15,0.05167475934323207,2.7755575615628914e-16,0.13436469492016567,8.881784197001252e-16
Sample 84 $\theta=0.40$,0.29402972598433286,5.551115123125783e-17,0.08118924909485531,3.3306690738754696e-16,0.29232187536349397,1.2212453270876722e-15,0.09869325362850256,2.7755575615628914e-16,0.05988867276392018,6.661338147750939e-16
Sample 84 $\theta=0.50$,0.3807645810213679,6.661338147750939e-16,0.0612886614199466,2.220446049250313e-16,0.08842488706130125,5.828670879282072e-16,0.10002129944013305,2.220446049250313e-16,0.22762368167351188,1.3461454173580023e-15
Sample 84 $\theta=0.60$,0.3696605140292568,7.771561172376096e-16,0.08669164120626155,1.6653345369377348e-16,0.394556443127553,2.220446049250313e-15,0.01928824010505259,2.7755575615628914e-16,0.1926826624291077,5.551115123125783e-16
Sample 84 $\theta=0.70$,0.03710067895735958,2.220446049250313e-16,0.006951072622353505,2.7755575615628914e-16,0.05932209878930872,1.6653345369377348e-16,0.05087084831369232,2.7755575615628914e-16,0.12049795775746369,8.326672684688674e-16
Sample 84 $\theta=0.80$,0.15292249043558137,4.440892098500626e-16,0.37216458970617944,1.942890293094024e-16,0.09173577704176294,1.1102230246251565e-16,0.16100534777724618,3.3306690738754696e-16,0.1516327844162363,1.1102230246251565e-15
Sample 84 $\theta=0.90$,0.12924755777474473,2.220446049250313e-16,0.39033947222578463,2.0122792321330962e-16,0.23733646979103762,8.881784197001252e-16,0.1171599337976178,3.3306690738754696e-16,0.058993200038617744,7.771561172376096e-16
Sample 85 $\theta=0.00$,0.029378362714130767,1.0408340855860843e-17,0.09736830635440752,2.220446049250313e-16,0.006646572623648197,3.122502256758253e-17,0.04783828590723535,1.3877787807814457e-16,0.04650673816160303,2.402592014227878e-16
Sample 85 $\theta=0.10$,0.02110142412865846,6.938893903907228e-18,0.023667144959615305,2.220446049250313e-16,0.017685251251118618,4.7271214720367993e-17,0.13946833125723587,1.6653345369377348e-16,0.06961917334071607,3.712308238590367e-16
Sample 85 $\theta=0.20$,0.018454855158408334,4.85722573273506e-17,0.39227214560447504,5.551115123125783e-16,0.008367953700769945,1.0972125985553305e-16,0.22552821348070562,3.122502256758253e-17,0.027918201148651112,1.2967057982926633e-16
Sample 85 $\theta=0.30$,0.007882330723986003,2.7755575615628914e-17,0.035602878582972675,2.7755575615628914e-16,0.027742804482328146,9.107298248878237e-17,0.1597202938857587,2.220446049250313e-16,0.08764229477642815,4.698932215552176e-16
Sample 85 $\theta=0.40$,0.45752878932988217,6.661338147750939e-16,0.03387454094618492,3.3306690738754696e-16,0.2193920853283973,1.190887666258078e-15,0.06829622135717106,2.220446049250313e-16,0.1678047500453499,1.0096090630185017e-15
Sample 85 $\theta=0.50$,0.3288943933915096,1.1102230246251565e-16,0.12571454016612366,1.6653345369377348e-16,0.2658702463709057,1.1102230246251565e-15,0.04903945830810852,3.885780586188048e-16,0.05206379976663622,2.220446049250313e-16
Sample 85 $\theta=0.60$,0.06573021449402316,2.220446049250313e-16,0.040058633231278895,2.220446049250313e-16,0.17716604357954086,8.326672684688674e-16,0.1336214446330775,2.7755575615628914e-16,0.30585442829153664,1.6583956430338276e-15
Sample 85 $\theta=0.70$,0.8247515265571878,1.1102230246251565e-15,0.23200630200755756,0.0,0.26722405544037414,1.6653345369377348e-15,0.12351133129728809,3.3306690738754696e-16,0.30739531186931784,1.8596235662471372e-15
Sample 85 $\theta=0.80$,0.11548979638459977,5.551115123125783e-16,0.40600396927952814,2.2898349882893854e-16,0.011524779288300868,5.551115123125783e-16,0.014777803952761959,4.440892098500626e-16,0.0970215644659489,1.1102230246251565e-16
Sample 85 $\theta=0.90$,0.0627042192413958,4.440892098500626e-16,0.39509117414748857,1.8041124150158794e-16,0.26616361382828724,9.992007221626409e-16,0.124423092875599,3.885780586188048e-16,0.23347291072148912,1.5543122344752192e-15
Sample 86 $\theta=0.00$,0.00372713470319308,5.551115123125783e-16,0.5295610150391842,1.1102230246251565e-16,0.00047371455186984157,5.551115123125783e-16,0.2928089164820278,7.771561172376096e-16,0.03571734239164037,4.440892098500626e-16
Sample 86 $\theta=0.10$,0.002173218114970621,5.551115123125783e-16,0.5826347187534776,1.6653345369377348e-16,0.0006141716001615283,5.551115123125783e-16,0.32604160410208116,7.771561172376096e-16,0.0380219950359606,4.440892098500626e-16
Sample 86 $\theta=0.20$,0.19422411122056005,2.220446049250313e-16,0.3494999159624611,5.551115123125783e-17,0.08447308517909868,0.0,0.169687873859643,6.661338147750939e-16,0.09602746281548902,1.1102230246251565e-16
Sample 86 $\theta=0.30$,0.07574203136031021,6.661338147750939e-16,0.012752590281252585,2.7755575615628914e-16,0.015185058770591287,3.3306690738754696e-16,0.2329022979146309,3.885780586188048e-16,0.08958728124832871,1.1102230246251565e-16
Sample 86 $\theta=0.40$,0.0799413642860256,6.661338147750939e-16,0.1127247292020635,5.551115123125783e-16,0.011222463797131543,2.220446049250313e-16,0.3063603582057013,3.885780586188048e-16,0.08414262643306702,2.220446049250313e-16
Sample 86 $\theta=0.50$,0.08348355204465474,5.551115123125783e-16,0.16487682742846993,1.1102230246251565e-16,0.0127118830346713,3.3306690738754696e-16,0.14609037077268983,4.440892098500626e-16,0.0958635406850058,1.1102230246251565e-16
Sample 86 $\theta=0.60$,0.07669969730329895,5.551115123125783e-16,0.18293284690910294,5.551115123125783e-17,0.01174194756796032,3.3306690738754696e-16,0.13561796285607297,4.440892098500626e-16,0.10288322529298899,1.1102230246251565e-16
Sample 86 $\theta=0.70$,0.106425695089571,3.3306690738754696e-16,0.1283320119953711,2.220446049250313e-16,0.17163057998314546,4.440892098500626e-16,0.09921611018494503,3.885780586188048e-16,0.02162762687631592,4.440892098500626e-16
Sample 86 $\theta=0.80$,0.08335143883115337,6.661338147750939e-16,0.035986809250715346,2.7755575615628914e-16,0.018448623629969685,2.220446049250313e-16,0.21819193005359105,3.885780586188048e-16,0.08101865222993809,2.220446049250313e-16
Sample 86 $\theta=0.90$,0.2888252014797432,7.771561172376096e-16,0.3271768529226619,6.938893903907228e-17,0.2222393022257353,6.661338147750939e-16,0.05219798895551059,3.885780586188048e-16,0.3358982371725294,2.1649348980190553e-15
Sample 87 $\theta=0.00$,0.6843987125241683,8.881784197001252e-16,0.16713110874821693,2.7755575615628914e-16,0.26206381294239506,1.4450246554886803e-15,0.22481298232429953,6.938893903907228e-18,0.15339521524678776,9.54097911787244e-16
Sample 87 $\theta=0.10$,0.6843987125241683,8.881784197001252e-16,0.16713110874821693,2.7755575615628914e-16,0.26206381294239506,1.4450246554886803e-15,0.22481298232429953,6.938893903907228e-18,0.15339521524678776,9.54097911787244e-16
Sample 87 $\theta=0.20$,0.8469305467817667,1.1102230246251565e-15,0.30133613411896676,4.440892098500626e-16,0.3601806897165547,1.938553484404082e-15,0.34345100905020987,1.734723475976807e-18,0.150457472141712,9.992007221626409e-16
Sample 87 $\theta=0.30$,0.12476217062712305,2.498001805406602e-16,0.2914998281134103,3.3306690738754696e-16,0.19117286247961757,9.159339953157541e-16,0.23368148285607387,1.1275702593849246e-17,0.1355786354919689,5.828670879282072e-16
Sample 87 $\theta=0.40$,0.17089038924149635,2.7755575615628914e-16,0.0036872043240098185,2.220446049250313e-16,0.12463921832208358,6.505213034913027e-16,0.1300807722788706,2.220446049250313e-16,0.08382612822555185,5.204170427930421e-16
Sample 87 $\theta=0.50$,0.23856553996207802,3.3306690738754696e-16,0.13626903895999637,5.551115123125783e-17,0.11793854842935789,6.83481049534862e-16,0.2106557464323805,2.220446049250313e-16,0.1325747442269446,7.73686670285656e-16
Sample 87 $\theta=0.60$,0.1364025622313565,7.771561172376096e-16,0.14861855208101776,5.551115123125783e-16,0.09545750652347496,6.661338147750939e-16,0.3142165120852798,3.885780586188048e-16,0.14376455478343653,1.1102230246251565e-16
Sample 87 $\theta=0.70$,0.2592279557891913,3.885780586188048e-16,0.013046720851095761,3.3306690738754696e-16,0.24897943763096864,1.321859288694327e-15,0.07999925800850699,2.220446049250313e-16,0.010810530440079819,1.1102230246251565e-16
Sample 87 $\theta=0.80$,0.1629771117840334,6.661338147750939e-16,0.07163732638834142,2.7755575615628914e-16,0.16941100676216125,6.661338147750939e-16,0.06219104238671669,2.7755575615628914e-16,0.22450743696966613,1.5543122344752192e-15
Sample 87 $\theta=0.90$,0.1939537251268424,7.771561172376096e-16,0.12934861388632152,2.220446049250313e-16,0.09460277008447471,7.771561172376096e-16,0.13913900401836876,3.885780586188048e-16,0.10660285038499762,0.0
Sample 88 $\theta=0.00$,0.003917652580408959,5.0306980803327406e-17,0.7689257898824415,1.1102230246251565e-15,0.0025940703993460167,2.949029909160572e-16,0.43265228555554686,5.551115123125783e-17,0.05173144433631806,2.2985086056692694e-16
Sample 88 $\theta=0.10$,0.06738154318589956,1.1102230246251565e-16,0.44887371229546325,5.551115123125783e-16,0.367118982229722,1.7486012637846216e-15,0.3343558980486736,8.326672684688674e-17,0.4593165759680384,2.1094237467877974e-15
Sample 88 $\theta=0.20$,0.0015999338192885099,2.862293735361732e-17,0.4720566949513003,6.661338147750939e-16,0.001810822961942141,1.8236280541206185e-16,0.2562161494832579,2.0816681711721685e-17,0.03485917162322602,1.5742615544489524e-16
Sample 88 $\theta=0.30$,0.0792071674932816,4.5102810375396984e-17,0.04021812461111318,1.6653345369377348e-16,0.06378538456929378,3.0184188481996443e-16,0.1906423003846538,2.220446049250313e-16,0.015671663554605753,2.7755575615628914e-17
Sample 88 $\theta=0.40$,0.0299503898320701,5.551115123125783e-16,0.0799051287690547,4.440892098500626e-16,0.023010935737271976,2.220446049250313e-16,0.27419377238327625,3.885780586188048e-16,0.10166989159847817,1.1102230246251565e-16
Sample 88 $\theta=0.50$,0.03298388521675506,1.3877787807814457e-17,0.28490249565752046,1.6653345369377348e-16,0.024457728301386386,1.97758476261356e-16,0.34638339098359616,2.7755575615628914e-16,0.05531928412185136,3.174543961037557e-16
Sample 88 $\theta=0.60$,0.3263645522423143,7.771561172376096e-16,0.023618828885833942,1.6653345369377348e-16,0.5164321958141269,2.942091015256665e-15,0.17116860127009526,3.3306690738754696e-16,0.42601156089487346,1.5543122344752192e-15
Sample 88 $\theta=0.70$,0.27588799411529674,0.0,0.030072966042609006,2.220446049250313e-16,0.006745288401366345,2.220446049250313e-16,0.0037840316123207707,2.7755575615628914e-16,0.22629820658284427,8.881784197001252e-16
Sample 88 $\theta=0.80$,0.12690865153680286,3.885780586188048e-16,0.37678742661872633,3.469446951953614e-16,0.683232741700464,3.750472155061857e-15,0.1761217065657965,3.3306690738754696e-16,0.6723580963633516,2.9976021664879227e-15
Sample 88 $\theta=0.90$,0.10855167897477846,2.220446049250313e-16,0.14856212205090197,4.440892098500626e-16,0.19849784781212976,9.992007221626409e-16,0.15048164039537792,2.7755575615628914e-16,0.09343657430557073,7.771561172376096e-16
Sample 89 $\theta=0.00$,0.028618461777875637,5.551115123125783e-16,0.7845756884570193,4.718447854656915e-16,0.03599975831386082,6.661338147750939e-16,0.43577941710531476,7.771561172376096e-16,0.0730748816498924,3.3306690738754696e-16
Sample 89 $\theta=0.10$,0.6432506052616769,1.1102230246251565e-15,0.28570475236184867,5.551115123125783e-17,0.7005260558814644,3.899658373995862e-15,0.11880076235101916,3.3306690738754696e-16,0.307837191994,1.1102230246251565e-15
Sample 89 $\theta=0.20$,0.04432315177399804,5.551115123125783e-16,0.6646495216809255,3.0531133177191805e-16,0.016537405618532564,6.661338147750939e-16,0.3551192192679713,6.661338147750939e-16,0.04185357819236313,4.440892098500626e-16
Sample 89 $\theta=0.30$,0.05700620373533327,4.440892098500626e-16,0.15953883320565915,1.1102230246251565e-16,0.03638837683867013,2.220446049250313e-16,0.13576216067951785,4.440892098500626e-16,0.08127604815359468,2.220446049250313e-16
Sample 89 $\theta=0.40$,0.6116919082034336,9.992007221626409e-16,0.09427214434391318,1.1102230246251565e-16,0.4375265119693681,2.456368441983159e-15,0.016255312926387266,2.7755575615628914e-16,0.03894492446072351,1.6653345369377348e-16
Sample 89 $\theta=0.50$,0.11220442119858165,6.661338147750939e-16,0.048770720134305834,2.220446049250313e-16,0.12493026040391908,9.992007221626409e-16,0.18079076533836258,3.885780586188048e-16,0.19080501235292235,4.440892098500626e-16
Sample 89 $\theta=0.60$,0.45574212642840223,7.771561172376096e-16,0.17794831151398932,5.551115123125783e-17,0.07038997251637713,6.106226635438361e-16,0.09463007330963613,3.3306690738754696e-16,0.24650060471588114,1.5265566588595902e-15
Sample 89 $\theta=0.70$,0.16908953022962175,1.1102230246251565e-16,0.13338443039131348,5.551115123125783e-17,0.28062554036137544,1.5543122344752192e-15,0.05429169205521944,3.3306690738754696e-16,0.4418141714474768,1.887379141862766e-15
Sample 89 $\theta=0.80$,0.13641812970334533,4.440892098500626e-16,0.3786556031543474,2.0816681711721685e-16,0.04732324049389358,1.1102230246251565e-16,0.13010936089396813,3.3306690738754696e-16,0.06935144951666206,7.771561172376096e-16
Sample 89 $\theta=0.90$,0.24387731403670931,4.440892098500626e-16,0.37498557002984506,2.498001805406602e-16,0.19094962326999,1.2212453270876722e-15,0.21138709608562065,3.3306690738754696e-16,0.04540329400279519,5.551115123125783e-17
Sample 90 $\theta=0.00$,0.0053470927384938645,1.214306433183765e-17,0.2287489404331588,3.3306690738754696e-16,0.0028924508819446783,1.0928757898653885e-16,0.11483865912392888,0.0,0.02370570040824619,1.1362438767648086e-16
Sample 90 $\theta=0.10$,0.022466884363065577,1.734723475976807e-18,0.2910557205163041,3.885780586188048e-16,0.034235150422356656,2.914335439641036e-16,0.1531706662844636,6.938893903907228e-18,0.04595166127501139,2.246466901389965e-16
Sample 90 $\theta=0.20$,0.214004005517356,6.661338147750939e-16,0.2873935163915654,2.220446049250313e-16,0.43160300106156924,1.887379141862766e-15,0.1920490839742539,6.661338147750939e-16,0.6114714232912472,3.497202527569243e-15
Sample 90 $\theta=0.30$,0.07620845680219979,5.551115123125783e-16,0.3108698334737135,8.326672684688674e-17,0.0110491367930462,4.440892098500626e-16,0.06255268706139572,4.440892098500626e-16,0.11183034964243344,0.0
Sample 90 $\theta=0.40$,0.27462691783441684,5.551115123125783e-17,0.08383219506507161,2.7755575615628914e-16,0.8673660785581272,4.3298697960381105e-15,0.0983337772525874,2.7755575615628914e-16,0.7359341687998712,3.87363752185621e-15
Sample 90 $\theta=0.50$,0.47542806375342034,7.771561172376096e-16,0.03614730091124052,3.3306690738754696e-16,0.20446520189776302,1.1145598333150986e-15,0.06971560130021176,2.220446049250313e-16,0.19861192406009165,1.160530005428484e-15
Sample 90 $\theta=0.60$,0.0971256979658699,6.661338147750939e-16,0.2666657417597795,7.771561172376096e-16,0.01717965040512137,3.3306690738754696e-16,0.3890338302485772,3.885780586188048e-16,0.0883064217060554,1.1102230246251565e-16
Sample 90 $\theta=0.70$,0.07305338573162468,5.551115123125783e-16,0.3700789196117966,1.8041124150158794e-16,0.0179403987248814,4.440892098500626e-16,0.026304142291539212,4.440892098500626e-16,0.10893741722765304,1.1102230246251565e-16
Sample 90 $\theta=0.80$,0.23478142835151716,8.881784197001252e-16,0.10330945722473933,5.551115123125783e-16,0.0405198654935619,0.0,0.2345898117060642,3.3306690738754696e-16,0.10453038707790374,9.992007221626409e-16
Sample 90 $\theta=0.90$,0.3041964479895024,7.771561172376096e-16,0.14659279733317904,2.220446049250313e-16,0.16771140301100207,4.440892098500626e-16,0.062487655937171205,3.885780586188048e-16,0.29340263243106135,1.9984014443252818e-15
Sample 91 $\theta=0.00$,0.08207328230272448,4.440892098500626e-16,0.59679759912983,1.1102230246251565e-15,0.06927076834033441,2.220446049250313e-16,0.5739813462435269,3.3306690738754696e-16,0.10704150861669215,0.0
Sample 91 $\theta=0.10$,0.20452964611440094,2.220446049250313e-16,0.527945994994178,9.992007221626409e-16,0.08494206429415496,4.440892098500626e-16,0.519995363174875,3.3306690738754696e-16,0.17529573788467223,4.440892098500626e-16
Sample 91 $\theta=0.20$,0.016730012967001162,3.3306690738754696e-16,0.6753927048407065,9.992007221626409e-16,0.1064145982897522,4.440892098500626e-16,0.5169379601581221,1.1102230246251565e-16,0.14552162193504126,4.440892098500626e-16
Sample 91 $\theta=0.30$,0.03135051159346147,5.551115123125783e-16,0.26082859937103414,7.771561172376096e-16,0.02306113253205555,3.3306690738754696e-16,0.36912932034005985,3.885780586188048e-16,0.1322412796224227,1.1102230246251565e-16
Sample 91 $\theta=0.40$,0.2099786709324155,7.771561172376096e-16,0.10024670961933996,5.551115123125783e-16,0.23441054021216523,1.3322676295501878e-15,0.2757411824106192,3.3306690738754696e-16,0.2309965658243912,5.551115123125783e-16
Sample 91 $\theta=0.50$,0.06824242691223725,5.551115123125783e-16,0.11117369492885554,5.551115123125783e-16,0.020221634168936076,3.3306690738754696e-16,0.2885882717523576,3.885780586188048e-16,0.11455507580959323,0.0
Sample 91 $\theta=0.60$,0.2770294542410433,1.734723475976807e-16,0.10504067581445486,4.440892098500626e-16,0.05416800756021317,3.3306690738754696e-16,0.04735282455496942,2.220446049250313e-16,0.06917911152313305,2.220446049250313e-16
Sample 91 $\theta=0.70$,0.0645206274790554,2.220446049250313e-16,0.2980569876293723,6.661338147750939e-16,0.03503733500136619,2.220446049250313e-16,0.2126998943909335,2.7755575615628914e-16,0.09439999579397185,1.1102230246251565e-16
Sample 91 $\theta=0.80$,0.21975374897643285,6.661338147750939e-16,0.37295360295721525,2.0816681711721685e-16,0.21154985672991322,1.5543122344752192e-15,0.0007052914969732926,3.885780586188048e-16,0.22567608551517981,5.551115123125783e-16
Sample 91 $\theta=0.90$,0.20893895844706645,6.661338147750939e-16,0.41173216663059975,1.942890293094024e-16,0.17148851650945662,4.440892098500626e-16,0.057967705083659615,3.885780586188048e-16,0.1901604892690133,1.4432899320127035e-15
Sample 92 $\theta=0.00$,0.0064536594565924865,5.551115123125783e-16,0.4022967753569151,1.1102230246251565e-16,0.0030187868944988594,4.440892098500626e-16,0.2132447125774476,7.771561172376096e-16,0.027822364196289695,4.440892098500626e-16
Sample 92 $\theta=0.10$,0.001496289143461338,5.551115123125783e-16,0.4751102732638247,1.1102230246251565e-16,0.0033936543056161117,4.440892098500626e-16,0.2510502144851725,7.771561172376096e-16,0.0380817921360207,4.440892098500626e-16
Sample 92 $\theta=0.20$,0.006829751024428177,5.551115123125783e-16,0.3901575241104568,1.1102230246251565e-16,0.005440384789709651,4.440892098500626e-16,0.21896219649284687,6.661338147750939e-16,0.02721572343776124,5.551115123125783e-16
Sample 92 $\theta=0.30$,0.09654309716425324,6.661338147750939e-16,0.13020281845418413,5.551115123125783e-16,0.02136505374237907,1.1102230246251565e-16,0.30636399078020515,3.885780586188048e-16,0.053522398806645666,3.3306690738754696e-16
Sample 92 $\theta=0.40$,0.07678287768137271,5.551115123125783e-16,0.13483707242062287,2.220446049250313e-16,0.11694951138345255,2.220446049250313e-16,0.12515848489366088,3.885780586188048e-16,0.03583972736865848,7.771561172376096e-16
Sample 92 $\theta=0.50$,0.12129063456490008,6.661338147750939e-16,0.07636994973152511,4.440892098500626e-16,0.09485960768349899,1.1102230246251565e-16,0.2565322376497854,3.885780586188048e-16,0.05126229128097348,7.771561172376096e-16
Sample 92 $\theta=0.60$,0.13257973041032534,6.661338147750939e-16,0.028570731391037996,3.885780586188048e-16,0.09067585025950842,1.1102230246251565e-16,0.23101107333040327,3.885780586188048e-16,0.05107142304083212,7.771561172376096e-16
Sample 92 $\theta=0.70$,0.29563077491938206,5.551115123125783e-16,0.25388941514908236,2.7755575615628914e-17,0.29310680025471725,1.2212453270876722e-15,0.12415768024052842,3.3306690738754696e-16,0.4958347128864593,2.8033131371785203e-15
Sample 92 $\theta=0.80$,0.1433691359627749,6.661338147750939e-16,0.2164958500241304,5.551115123125783e-17,0.10495963057675683,1.1102230246251565e-16,0.07925614665418268,4.440892098500626e-16,0.06684013340423389,8.881784197001252e-16
Sample 92 $\theta=0.90$,0.787877019883179,1.1102230246251565e-15,0.22628287148149584,5.551115123125783e-17,0.5317336148578428,3.0184188481996443e-15,0.07870556326196798,3.3306690738754696e-16,0.02464843311154602,2.7755575615628914e-16
Sample 93 $\theta=0.00$,0.47373724281487606,3.3306690738754696e-16,0.18822487487451472,3.3306690738754696e-16,0.5563912294573081,2.7755575615628914e-15,0.22551518767449552,7.632783294297951e-17,0.16706422660421127,9.992007221626409e-16
Sample 93 $\theta=0.10$,0.03369043549874928,8.326672684688674e-17,0.19888997410237255,2.7755575615628914e-16,0.02036320087664331,1.1102230246251565e-16,0.17333379928773868,2.7755575615628914e-17,0.031199323530737955,5.551115123125783e-17
Sample 93 $\theta=0.20$,0.20413733380016807,2.220446049250313e-16,0.1886872170088736,3.885780586188048e-16,0.07548428694237586,5.551115123125783e-16,0.34653142291066397,1.6653345369377348e-16,0.3776802008234831,1.4432899320127035e-15
Sample 93 $\theta=0.30$,0.210960502559164,9.020562075079397e-17,0.21148246182456168,2.220446049250313e-16,0.3665257181506029,1.8318679906315083e-15,0.21924297544551935,4.163336342344337e-17,0.5927907748067198,2.7755575615628914e-15
Sample 93 $\theta=0.40$,0.08632289352237832,5.551115123125783e-17,0.06607130263484762,1.6653345369377348e-16,0.02516917896573749,1.1796119636642288e-16,0.21253236535320488,2.220446049250313e-16,0.02276323970623402,1.5265566588595902e-16
Sample 93 $\theta=0.50$,0.4164080995329221,8.881784197001252e-16,0.1321636512563475,5.551115123125783e-17,0.7099780842739253,3.8719027983802334e-15,0.033524561649183326,3.3306690738754696e-16,0.5187427586745842,2.1094237467877974e-15
Sample 93 $\theta=0.60$,0.039152764261706635,0.0,0.09767821426241602,1.1102230246251565e-16,0.08096592020733631,4.2674197509029455e-16,0.21427353771948057,2.220446049250313e-16,0.01383639072739759,0.0
Sample 93 $\theta=0.70$,0.03975819320745266,3.3306690738754696e-16,0.21624729876095955,0.0,0.08443943516228647,1.1102230246251565e-16,0.05403173870419459,4.440892098500626e-16,0.07269951938987618,1.1102230246251565e-16
Sample 93 $\theta=0.80$,0.21806417011504275,0.0,0.19020693539830175,0.0,0.08070818060792895,6.106226635438361e-16,0.09692790185806754,3.3306690738754696e-16,0.2649014044663139,9.992007221626409e-16
Sample 93 $\theta=0.90$,0.3864273018472544,8.881784197001252e-16,0.13592526324303505,1.1102230246251565e-16,0.055357830793592244,5.551115123125783e-16,0.05978558754842167,2.7755575615628914e-16,0.12657220940527025,1.1102230246251565e-15
Sample 94 $\theta=0.00$,0.0018548870317528152,1.8648277366750676e-17,0.3179862130016791,4.440892098500626e-16,0.0009868068317521739,1.24683249835833e-16,0.17189475524599737,1.3877787807814457e-17,0.023619427882848525,1.0657707355532509e-16
Sample 94 $\theta=0.10$,0.0008400800628237714,1.9949319973733282e-17,0.30590111673935144,4.440892098500626e-16,0.0011885294946891822,1.1731067506293158e-16,0.16947704862693458,2.0816681711721685e-17,0.021654429669449894,9.71445146547012e-17
Sample 94 $\theta=0.20$,0.004225356026969444,4.163336342344337e-17,0.5832651344684541,7.771561172376096e-16,0.003006298329587445,2.177077962350893e-16,0.33022686409385993,4.5102810375396984e-17,0.03771132677872446,1.6696713456276768e-16
Sample 94 $\theta=0.30$,0.061215620705513854,5.551115123125783e-17,0.2623254921643204,1.3877787807814457e-16,0.008630926709723945,9.8879238130678e-17,0.34065905756419934,2.7755575615628914e-16,0.0572892716942423,3.165870343657673e-16
Sample 94 $\theta=0.40$,0.05536854022750341,1.1102230246251565e-16,0.04406162494200927,1.6653345369377348e-16,0.056643731942073214,2.8796409701215e-16,0.191150148297563,2.220446049250313e-16,0.08965497610223977,5.048045315092509e-16
Sample 94 $\theta=0.50$,0.062412588049599954,4.0766001685454967e-17,0.0001361432793431927,2.220446049250313e-16,0.013216062074773466,1.8648277366750676e-17,0.18887451207606537,2.220446049250313e-16,0.06645420323497664,3.5214886562329184e-16
Sample 94 $\theta=0.60$,0.25027419281924757,3.885780586188048e-16,0.08272527435725957,3.3306690738754696e-16,0.23246650624811355,1.2021633688519273e-15,0.048461382140653764,2.220446049250313e-16,0.009708838538528802,1.942890293094024e-16
Sample 94 $\theta=0.70$,0.046386121088981117,3.8163916471489756e-17,0.3873030648262587,2.914335439641036e-16,0.014907275044668974,1.8604909279851256e-16,0.40865007923832514,2.7755575615628914e-16,0.05169838149935668,2.992397996059992e-16
Sample 94 $\theta=0.80$,0.14112678609201718,3.3306690738754696e-16,0.04957038598149205,3.3306690738754696e-16,0.21409836122883513,1.124100812432971e-15,0.034340174976100146,2.220446049250313e-16,0.07561478311061473,1.6653345369377348e-16
Sample 94 $\theta=0.90$,0.5170834901320063,8.881784197001252e-16,0.3945169560540337,1.5265566588595902e-16,0.15055743351067385,3.3306690738754696e-16,0.15086202903311174,3.3306690738754696e-16,0.465077521229021,2.7200464103316335e-15
Sample 95 $\theta=0.00$,6.884453338895646e-05,5.551115123125783e-16,0.5951223834165454,2.220446049250313e-16,5.137906059826669e-05,5.551115123125783e-16,0.34182155530476543,7.771561172376096e-16,0.035257012081003514,4.440892098500626e-16
Sample 95 $\theta=0.10$,8.116140455971532e-05,5.551115123125783e-16,0.5641802682816777,2.220446049250313e-16,6.115235157666543e-05,5.551115123125783e-16,0.32405612365404224,7.771561172376096e-16,0.033420639841656774,4.440892098500626e-16
Sample 95 $\theta=0.20$,0.000846726083537086,5.551115123125783e-16,0.5784727607165069,2.220446049250313e-16,0.0006686718015704862,5.551115123125783e-16,0.3323229054653313,7.771561172376096e-16,0.034301729754960264,4.440892098500626e-16
Sample 95 $\theta=0.30$,0.08318376830061813,6.661338147750939e-16,0.05485349962567998,2.7755575615628914e-16,0.008884294456672603,3.3306690738754696e-16,0.20957574487042985,3.885780586188048e-16,0.0937762702577627,1.1102230246251565e-16
Sample 95 $\theta=0.40$,0.08277452009987196,6.661338147750939e-16,0.03653267215745459,2.7755575615628914e-16,0.008812501324726774,3.3306690738754696e-16,0.2204854436538628,3.885780586188048e-16,0.09332647335849154,1.1102230246251565e-16
Sample 95 $\theta=0.50$,0.08258109222600707,6.661338147750939e-16,0.009155414173318666,3.3306690738754696e-16,0.008759441997170603,3.3306690738754696e-16,0.24672399582371773,3.885780586188048e-16,0.09081594066579224,1.1102230246251565e-16
Sample 95 $\theta=0.60$,0.10289568062629595,6.661338147750939e-16,0.08966190820713327,2.220446049250313e-16,0.0470664792569544,1.1102230246251565e-16,0.17955174977338673,3.885780586188048e-16,0.03455267430714115,4.440892098500626e-16
Sample 95 $\theta=0.70$,0.08540451046920106,6.661338147750939e-16,0.024697361709236032,3.3306690738754696e-16,0.012073636290231393,3.3306690738754696e-16,0.25421466974805873,3.885780586188048e-16,0.0833776592573936,2.220446049250313e-16
Sample 95 $\theta=0.80$,0.8658145325476194,1.2212453270876722e-15,0.07739536630860738,4.440892098500626e-16,0.3838808076697757,2.1180973641676815e-15,0.0387755977891735,2.220446049250313e-16,0.2439415693311196,1.5126788710517758e-15
Sample 95 $\theta=0.90$,0.23857412533140232,7.771561172376096e-16,0.35350511280674196,1.5265566588595902e-16,0.052143094359389686,7.771561172376096e-16,0.023361703496450226,4.440892098500626e-16,0.019891378977277663,4.440892098500626e-16
Sample 96 $\theta=0.00$,2.204846004261185e-05,5.551115123125783e-16,0.6770207203574862,3.3306690738754696e-16,2.1293378562825538e-05,5.551115123125783e-16,0.3888921538588598,7.771561172376096e-16,0.040091100554366155,4.440892098500626e-16
Sample 96 $\theta=0.10$,2.204846004261185e-05,5.551115123125783e-16,0.6770207203574862,3.3306690738754696e-16,2.1293378562825538e-05,5.551115123125783e-16,0.3888921538588598,7.771561172376096e-16,0.040091100554366155,4.440892098500626e-16
Sample 96 $\theta=0.20$,2.5478494000363838e-05,5.551115123125783e-16,0.5907403575548086,2.220446049250313e-16,2.5204379932031173e-05,5.551115123125783e-16,0.3393393029169611,7.771561172376096e-16,0.03501633042648755,4.440892098500626e-16
Sample 96 $\theta=0.30$,3.112292063822686e-05,5.551115123125783e-16,0.6060976011326118,2.7755575615628914e-16,3.088291286335032e-05,5.551115123125783e-16,0.34812564154031145,7.771561172376096e-16,0.03595920464763047,4.440892098500626e-16
Sample 96 $\theta=0.40$,0.08261111596661175,6.661338147750939e-16,0.006389791690692648,3.3306690738754696e-16,0.009289599562242845,3.3306690738754696e-16,0.24539227360692384,3.885780586188048e-16,0.0905732065513788,1.1102230246251565e-16
Sample 96 $\theta=0.50$,0.08230859905391608,6.661338147750939e-16,0.06599576960337511,2.220446049250313e-16,0.008614750493086465,3.3306690738754696e-16,0.20374256611277697,3.885780586188048e-16,0.09574295187842152,1.1102230246251565e-16
Sample 96 $\theta=0.60$,0.08255587054536073,6.661338147750939e-16,0.06415273863677545,2.220446049250313e-16,0.00858145419809575,3.3306690738754696e-16,0.20455730169594988,3.885780586188048e-16,0.09532341399618671,1.1102230246251565e-16
Sample 96 $\theta=0.70$,0.07638976907978745,6.661338147750939e-16,0.05994258883114317,4.440892098500626e-16,0.02075211855887904,2.220446049250313e-16,0.2714057012419011,3.885780586188048e-16,0.0767910537086689,2.220446049250313e-16
Sample 96 $\theta=0.80$,0.08236858747752973,2.220446049250313e-16,0.39239031121390605,1.942890293094024e-16,0.29401074678334127,1.2212453270876722e-15,0.164186981629595,3.3306690738754696e-16,0.18352378879378173,1.27675647831893e-15
Sample 96 $\theta=0.90$,0.04672686093580358,3.3306690738754696e-16,0.10127224361398096,4.440892098500626e-16,0.2131960963111975,1.1102230246251565e-15,0.12819887223075976,2.7755575615628914e-16,0.14836344424938797,1.1102230246251565e-15
Sample 97 $\theta=0.00$,0.0772965550300817,5.551115123125783e-16,0.3539402295105814,7.771561172376096e-16,0.021562251963000434,1.1102230246251565e-16,0.5387778291457896,2.220446049250313e-16,0.12370950051863783,0.0
Sample 97 $\theta=0.10$,0.531888469703979,9.992007221626409e-16,0.16998264804151475,1.1102230246251565e-16,0.9322119105616253,5.037636974236648e-15,0.037949131885711584,4.440892098500626e-16,0.6357034234041146,2.6645352591003757e-15
Sample 97 $\theta=0.20$,0.10841743563855416,3.885780586188048e-16,0.29698062596902264,3.885780586188048e-16,0.6958644863223757,3.578734530940153e-15,0.39133115103191163,2.7755575615628914e-17,0.7799619965808373,3.552713678800501e-15
Sample 97 $\theta=0.30$,0.6472170449193742,1.2212453270876722e-15,0.038753482216830115,2.220446049250313e-16,0.6966559164338928,3.816391647148976e-15,0.091768763449672,2.7755575615628914e-16,0.3321693283254803,1.2212453270876722e-15
Sample 97 $\theta=0.40$,0.3788038838440646,8.881784197001252e-16,0.09184692354193646,5.551115123125783e-16,0.4899487766769841,2.1094237467877974e-15,0.13851053485990583,3.3306690738754696e-16,0.7412522832769353,4.107825191113079e-15
Sample 97 $\theta=0.50$,0.34482833494422427,7.771561172376096e-16,0.03635041274730666,4.440892098500626e-16,0.6032972966136352,2.7755575615628914e-15,0.036572777216110075,3.3306690738754696e-16,0.8464277412149802,4.588343593958655e-15
Sample 97 $\theta=0.60$,0.7149938395321582,1.1102230246251565e-15,0.06957261719802882,2.7755575615628914e-16,0.161126949177533,1.0269562977782698e-15,0.034715314816346377,2.7755575615628914e-16,0.3504074479469095,2.0539125955565396e-15
Sample 97 $\theta=0.70$,0.13426353052507434,2.498001805406602e-16,0.0679985661203315,3.3306690738754696e-16,0.1045275379415466,5.117434254131581e-16,0.10364349360339686,2.220446049250313e-16,0.0887525933948094,5.273559366969494e-16
Sample 97 $\theta=0.80$,0.6611610886488699,8.881784197001252e-16,0.3069802348621244,1.6653345369377348e-16,0.4630565850315089,2.6645352591003757e-15,0.15634251583409403,2.7755575615628914e-16,0.029883756508601644,1.6653345369377348e-16
Sample 97 $\theta=0.90$,0.473012298509504,7.771561172376096e-16,0.4017672181769939,1.734723475976807e-16,0.1386734474285387,3.3306690738754696e-16,0.13680819027488095,3.3306690738754696e-16,0.40751782230344635,2.4424906541753444e-15
Sample 98 $\theta=0.00$,0.0009618074197182969,5.551115123125783e-16,0.7881531800458866,4.440892098500626e-16,0.0006683316456220778,5.551115123125783e-16,0.4510766711081482,7.771561172376096e-16,0.04635926049756445,4.440892098500626e-16
Sample 98 $\theta=0.10$,0.0011986787438880153,5.551115123125783e-16,0.6737556388264139,2.7755575615628914e-16,0.0012361015169597422,5.551115123125783e-16,0.3845537812324443,7.771561172376096e-16,0.03935797499777105,4.440892098500626e-16
Sample 98 $\theta=0.20$,0.007477733612777038,5.551115123125783e-16,0.612974025006712,2.7755575615628914e-16,0.0010889398023576913,5.551115123125783e-16,0.3297287003726842,7.771561172376096e-16,0.044595624665122235,4.440892098500626e-16
Sample 98 $\theta=0.30$,0.3496003223353181,8.881784197001252e-16,0.007540653896720373,3.3306690738754696e-16,0.11981423768535548,8.881784197001252e-16,0.1578508944957948,2.7755575615628914e-16,0.023161278257901152,6.661338147750939e-16
Sample 98 $\theta=0.40$,0.09328192506493505,6.661338147750939e-16,0.053056783405283636,2.7755575615628914e-16,0.030789577467936757,2.220446049250313e-16,0.20515203396292048,3.885780586188048e-16,0.059602413106890406,3.3306690738754696e-16
Sample 98 $\theta=0.50$,0.2972267559436319,8.881784197001252e-16,0.10504005523652737,2.7755575615628914e-16,0.2001035496044572,6.661338147750939e-16,0.08932989136562208,3.3306690738754696e-16,0.32271389708472586,2.1094237467877974e-15
Sample 98 $\theta=0.60$,0.3394423467571728,5.551115123125783e-17,0.255114543637549,2.7755575615628914e-17,0.47076141099425695,2.1094237467877974e-15,0.08224048524771921,3.885780586188048e-16,0.1854829283033127,1.3322676295501878e-15
Sample 98 $\theta=0.70$,0.23273324567748654,5.551115123125783e-17,0.05498928017675042,2.220446049250313e-16,0.04293915913019419,0.0,0.05104106908239764,3.3306690738754696e-16,0.1850074015831099,5.551115123125783e-16
Sample 98 $\theta=0.80$,0.25877302239992406,6.661338147750939e-16,0.34524164459715395,8.326672684688674e-17,0.351281284696507,1.3322676295501878e-15,0.05214670126337606,3.885780586188048e-16,0.4410585507856726,2.7200464103316335e-15
Sample 98 $\theta=0.90$,0.15502325326501198,6.661338147750939e-16,0.3723413692070866,1.942890293094024e-16,0.09661797215894019,9.992007221626409e-16,0.011657860615636062,4.440892098500626e-16,0.15988811156403138,2.220446049250313e-16
Sample 99 $\theta=0.00$,1.2141601755555342e-05,5.551115123125783e-16,0.6414990600831949,2.7755575615628914e-16,5.030760579893823e-06,5.551115123125783e-16,0.3681054199486318,7.771561172376096e-16,0.038223304815432124,4.440892098500626e-16
Sample 99 $\theta=0.10$,2.7584411957715105e-05,5.551115123125783e-16,0.5497917084303235,1.6653345369377348e-16,7.47356771824137e-05,5.551115123125783e-16,0.31524611097570077,7.771561172376096e-16,0.03287066020901652,4.440892098500626e-16
Sample 99 $\theta=0.20$,0.0001169041869077958,5.551115123125783e-16,0.5284227948657866,1.6653345369377348e-16,9.517797922264926e-05,4.440892098500626e-16,0.30303413082951547,7.771561172376096e-16,0.03160793333722656,4.440892098500626e-16
Sample 99 $\theta=0.30$,0.13713537092666628,7.771561172376096e-16,0.06456099680218153,2.220446049250313e-16,0.11645106967165098,2.220446049250313e-16,0.16486953618758537,3.885780586188048e-16,0.08440443131060338,9.992007221626409e-16
Sample 99 $\theta=0.40$,0.08255547900389648,6.661338147750939e-16,0.006480034561912595,3.3306690738754696e-16,0.009121405518801362,3.3306690738754696e-16,0.23743578009541522,3.885780586188048e-16,0.091175709117708,1.1102230246251565e-16
Sample 99 $\theta=0.50$,0.5078547271598944,9.992007221626409e-16,0.07838466828121443,2.7755575615628914e-16,0.20097754243502597,1.27675647831893e-15,0.07255414149334871,2.7755575615628914e-16,0.08030454160461453,8.881784197001252e-16
Sample 99 $\theta=0.60$,0.5919764703932608,1.1102230246251565e-15,0.1066542208135044,1.1102230246251565e-16,0.6863091122947762,3.802513859341161e-15,0.06812009595945479,3.3306690738754696e-16,0.3763207625156772,1.4432899320127035e-15
Sample 99 $\theta=0.70$,0.08235469904200954,6.661338147750939e-16,0.09810323531354281,5.551115123125783e-16,0.00932814456139941,2.220446049250313e-16,0.29770656791162553,3.885780586188048e-16,0.08504593321757137,2.220446049250313e-16
Sample 99 $\theta=0.80$,0.08255637360257662,6.661338147750939e-16,0.20839988730012493,6.661338147750939e-16,0.010242545372113665,2.220446049250313e-16,0.3609089959735139,3.885780586188048e-16,0.07730481939870748,2.220446049250313e-16
Sample 99 $\theta=0.90$,0.24284170139303052,7.771561172376096e-16,0.08705782364805037,4.440892098500626e-16,0.0037217873183916783,2.220446049250313e-16,0.1811410233932338,2.7755575615628914e-16,0.10040161872347975,9.992007221626409e-16
Sample 100 $\theta=0.00$,0.6780560118654089,3.885780586188048e-16,0.8975521084545494,6.661338147750939e-16,0.3180228989339653,1.2212453270876722e-15,0.6431011196096986,7.771561172376096e-16,0.13412496439856525,2.220446049250313e-16
Sample 100 $\theta=0.10$,0.1592899551530027,5.551115123125783e-16,0.6920192403612854,2.498001805406602e-16,0.6543626159096751,2.886579864025407e-15,0.5476967519696121,6.661338147750939e-16,0.863212446704326,4.697631172945194e-15
Sample 100 $\theta=0.20$,0.6168347880738538,4.3021142204224816e-16,0.44159574364356835,1.6653345369377348e-16,0.6459851404603281,3.1086244689504383e-15,0.3655418813221897,5.551115123125783e-16,0.27153987454425765,1.609823385706477e-15
Sample 100 $\theta=0.30$,0.0597248524184002,4.440892098500626e-16,0.22918736072019463,2.7755575615628914e-17,0.06678246540100374,1.1102230246251565e-16,0.07966371906819225,4.440892098500626e-16,0.04075828306065432,3.3306690738754696e-16
Sample 100 $\theta=0.40$,0.5104867224946463,2.7755575615628914e-16,0.10293160653688327,2.220446049250313e-16,0.5809746061087655,2.886579864025407e-15,0.04500054080681404,2.7755575615628914e-16,0.2175582378124915,1.3877787807814457e-15
Sample 100 $\theta=0.50$,0.31058967132956106,1.3877787807814457e-16,0.015202367746846968,2.7755575615628914e-16,0.4070683480912127,1.887379141862766e-15,0.06840091780898,2.7755575615628914e-16,0.23702141856912673,1.3877787807814457e-15
Sample 100 $\theta=0.60$,0.08189675964640052,6.418476861114186e-17,0.2152641138291752,5.551115123125783e-17,0.04300206931787637,2.6020852139652106e-16,0.30145653185712085,2.7755575615628914e-16,0.0006434155954479215,4.163336342344337e-17
Sample 100 $\theta=0.70$,0.11346360651982296,2.7755575615628914e-17,0.3354079133228238,2.7755575615628914e-16,0.3131595464688492,1.734723475976807e-15,0.2852146046783104,2.7755575615628914e-16,0.3701021834906337,1.6653345369377348e-15
Sample 100 $\theta=0.80$,0.3280317241387518,1.1102230246251565e-16,0.25651353709274965,8.326672684688674e-17,0.15706862741594974,5.551115123125783e-16,0.15798927373292337,3.3306690738754696e-16,0.0851233639048326,1.1102230246251565e-16
Sample 100 $\theta=0.90$,0.2820196601184447,6.661338147750939e-16,0.30963874627323756,5.551115123125783e-17,0.19874289706871973,5.551115123125783e-16,0.023926954547531132,3.885780586188048e-16,0.29510991636348105,1.9984014443252818e-15
