target,family,split_seed,dose,weight_source,mean_total_variation,mean_jensen_shannon_divergence,top1_semantic_answer_agreement,correctness_agreement,vector_overall_total_variation,vector_endpoint_delta,scalar_endpoint_delta,endpoint_direction_support,fit_selected_single_peer,single_peer_overall_total_variation,vector_convexity_improvement,scalar_convexity_improvement,convexity_direction_support,vector_sibling_removal_inflation,scalar_sibling_removal_inflation,sibling_direction_support,scalar_vector_weight_l1_change,scalar_vector_weight_l2_change
Qwen/Qwen2.5-7B-Instruct,content_deletion,20260828,0,scalar_fitted,0.32366747679383989,0.12778777982467546,0.71785714285714286,0.86428571428571432,0.3515390169156542,0.042498480428153185,0.0094729890211253942,True,TIGER-Lab/General-Reasoner-Qwen2.5-7B,0.31804417950670572,-0.033494837408948486,-0.019446293481282129,True,0.13437242475057265,0.075120550404533748,True,0.07601774617981101,0.032032896747294849
Qwen/Qwen2.5-7B-Instruct,content_deletion,20260828,0.10000000000000001,scalar_fitted,0.34660742663071847,0.13796162440660018,0.6880952380952382,0.85595238095238102,0.3515390169156542,0.042498480428153185,0.0094729890211253942,True,TIGER-Lab/General-Reasoner-Qwen2.5-7B,0.31804417950670572,-0.033494837408948486,-0.019446293481282129,True,0.13437242475057265,0.075120550404533748,True,0.07601774617981101,0.032032896747294849
Qwen/Qwen2.5-7B-Instruct,content_deletion,20260828,0.20000000000000001,scalar_fitted,0.35506176412979418,0.14237641175047,0.68571428571428572,0.85238095238095235,0.3515390169156542,0.042498480428153185,0.0094729890211253942,True,TIGER-Lab/General-Reasoner-Qwen2.5-7B,0.31804417950670572,-0.033494837408948486,-0.019446293481282129,True,0.13437242475057265,0.075120550404533748,True,0.07601774617981101,0.032032896747294849
Qwen/Qwen2.5-7B-Instruct,content_deletion,20260828,0.29999999999999999,scalar_fitted,0.36619245980192544,0.14713088819847289,0.67261904761904756,0.84642857142857142,0.3515390169156542,0.042498480428153185,0.0094729890211253942,True,TIGER-Lab/General-Reasoner-Qwen2.5-7B,0.31804417950670572,-0.033494837408948486,-0.019446293481282129,True,0.13437242475057265,0.075120550404533748,True,0.07601774617981101,0.032032896747294849
Qwen/Qwen2.5-7B-Instruct,content_deletion,20260828,0.40000000000000002,scalar_fitted,0.36616595722199308,0.1473682898725221,0.68452380952380953,0.8666666666666667,0.3515390169156542,0.042498480428153185,0.0094729890211253942,True,TIGER-Lab/General-Reasoner-Qwen2.5-7B,0.31804417950670572,-0.033494837408948486,-0.019446293481282129,True,0.13437242475057265,0.075120550404533748,True,0.07601774617981101,0.032032896747294849
Qwen/Qwen2.5-7B-Instruct,content_deletion,20260828,0,vector_fitted,0.32642465921451724,0.12909051779146394,0.7142857142857143,0.86428571428571432,0.35449647101733406,0.042542803148878816,0.0094729890211253942,True,TIGER-Lab/General-Reasoner-Qwen2.5-7B,0.31804417950670572,-0.036452291510628343,-0.019446293481282129,True,0.13437242475057265,0.075120550404533748,True,0.07601774617981101,0.032032896747294849
Qwen/Qwen2.5-7B-Instruct,content_deletion,20260828,0.10000000000000001,vector_fitted,0.34978253087697297,0.13956180879926314,0.68333333333333324,0.85238095238095246,0.35449647101733406,0.042542803148878816,0.0094729890211253942,True,TIGER-Lab/General-Reasoner-Qwen2.5-7B,0.31804417950670572,-0.036452291510628343,-0.019446293481282129,True,0.13437242475057265,0.075120550404533748,True,0.07601774617981101,0.032032896747294849
Qwen/Qwen2.5-7B-Instruct,content_deletion,20260828,0.20000000000000001,vector_fitted,0.35836657149337481,0.14403682061662504,0.68333333333333324,0.85119047619047628,0.35449647101733406,0.042542803148878816,0.0094729890211253942,True,TIGER-Lab/General-Reasoner-Qwen2.5-7B,0.31804417950670572,-0.036452291510628343,-0.019446293481282129,True,0.13437242475057265,0.075120550404533748,True,0.07601774617981101,0.032032896747294849
Qwen/Qwen2.5-7B-Instruct,content_deletion,20260828,0.29999999999999999,vector_fitted,0.36894113113840937,0.14847327804633612,0.67023809523809519,0.84642857142857142,0.35449647101733406,0.042542803148878816,0.0094729890211253942,True,TIGER-Lab/General-Reasoner-Qwen2.5-7B,0.31804417950670572,-0.036452291510628343,-0.019446293481282129,True,0.13437242475057265,0.075120550404533748,True,0.07601774617981101,0.032032896747294849
Qwen/Qwen2.5-7B-Instruct,content_deletion,20260828,0.40000000000000002,vector_fitted,0.36896746236339606,0.14870575710429879,0.68333333333333324,0.8654761904761904,0.35449647101733406,0.042542803148878816,0.0094729890211253942,True,TIGER-Lab/General-Reasoner-Qwen2.5-7B,0.31804417950670572,-0.036452291510628343,-0.019446293481282129,True,0.13437242475057265,0.075120550404533748,True,0.07601774617981101,0.032032896747294849
Qwen/Qwen2.5-7B-Instruct,content_deletion,20260829,0,scalar_fitted,0.31750282673319241,0.1247010157489144,0.7321428571428571,0.86428571428571432,0.3254193666398254,0.020990200623457689,0.0039075915724342269,True,TIGER-Lab/General-Reasoner-Qwen2.5-7B,0.29952073089254122,-0.025898635747284182,-0.013763857709699401,True,0.13073288448735598,0.073617485205986904,True,0.084793932558924839,0.039329941734521916
Qwen/Qwen2.5-7B-Instruct,content_deletion,20260829,0.10000000000000001,scalar_fitted,0.31666958578043158,0.12423317061565631,0.72023809523809523,0.88333333333333341,0.3254193666398254,0.020990200623457689,0.0039075915724342269,True,TIGER-Lab/General-Reasoner-Qwen2.5-7B,0.29952073089254122,-0.025898635747284182,-0.013763857709699401,True,0.13073288448735598,0.073617485205986904,True,0.084793932558924839,0.039329941734521916
Qwen/Qwen2.5-7B-Instruct,content_deletion,20260829,0.20000000000000001,scalar_fitted,0.318574756157459,0.1261651196786594,0.72142857142857142,0.86785714285714288,0.3254193666398254,0.020990200623457689,0.0039075915724342269,True,TIGER-Lab/General-Reasoner-Qwen2.5-7B,0.29952073089254122,-0.025898635747284182,-0.013763857709699401,True,0.13073288448735598,0.073617485205986904,True,0.084793932558924839,0.039329941734521916
Qwen/Qwen2.5-7B-Instruct,content_deletion,20260829,0.29999999999999999,scalar_fitted,0.33585663717139369,0.13357728102316443,0.70357142857142863,0.85833333333333328,0.3254193666398254,0.020990200623457689,0.0039075915724342269,True,TIGER-Lab/General-Reasoner-Qwen2.5-7B,0.29952073089254122,-0.025898635747284182,-0.013763857709699401,True,0.13073288448735598,0.073617485205986904,True,0.084793932558924839,0.039329941734521916
Qwen/Qwen2.5-7B-Instruct,content_deletion,20260829,0.40000000000000002,scalar_fitted,0.3384930273566501,0.13464168128271153,0.70833333333333337,0.8666666666666667,0.3254193666398254,0.020990200623457689,0.0039075915724342269,True,TIGER-Lab/General-Reasoner-Qwen2.5-7B,0.29952073089254122,-0.025898635747284182,-0.013763857709699401,True,0.13073288448735598,0.073617485205986904,True,0.084793932558924839,0.039329941734521916
Qwen/Qwen2.5-7B-Instruct,content_deletion,20260829,0,vector_fitted,0.31835481215042599,0.12503357629242931,0.73928571428571432,0.87142857142857144,0.32646576473561967,0.021312030818136873,0.0039075915724342269,True,TIGER-Lab/General-Reasoner-Qwen2.5-7B,0.29952073089254122,-0.026945033843078448,-0.013763857709699401,True,0.13073288448735598,0.073617485205986904,True,0.084793932558924839,0.039329941734521916
Qwen/Qwen2.5-7B-Instruct,content_deletion,20260829,0.10000000000000001,vector_fitted,0.3172967947612832,0.12456567984017798,0.72738095238095246,0.88571428571428568,0.32646576473561967,0.021312030818136873,0.0039075915724342269,True,TIGER-Lab/General-Reasoner-Qwen2.5-7B,0.29952073089254122,-0.026945033843078448,-0.013763857709699401,True,0.13073288448735598,0.073617485205986904,True,0.084793932558924839,0.039329941734521916
Qwen/Qwen2.5-7B-Instruct,content_deletion,20260829,0.20000000000000001,vector_fitted,0.3199288987950612,0.12680079084075027,0.72261904761904761,0.86904761904761896,0.32646576473561967,0.021312030818136873,0.0039075915724342269,True,TIGER-Lab/General-Reasoner-Qwen2.5-7B,0.29952073089254122,-0.026945033843078448,-0.013763857709699401,True,0.13073288448735598,0.073617485205986904,True,0.084793932558924839,0.039329941734521916
Qwen/Qwen2.5-7B-Instruct,content_deletion,20260829,0.29999999999999999,vector_fitted,0.33708147500276525,0.13407184990196128,0.69761904761904769,0.8571428571428571,0.32646576473561967,0.021312030818136873,0.0039075915724342269,True,TIGER-Lab/General-Reasoner-Qwen2.5-7B,0.29952073089254122,-0.026945033843078448,-0.013763857709699401,True,0.13073288448735598,0.073617485205986904,True,0.084793932558924839,0.039329941734521916
Qwen/Qwen2.5-7B-Instruct,content_deletion,20260829,0.40000000000000002,vector_fitted,0.33966684296856287,0.13517411751309735,0.70833333333333326,0.8666666666666667,0.32646576473561967,0.021312030818136873,0.0039075915724342269,True,TIGER-Lab/General-Reasoner-Qwen2.5-7B,0.29952073089254122,-0.026945033843078448,-0.013763857709699401,True,0.13073288448735598,0.073617485205986904,True,0.084793932558924839,0.039329941734521916
Qwen/Qwen2.5-7B-Instruct,content_deletion,20260830,0,scalar_fitted,0.32856539336165874,0.12879156637364217,0.69999999999999996,0.84285714285714286,0.34015951488307283,0.01602122548663415,-0.0074408383705538705,False,TIGER-Lab/General-Reasoner-Qwen2.5-7B,0.31754769845365854,-0.022611816429414289,-0.01097069046120927,True,0.12869225731370193,0.0613964461476805,True,0.12787990882201977,0.056463363240341582
Qwen/Qwen2.5-7B-Instruct,content_deletion,20260830,0.10000000000000001,scalar_fitted,0.34139333085459145,0.13623846573015891,0.69166666666666676,0.87142857142857144,0.34015951488307283,0.01602122548663415,-0.0074408383705538705,False,TIGER-Lab/General-Reasoner-Qwen2.5-7B,0.31754769845365854,-0.022611816429414289,-0.01097069046120927,True,0.12869225731370193,0.0613964461476805,True,0.12787990882201977,0.056463363240341582
Qwen/Qwen2.5-7B-Instruct,content_deletion,20260830,0.20000000000000001,scalar_fitted,0.34178538909082068,0.13600923780740759,0.67500000000000004,0.86785714285714288,0.34015951488307283,0.01602122548663415,-0.0074408383705538705,False,TIGER-Lab/General-Reasoner-Qwen2.5-7B,0.31754769845365854,-0.022611816429414289,-0.01097069046120927,True,0.12869225731370193,0.0613964461476805,True,0.12787990882201977,0.056463363240341582
Qwen/Qwen2.5-7B-Instruct,content_deletion,20260830,0.29999999999999999,scalar_fitted,0.34446684226000063,0.13506703708842635,0.68333333333333335,0.87380952380952392,0.34015951488307283,0.01602122548663415,-0.0074408383705538705,False,TIGER-Lab/General-Reasoner-Qwen2.5-7B,0.31754769845365854,-0.022611816429414289,-0.01097069046120927,True,0.12869225731370193,0.0613964461476805,True,0.12787990882201977,0.056463363240341582
Qwen/Qwen2.5-7B-Instruct,content_deletion,20260830,0.40000000000000002,scalar_fitted,0.34458661884829289,0.13568216464284238,0.69880952380952377,0.88333333333333341,0.34015951488307283,0.01602122548663415,-0.0074408383705538705,False,TIGER-Lab/General-Reasoner-Qwen2.5-7B,0.31754769845365854,-0.022611816429414289,-0.01097069046120927,True,0.12869225731370193,0.0613964461476805,True,0.12787990882201977,0.056463363240341582
Qwen/Qwen2.5-7B-Instruct,content_deletion,20260830,0,vector_fitted,0.33326934816053677,0.13059474436213256,0.6964285714285714,0.8392857142857143,0.34549104903725353,0.016847876006652496,-0.0074408383705538705,False,TIGER-Lab/General-Reasoner-Qwen2.5-7B,0.31754769845365854,-0.027943350583594984,-0.01097069046120927,True,0.12869225731370193,0.0613964461476805,True,0.12787990882201977,0.056463363240341582
Qwen/Qwen2.5-7B-Instruct,content_deletion,20260830,0.10000000000000001,vector_fitted,0.34647805137400811,0.13804345996192915,0.68571428571428572,0.87261904761904752,0.34549104903725353,0.016847876006652496,-0.0074408383705538705,False,TIGER-Lab/General-Reasoner-Qwen2.5-7B,0.31754769845365854,-0.027943350583594984,-0.01097069046120927,True,0.12869225731370193,0.0613964461476805,True,0.12787990882201977,0.056463363240341582
Qwen/Qwen2.5-7B-Instruct,content_deletion,20260830,0.20000000000000001,vector_fitted,0.34755349400875357,0.13813497827588114,0.67380952380952375,0.86904761904761907,0.34549104903725353,0.016847876006652496,-0.0074408383705538705,False,TIGER-Lab/General-Reasoner-Qwen2.5-7B,0.31754769845365854,-0.027943350583594984,-0.01097069046120927,True,0.12869225731370193,0.0613964461476805,True,0.12787990882201977,0.056463363240341582
Qwen/Qwen2.5-7B-Instruct,content_deletion,20260830,0.29999999999999999,vector_fitted,0.35003712747578014,0.13744091385236726,0.68095238095238086,0.87261904761904763,0.34549104903725353,0.016847876006652496,-0.0074408383705538705,False,TIGER-Lab/General-Reasoner-Qwen2.5-7B,0.31754769845365854,-0.027943350583594984,-0.01097069046120927,True,0.12869225731370193,0.0613964461476805,True,0.12787990882201977,0.056463363240341582
Qwen/Qwen2.5-7B-Instruct,content_deletion,20260830,0.40000000000000002,vector_fitted,0.35011722416718927,0.13803834579552465,0.69999999999999996,0.88571428571428568,0.34549104903725353,0.016847876006652496,-0.0074408383705538705,False,TIGER-Lab/General-Reasoner-Qwen2.5-7B,0.31754769845365854,-0.027943350583594984,-0.01097069046120927,True,0.12869225731370193,0.0613964461476805,True,0.12787990882201977,0.056463363240341582
Qwen/Qwen2.5-7B-Instruct,content_deletion,20260831,0,scalar_fitted,0.31304913517738614,0.12470345909573284,0.70714285714285718,0.84999999999999998,0.33302443668696718,0.031494646982105245,0.0053233010975717865,True,TIGER-Lab/General-Reasoner-Qwen2.5-7B,0.30948930459581037,-0.023535132091156818,-0.011519912728435472,True,0.13986951399423148,0.071136676347738681,True,0.12214935978331315,0.054556245282545102
Qwen/Qwen2.5-7B-Instruct,content_deletion,20260831,0.10000000000000001,scalar_fitted,0.3283802262778277,0.13133917903246492,0.70952380952380945,0.87380952380952381,0.33302443668696718,0.031494646982105245,0.0053233010975717865,True,TIGER-Lab/General-Reasoner-Qwen2.5-7B,0.30948930459581037,-0.023535132091156818,-0.011519912728435472,True,0.13986951399423148,0.071136676347738681,True,0.12214935978331315,0.054556245282545102
Qwen/Qwen2.5-7B-Instruct,content_deletion,20260831,0.20000000000000001,scalar_fitted,0.33198454414857009,0.13397467518942921,0.69404761904761902,0.8571428571428571,0.33302443668696718,0.031494646982105245,0.0053233010975717865,True,TIGER-Lab/General-Reasoner-Qwen2.5-7B,0.30948930459581037,-0.023535132091156818,-0.011519912728435472,True,0.13986951399423148,0.071136676347738681,True,0.12214935978331315,0.054556245282545102
Qwen/Qwen2.5-7B-Instruct,content_deletion,20260831,0.29999999999999999,scalar_fitted,0.34716449567156066,0.13995553676530281,0.68333333333333324,0.86309523809523814,0.33302443668696718,0.031494646982105245,0.0053233010975717865,True,TIGER-Lab/General-Reasoner-Qwen2.5-7B,0.30948930459581037,-0.023535132091156818,-0.011519912728435472,True,0.13986951399423148,0.071136676347738681,True,0.12214935978331315,0.054556245282545102
Qwen/Qwen2.5-7B-Instruct,content_deletion,20260831,0.40000000000000002,scalar_fitted,0.34454378215949139,0.13836162986803799,0.70833333333333337,0.88571428571428568,0.33302443668696718,0.031494646982105245,0.0053233010975717865,True,TIGER-Lab/General-Reasoner-Qwen2.5-7B,0.30948930459581037,-0.023535132091156818,-0.011519912728435472,True,0.13986951399423148,0.071136676347738681,True,0.12214935978331315,0.054556245282545102
Qwen/Qwen2.5-7B-Instruct,content_deletion,20260831,0,vector_fitted,0.31628023337784633,0.12583946968049262,0.69999999999999996,0.84642857142857142,0.33638369897956943,0.032004977280457314,0.0053233010975717865,True,TIGER-Lab/General-Reasoner-Qwen2.5-7B,0.30948930459581037,-0.026894394383759068,-0.011519912728435472,True,0.13986951399423148,0.071136676347738681,True,0.12214935978331315,0.054556245282545102
Qwen/Qwen2.5-7B-Instruct,content_deletion,20260831,0.10000000000000001,vector_fitted,0.33130758484486622,0.13236349359266739,0.70833333333333337,0.87619047619047608,0.33638369897956943,0.032004977280457314,0.0053233010975717865,True,TIGER-Lab/General-Reasoner-Qwen2.5-7B,0.30948930459581037,-0.026894394383759068,-0.011519912728435472,True,0.13986951399423148,0.071136676347738681,True,0.12214935978331315,0.054556245282545102
Qwen/Qwen2.5-7B-Instruct,content_deletion,20260831,0.20000000000000001,vector_fitted,0.33571992432345638,0.13525597799066311,0.6964285714285714,0.85952380952380947,0.33638369897956943,0.032004977280457314,0.0053233010975717865,True,TIGER-Lab/General-Reasoner-Qwen2.5-7B,0.30948930459581037,-0.026894394383759068,-0.011519912728435472,True,0.13986951399423148,0.071136676347738681,True,0.12214935978331315,0.054556245282545102
Qwen/Qwen2.5-7B-Instruct,content_deletion,20260831,0.29999999999999999,vector_fitted,0.35032554169337454,0.1409957733960345,0.67380952380952375,0.85952380952380958,0.33638369897956943,0.032004977280457314,0.0053233010975717865,True,TIGER-Lab/General-Reasoner-Qwen2.5-7B,0.30948930459581037,-0.026894394383759068,-0.011519912728435472,True,0.13986951399423148,0.071136676347738681,True,0.12214935978331315,0.054556245282545102
Qwen/Qwen2.5-7B-Instruct,content_deletion,20260831,0.40000000000000002,vector_fitted,0.34828521065830365,0.13970976226786752,0.70357142857142863,0.8833333333333333,0.33638369897956943,0.032004977280457314,0.0053233010975717865,True,TIGER-Lab/General-Reasoner-Qwen2.5-7B,0.30948930459581037,-0.026894394383759068,-0.011519912728435472,True,0.13986951399423148,0.071136676347738681,True,0.12214935978331315,0.054556245282545102
Qwen/Qwen2.5-7B-Instruct,content_deletion,20260832,0,scalar_fitted,0.31769763340191326,0.12633601000137357,0.75357142857142856,0.875,0.33813270468005896,0.036194114413009237,0.0043909488441528643,True,TIGER-Lab/General-Reasoner-Qwen2.5-7B,0.30623669863782682,-0.031896006042232139,-0.020514350648255214,True,0.13718550972597082,0.073098998415835142,True,0.08642748960009454,0.039112967431666389
Qwen/Qwen2.5-7B-Instruct,content_deletion,20260832,0.10000000000000001,scalar_fitted,0.32805637578017693,0.12939618612293746,0.71666666666666679,0.87976190476190474,0.33813270468005896,0.036194114413009237,0.0043909488441528643,True,TIGER-Lab/General-Reasoner-Qwen2.5-7B,0.30623669863782682,-0.031896006042232139,-0.020514350648255214,True,0.13718550972597082,0.073098998415835142,True,0.08642748960009454,0.039112967431666389
Qwen/Qwen2.5-7B-Instruct,content_deletion,20260832,0.20000000000000001,scalar_fitted,0.33696833760041373,0.13551115996032956,0.70476190476190481,0.86309523809523814,0.33813270468005896,0.036194114413009237,0.0043909488441528643,True,TIGER-Lab/General-Reasoner-Qwen2.5-7B,0.30623669863782682,-0.031896006042232139,-0.020514350648255214,True,0.13718550972597082,0.073098998415835142,True,0.08642748960009454,0.039112967431666389
Qwen/Qwen2.5-7B-Instruct,content_deletion,20260832,0.29999999999999999,scalar_fitted,0.35404942880286838,0.14348979181796584,0.6785714285714286,0.85595238095238102,0.33813270468005896,0.036194114413009237,0.0043909488441528643,True,TIGER-Lab/General-Reasoner-Qwen2.5-7B,0.30623669863782682,-0.031896006042232139,-0.020514350648255214,True,0.13718550972597082,0.073098998415835142,True,0.08642748960009454,0.039112967431666389
Qwen/Qwen2.5-7B-Instruct,content_deletion,20260832,0.40000000000000002,scalar_fitted,0.3538917478149225,0.14209826473113374,0.68928571428571428,0.87142857142857144,0.33813270468005896,0.036194114413009237,0.0043909488441528643,True,TIGER-Lab/General-Reasoner-Qwen2.5-7B,0.30623669863782682,-0.031896006042232139,-0.020514350648255214,True,0.13718550972597082,0.073098998415835142,True,0.08642748960009454,0.039112967431666389
Qwen/Qwen2.5-7B-Instruct,content_deletion,20260832,0,vector_fitted,0.32002915020709333,0.12706208286972101,0.74642857142857144,0.875,0.34094056813793888,0.03668182258629693,0.0043909488441528643,True,TIGER-Lab/General-Reasoner-Qwen2.5-7B,0.30623669863782682,-0.034703869500112061,-0.020514350648255214,True,0.13718550972597082,0.073098998415835142,True,0.08642748960009454,0.039112967431666389
Qwen/Qwen2.5-7B-Instruct,content_deletion,20260832,0.10000000000000001,vector_fitted,0.33090072763504175,0.13036982938878028,0.71071428571428574,0.87738095238095237,0.34094056813793888,0.03668182258629693,0.0043909488441528643,True,TIGER-Lab/General-Reasoner-Qwen2.5-7B,0.30623669863782682,-0.034703869500112061,-0.020514350648255214,True,0.13718550972597082,0.073098998415835142,True,0.08642748960009454,0.039112967431666389
Qwen/Qwen2.5-7B-Instruct,content_deletion,20260832,0.20000000000000001,vector_fitted,0.34016951052114608,0.1366083369274167,0.70833333333333337,0.8654761904761904,0.34094056813793888,0.03668182258629693,0.0043909488441528643,True,TIGER-Lab/General-Reasoner-Qwen2.5-7B,0.30623669863782682,-0.034703869500112061,-0.020514350648255214,True,0.13718550972597082,0.073098998415835142,True,0.08642748960009454,0.039112967431666389
Qwen/Qwen2.5-7B-Instruct,content_deletion,20260832,0.29999999999999999,vector_fitted,0.35689247953302317,0.14431799018197572,0.68095238095238098,0.85595238095238091,0.34094056813793888,0.03668182258629693,0.0043909488441528643,True,TIGER-Lab/General-Reasoner-Qwen2.5-7B,0.30623669863782682,-0.034703869500112061,-0.020514350648255214,True,0.13718550972597082,0.073098998415835142,True,0.08642748960009454,0.039112967431666389
Qwen/Qwen2.5-7B-Instruct,content_deletion,20260832,0.40000000000000002,vector_fitted,0.35671097279339026,0.1429177495624199,0.68928571428571428,0.87142857142857144,0.34094056813793888,0.03668182258629693,0.0043909488441528643,True,TIGER-Lab/General-Reasoner-Qwen2.5-7B,0.30623669863782682,-0.034703869500112061,-0.020514350648255214,True,0.13718550972597082,0.073098998415835142,True,0.08642748960009454,0.039112967431666389
Qwen/Qwen2.5-7B-Instruct,content_deletion,20260833,0,scalar_fitted,0.31707090574568514,0.12236473245617414,0.69285714285714284,0.81785714285714284,0.34249111053711256,0.038625523489270286,-0.002283156924446722,False,TIGER-Lab/General-Reasoner-Qwen2.5-7B,0.32473134976878948,-0.017759760768323085,-0.010300225819932285,True,0.13612282975126117,0.072140240921667931,True,0.15150857177704077,0.070204771599309837
Qwen/Qwen2.5-7B-Instruct,content_deletion,20260833,0.10000000000000001,scalar_fitted,0.33808751274588972,0.13446067157553543,0.68452380952380965,0.8488095238095239,0.34249111053711256,0.038625523489270286,-0.002283156924446722,False,TIGER-Lab/General-Reasoner-Qwen2.5-7B,0.32473134976878948,-0.017759760768323085,-0.010300225819932285,True,0.13612282975126117,0.072140240921667931,True,0.15150857177704077,0.070204771599309837
Qwen/Qwen2.5-7B-Instruct,content_deletion,20260833,0.20000000000000001,scalar_fitted,0.34503506763663339,0.13853283670653982,0.66547619047619044,0.83809523809523812,0.34249111053711256,0.038625523489270286,-0.002283156924446722,False,TIGER-Lab/General-Reasoner-Qwen2.5-7B,0.32473134976878948,-0.017759760768323085,-0.010300225819932285,True,0.13612282975126117,0.072140240921667931,True,0.15150857177704077,0.070204771599309837
Qwen/Qwen2.5-7B-Instruct,content_deletion,20260833,0.29999999999999999,scalar_fitted,0.35656563732239932,0.14401931965816159,0.66785714285714282,0.84166666666666679,0.34249111053711256,0.038625523489270286,-0.002283156924446722,False,TIGER-Lab/General-Reasoner-Qwen2.5-7B,0.32473134976878948,-0.017759760768323085,-0.010300225819932285,True,0.13612282975126117,0.072140240921667931,True,0.15150857177704077,0.070204771599309837
Qwen/Qwen2.5-7B-Instruct,content_deletion,20260833,0.40000000000000002,scalar_fitted,0.35569642923495542,0.14335985429360443,0.67500000000000004,0.84999999999999998,0.34249111053711256,0.038625523489270286,-0.002283156924446722,False,TIGER-Lab/General-Reasoner-Qwen2.5-7B,0.32473134976878948,-0.017759760768323085,-0.010300225819932285,True,0.13612282975126117,0.072140240921667931,True,0.15150857177704077,0.070204771599309837
Qwen/Qwen2.5-7B-Instruct,content_deletion,20260833,0,vector_fitted,0.32221379052626775,0.12439391284022501,0.69285714285714284,0.8214285714285714,0.34790577573547649,0.038833908139817575,-0.002283156924446722,False,TIGER-Lab/General-Reasoner-Qwen2.5-7B,0.32473134976878948,-0.023174425966687007,-0.010300225819932285,True,0.13612282975126117,0.072140240921667931,True,0.15150857177704077,0.070204771599309837
Qwen/Qwen2.5-7B-Instruct,content_deletion,20260833,0.10000000000000001,vector_fitted,0.34334819206465794,0.13649928688760732,0.68690476190476191,0.84999999999999998,0.34790577573547649,0.038833908139817575,-0.002283156924446722,False,TIGER-Lab/General-Reasoner-Qwen2.5-7B,0.32473134976878948,-0.023174425966687007,-0.010300225819932285,True,0.13612282975126117,0.072140240921667931,True,0.15150857177704077,0.070204771599309837
Qwen/Qwen2.5-7B-Instruct,content_deletion,20260833,0.20000000000000001,vector_fitted,0.35104244961181796,0.14064940136374415,0.66309523809523807,0.83809523809523812,0.34790577573547649,0.038833908139817575,-0.002283156924446722,False,TIGER-Lab/General-Reasoner-Qwen2.5-7B,0.32473134976878948,-0.023174425966687007,-0.010300225819932285,True,0.13612282975126117,0.072140240921667931,True,0.15150857177704077,0.070204771599309837
Qwen/Qwen2.5-7B-Instruct,content_deletion,20260833,0.29999999999999999,vector_fitted,0.36187674780855333,0.14587305041101259,0.66547619047619055,0.84166666666666679,0.34790577573547649,0.038833908139817575,-0.002283156924446722,False,TIGER-Lab/General-Reasoner-Qwen2.5-7B,0.32473134976878948,-0.023174425966687007,-0.010300225819932285,True,0.13612282975126117,0.072140240921667931,True,0.15150857177704077,0.070204771599309837
Qwen/Qwen2.5-7B-Instruct,content_deletion,20260833,0.40000000000000002,vector_fitted,0.36104769866608533,0.1455910761887679,0.67142857142857137,0.84999999999999998,0.34790577573547649,0.038833908139817575,-0.002283156924446722,False,TIGER-Lab/General-Reasoner-Qwen2.5-7B,0.32473134976878948,-0.023174425966687007,-0.010300225819932285,True,0.13612282975126117,0.072140240921667931,True,0.15150857177704077,0.070204771599309837
Qwen/Qwen2.5-7B-Instruct,content_deletion,20260834,0,scalar_fitted,0.30540084420712371,0.12046065664703366,0.73571428571428577,0.83571428571428574,0.32755727155143283,0.037502537959996696,0.0023591815329619681,True,TIGER-Lab/General-Reasoner-Qwen2.5-7B,0.30313776787605218,-0.024419503675380649,-0.014167429996064906,True,0.14460308007120437,0.075625038199082589,True,0.11965428887310559,0.050770320286943088
Qwen/Qwen2.5-7B-Instruct,content_deletion,20260834,0.10000000000000001,scalar_fitted,0.32380514921982989,0.12979351572772099,0.71190476190476193,0.84285714285714286,0.32755727155143283,0.037502537959996696,0.0023591815329619681,True,TIGER-Lab/General-Reasoner-Qwen2.5-7B,0.30313776787605218,-0.024419503675380649,-0.014167429996064906,True,0.14460308007120437,0.075625038199082589,True,0.11965428887310559,0.050770320286943088
Qwen/Qwen2.5-7B-Instruct,content_deletion,20260834,0.20000000000000001,scalar_fitted,0.32630024988634715,0.12929801139562663,0.69047619047619047,0.83333333333333337,0.32755727155143283,0.037502537959996696,0.0023591815329619681,True,TIGER-Lab/General-Reasoner-Qwen2.5-7B,0.30313776787605218,-0.024419503675380649,-0.014167429996064906,True,0.14460308007120437,0.075625038199082589,True,0.11965428887310559,0.050770320286943088
Qwen/Qwen2.5-7B-Instruct,content_deletion,20260834,0.29999999999999999,scalar_fitted,0.33937673227674292,0.13500157100314095,0.70357142857142863,0.85357142857142854,0.32755727155143283,0.037502537959996696,0.0023591815329619681,True,TIGER-Lab/General-Reasoner-Qwen2.5-7B,0.30313776787605218,-0.024419503675380649,-0.014167429996064906,True,0.14460308007120437,0.075625038199082589,True,0.11965428887310559,0.050770320286943088
Qwen/Qwen2.5-7B-Instruct,content_deletion,20260834,0.40000000000000002,scalar_fitted,0.34290338216712041,0.13629511329603322,0.67380952380952375,0.84166666666666679,0.32755727155143283,0.037502537959996696,0.0023591815329619681,True,TIGER-Lab/General-Reasoner-Qwen2.5-7B,0.30313776787605218,-0.024419503675380649,-0.014167429996064906,True,0.14460308007120437,0.075625038199082589,True,0.11965428887310559,0.050770320286943088
Qwen/Qwen2.5-7B-Instruct,content_deletion,20260834,0,vector_fitted,0.31020911562481368,0.12223663501615752,0.7321428571428571,0.83214285714285718,0.33300716876234382,0.037964500767517784,0.0023591815329619681,True,TIGER-Lab/General-Reasoner-Qwen2.5-7B,0.30313776787605218,-0.029869400886291642,-0.014167429996064906,True,0.14460308007120437,0.075625038199082589,True,0.11965428887310559,0.050770320286943088
Qwen/Qwen2.5-7B-Instruct,content_deletion,20260834,0.10000000000000001,vector_fitted,0.32967652576968365,0.13205597122292753,0.71309523809523812,0.84523809523809534,0.33300716876234382,0.037964500767517784,0.0023591815329619681,True,TIGER-Lab/General-Reasoner-Qwen2.5-7B,0.30313776787605218,-0.029869400886291642,-0.014167429996064906,True,0.14460308007120437,0.075625038199082589,True,0.11965428887310559,0.050770320286943088
Qwen/Qwen2.5-7B-Instruct,content_deletion,20260834,0.20000000000000001,vector_fitted,0.33266106390064354,0.1318550447337164,0.69404761904761914,0.83690476190476193,0.33300716876234382,0.037964500767517784,0.0023591815329619681,True,TIGER-Lab/General-Reasoner-Qwen2.5-7B,0.30313776787605218,-0.029869400886291642,-0.014167429996064906,True,0.14460308007120437,0.075625038199082589,True,0.11965428887310559,0.050770320286943088
Qwen/Qwen2.5-7B-Instruct,content_deletion,20260834,0.29999999999999999,vector_fitted,0.34431552212424676,0.13682793949129335,0.69999999999999996,0.84999999999999998,0.33300716876234382,0.037964500767517784,0.0023591815329619681,True,TIGER-Lab/General-Reasoner-Qwen2.5-7B,0.30313776787605218,-0.029869400886291642,-0.014167429996064906,True,0.14460308007120437,0.075625038199082589,True,0.11965428887310559,0.050770320286943088
Qwen/Qwen2.5-7B-Instruct,content_deletion,20260834,0.40000000000000002,vector_fitted,0.34817361639233146,0.1383404384472407,0.67976190476190468,0.84761904761904761,0.33300716876234382,0.037964500767517784,0.0023591815329619681,True,TIGER-Lab/General-Reasoner-Qwen2.5-7B,0.30313776787605218,-0.029869400886291642,-0.014167429996064906,True,0.14460308007120437,0.075625038199082589,True,0.11965428887310559,0.050770320286943088
Qwen/Qwen2.5-7B-Instruct,content_deletion,20260835,0,scalar_fitted,0.32414915841099362,0.12730055088424516,0.6785714285714286,0.82857142857142863,0.3342813800546709,0.019301534277609056,-0.010281967702921307,False,TIGER-Lab/General-Reasoner-Qwen2.5-7B,0.32050156491722259,-0.013779815137448304,-0.0067585668308721147,True,0.13242396740415635,0.061339835660654984,True,0.1644366179427994,0.091102191232287313
Qwen/Qwen2.5-7B-Instruct,content_deletion,20260835,0.10000000000000001,scalar_fitted,0.32783594046370773,0.12945133419910335,0.67976190476190468,0.85476190476190472,0.3342813800546709,0.019301534277609056,-0.010281967702921307,False,TIGER-Lab/General-Reasoner-Qwen2.5-7B,0.32050156491722259,-0.013779815137448304,-0.0067585668308721147,True,0.13242396740415635,0.061339835660654984,True,0.1644366179427994,0.091102191232287313
Qwen/Qwen2.5-7B-Instruct,content_deletion,20260835,0.20000000000000001,scalar_fitted,0.33385719268104347,0.13258101103350828,0.66428571428571426,0.83690476190476182,0.3342813800546709,0.019301534277609056,-0.010281967702921307,False,TIGER-Lab/General-Reasoner-Qwen2.5-7B,0.32050156491722259,-0.013779815137448304,-0.0067585668308721147,True,0.13242396740415635,0.061339835660654984,True,0.1644366179427994,0.091102191232287313
Qwen/Qwen2.5-7B-Instruct,content_deletion,20260835,0.29999999999999999,scalar_fitted,0.34211391602900704,0.13495184810809596,0.66785714285714282,0.83571428571428574,0.3342813800546709,0.019301534277609056,-0.010281967702921307,False,TIGER-Lab/General-Reasoner-Qwen2.5-7B,0.32050156491722259,-0.013779815137448304,-0.0067585668308721147,True,0.13242396740415635,0.061339835660654984,True,0.1644366179427994,0.091102191232287313
Qwen/Qwen2.5-7B-Instruct,content_deletion,20260835,0.40000000000000002,scalar_fitted,0.34345069268860268,0.13567141782092798,0.67023809523809519,0.85238095238095235,0.3342813800546709,0.019301534277609056,-0.010281967702921307,False,TIGER-Lab/General-Reasoner-Qwen2.5-7B,0.32050156491722259,-0.013779815137448304,-0.0067585668308721147,True,0.13242396740415635,0.061339835660654984,True,0.1644366179427994,0.091102191232287313
Qwen/Qwen2.5-7B-Instruct,content_deletion,20260835,0,vector_fitted,0.33264699181738472,0.13062761080747348,0.68571428571428572,0.83214285714285718,0.34287063704040921,0.019308209704266777,-0.010281967702921307,False,TIGER-Lab/General-Reasoner-Qwen2.5-7B,0.32050156491722259,-0.022369072123186617,-0.0067585668308721147,True,0.13242396740415635,0.061339835660654984,True,0.1644366179427994,0.091102191232287313
Qwen/Qwen2.5-7B-Instruct,content_deletion,20260835,0.10000000000000001,vector_fitted,0.33603029514940591,0.13254981152135073,0.67619047619047623,0.85595238095238102,0.34287063704040921,0.019308209704266777,-0.010281967702921307,False,TIGER-Lab/General-Reasoner-Qwen2.5-7B,0.32050156491722259,-0.022369072123186617,-0.0067585668308721147,True,0.13242396740415635,0.061339835660654984,True,0.1644366179427994,0.091102191232287313
Qwen/Qwen2.5-7B-Instruct,content_deletion,20260835,0.20000000000000001,vector_fitted,0.34296015304608468,0.13613031001380121,0.66666666666666674,0.83452380952380945,0.34287063704040921,0.019308209704266777,-0.010281967702921307,False,TIGER-Lab/General-Reasoner-Qwen2.5-7B,0.32050156491722259,-0.022369072123186617,-0.0067585668308721147,True,0.13242396740415635,0.061339835660654984,True,0.1644366179427994,0.091102191232287313
Qwen/Qwen2.5-7B-Instruct,content_deletion,20260835,0.29999999999999999,vector_fitted,0.3507605436675193,0.13831969143091394,0.6702380952380953,0.83571428571428574,0.34287063704040921,0.019308209704266777,-0.010281967702921307,False,TIGER-Lab/General-Reasoner-Qwen2.5-7B,0.32050156491722259,-0.022369072123186617,-0.0067585668308721147,True,0.13242396740415635,0.061339835660654984,True,0.1644366179427994,0.091102191232287313
Qwen/Qwen2.5-7B-Instruct,content_deletion,20260835,0.40000000000000002,vector_fitted,0.3519552015216515,0.13917348261382267,0.67380952380952375,0.85357142857142854,0.34287063704040921,0.019308209704266777,-0.010281967702921307,False,TIGER-Lab/General-Reasoner-Qwen2.5-7B,0.32050156491722259,-0.022369072123186617,-0.0067585668308721147,True,0.13242396740415635,0.061339835660654984,True,0.1644366179427994,0.091102191232287313
Qwen/Qwen2.5-7B-Instruct,content_deletion,20260836,0,scalar_fitted,0.3278703290780608,0.12942654571458911,0.6964285714285714,0.86071428571428577,0.3490621965226271,0.040660759730993534,0.0059309012433250985,True,TIGER-Lab/General-Reasoner-Qwen2.5-7B,0.31728654757576014,-0.031775648946866963,-0.019436001121130642,True,0.13853162480164066,0.072670853693159398,True,0.13701552510758064,0.068672971958394932
Qwen/Qwen2.5-7B-Instruct,content_deletion,20260836,0.10000000000000001,scalar_fitted,0.33911700113656307,0.13529441865853309,0.7047619047619047,0.88809523809523816,0.3490621965226271,0.040660759730993534,0.0059309012433250985,True,TIGER-Lab/General-Reasoner-Qwen2.5-7B,0.31728654757576014,-0.031775648946866963,-0.019436001121130642,True,0.13853162480164066,0.072670853693159398,True,0.13701552510758064,0.068672971958394932
Qwen/Qwen2.5-7B-Instruct,content_deletion,20260836,0.20000000000000001,scalar_fitted,0.35178725247624776,0.14324090056971958,0.69285714285714284,0.87738095238095248,0.3490621965226271,0.040660759730993534,0.0059309012433250985,True,TIGER-Lab/General-Reasoner-Qwen2.5-7B,0.31728654757576014,-0.031775648946866963,-0.019436001121130642,True,0.13853162480164066,0.072670853693159398,True,0.13701552510758064,0.068672971958394932
Qwen/Qwen2.5-7B-Instruct,content_deletion,20260836,0.29999999999999999,scalar_fitted,0.3580053111132096,0.1461552320051849,0.69166666666666665,0.88214285714285701,0.3490621965226271,0.040660759730993534,0.0059309012433250985,True,TIGER-Lab/General-Reasoner-Qwen2.5-7B,0.31728654757576014,-0.031775648946866963,-0.019436001121130642,True,0.13853162480164066,0.072670853693159398,True,0.13701552510758064,0.068672971958394932
Qwen/Qwen2.5-7B-Instruct,content_deletion,20260836,0.40000000000000002,scalar_fitted,0.36853108880905433,0.14950946861818573,0.66785714285714282,0.86785714285714288,0.3490621965226271,0.040660759730993534,0.0059309012433250985,True,TIGER-Lab/General-Reasoner-Qwen2.5-7B,0.31728654757576014,-0.031775648946866963,-0.019436001121130642,True,0.13853162480164066,0.072670853693159398,True,0.13701552510758064,0.068672971958394932
Qwen/Qwen2.5-7B-Instruct,content_deletion,20260836,0,vector_fitted,0.3222949007866599,0.12644697129284874,0.70357142857142863,0.86428571428571432,0.34412754217116565,0.041354316396753299,0.0059309012433250985,True,TIGER-Lab/General-Reasoner-Qwen2.5-7B,0.31728654757576014,-0.02684099459540551,-0.019436001121130642,True,0.13853162480164066,0.072670853693159398,True,0.13701552510758064,0.068672971958394932
Qwen/Qwen2.5-7B-Instruct,content_deletion,20260836,0.10000000000000001,vector_fitted,0.3336758569078303,0.13239956234685754,0.71309523809523812,0.89166666666666672,0.34412754217116565,0.041354316396753299,0.0059309012433250985,True,TIGER-Lab/General-Reasoner-Qwen2.5-7B,0.31728654757576014,-0.02684099459540551,-0.019436001121130642,True,0.13853162480164066,0.072670853693159398,True,0.13701552510758064,0.068672971958394932
Qwen/Qwen2.5-7B-Instruct,content_deletion,20260836,0.20000000000000001,vector_fitted,0.34724519950902261,0.14088678384029663,0.69404761904761914,0.87261904761904763,0.34412754217116565,0.041354316396753299,0.0059309012433250985,True,TIGER-Lab/General-Reasoner-Qwen2.5-7B,0.31728654757576014,-0.02684099459540551,-0.019436001121130642,True,0.13853162480164066,0.072670853693159398,True,0.13701552510758064,0.068672971958394932
Qwen/Qwen2.5-7B-Instruct,content_deletion,20260836,0.29999999999999999,vector_fitted,0.35377253646890211,0.14374621929617953,0.69166666666666676,0.8833333333333333,0.34412754217116565,0.041354316396753299,0.0059309012433250985,True,TIGER-Lab/General-Reasoner-Qwen2.5-7B,0.31728654757576014,-0.02684099459540551,-0.019436001121130642,True,0.13853162480164066,0.072670853693159398,True,0.13701552510758064,0.068672971958394932
Qwen/Qwen2.5-7B-Instruct,content_deletion,20260836,0.40000000000000002,vector_fitted,0.3636492171834132,0.14724075877340662,0.6785714285714286,0.87261904761904763,0.34412754217116565,0.041354316396753299,0.0059309012433250985,True,TIGER-Lab/General-Reasoner-Qwen2.5-7B,0.31728654757576014,-0.02684099459540551,-0.019436001121130642,True,0.13853162480164066,0.072670853693159398,True,0.13701552510758064,0.068672971958394932
Qwen/Qwen2.5-7B-Instruct,content_deletion,20260837,0,scalar_fitted,0.31971454253108067,0.12458191896868025,0.70357142857142863,0.88214285714285712,0.34489918718543339,0.035249480007700562,0.013231345727388683,True,TIGER-Lab/General-Reasoner-Qwen2.5-7B,0.32333215471395554,-0.021567032471477843,-0.011934976689076199,True,0.14224215547559171,0.076137466624078748,True,0.1578859415696871,0.068401096797058594
Qwen/Qwen2.5-7B-Instruct,content_deletion,20260837,0.10000000000000001,scalar_fitted,0.3454238441316973,0.13701564037773453,0.68214285714285716,0.87261904761904763,0.34489918718543339,0.035249480007700562,0.013231345727388683,True,TIGER-Lab/General-Reasoner-Qwen2.5-7B,0.32333215471395554,-0.021567032471477843,-0.011934976689076199,True,0.14224215547559171,0.076137466624078748,True,0.1578859415696871,0.068401096797058594
Qwen/Qwen2.5-7B-Instruct,content_deletion,20260837,0.20000000000000001,scalar_fitted,0.34929290212978392,0.13924219307675198,0.67738095238095231,0.85476190476190483,0.34489918718543339,0.035249480007700562,0.013231345727388683,True,TIGER-Lab/General-Reasoner-Qwen2.5-7B,0.32333215471395554,-0.021567032471477843,-0.011934976689076199,True,0.14224215547559171,0.076137466624078748,True,0.1578859415696871,0.068401096797058594
Qwen/Qwen2.5-7B-Instruct,content_deletion,20260837,0.29999999999999999,scalar_fitted,0.35510062459582364,0.14115578222502764,0.6702380952380953,0.84880952380952379,0.34489918718543339,0.035249480007700562,0.013231345727388683,True,TIGER-Lab/General-Reasoner-Qwen2.5-7B,0.32333215471395554,-0.021567032471477843,-0.011934976689076199,True,0.14224215547559171,0.076137466624078748,True,0.1578859415696871,0.068401096797058594
Qwen/Qwen2.5-7B-Instruct,content_deletion,20260837,0.40000000000000002,scalar_fitted,0.35496402253878123,0.13961421431267956,0.69047619047619047,0.85952380952380947,0.34489918718543339,0.035249480007700562,0.013231345727388683,True,TIGER-Lab/General-Reasoner-Qwen2.5-7B,0.32333215471395554,-0.021567032471477843,-0.011934976689076199,True,0.14224215547559171,0.076137466624078748,True,0.1578859415696871,0.068401096797058594
Qwen/Qwen2.5-7B-Instruct,content_deletion,20260837,0,vector_fitted,0.3251492183450343,0.12669411106222569,0.7142857142857143,0.88571428571428568,0.35102935284587145,0.036908119908798109,0.013231345727388683,True,TIGER-Lab/General-Reasoner-Qwen2.5-7B,0.32333215471395554,-0.027697198131915901,-0.011934976689076199,True,0.14224215547559171,0.076137466624078748,True,0.1578859415696871,0.068401096797058594
Qwen/Qwen2.5-7B-Instruct,content_deletion,20260837,0.10000000000000001,vector_fitted,0.35044777168118058,0.13849844833172489,0.68571428571428572,0.87142857142857144,0.35102935284587145,0.036908119908798109,0.013231345727388683,True,TIGER-Lab/General-Reasoner-Qwen2.5-7B,0.32333215471395554,-0.027697198131915901,-0.011934976689076199,True,0.14224215547559171,0.076137466624078748,True,0.1578859415696871,0.068401096797058594
Qwen/Qwen2.5-7B-Instruct,content_deletion,20260837,0.20000000000000001,vector_fitted,0.35549740557171683,0.14103809527690739,0.68095238095238086,0.85238095238095246,0.35102935284587145,0.036908119908798109,0.013231345727388683,True,TIGER-Lab/General-Reasoner-Qwen2.5-7B,0.32333215471395554,-0.027697198131915901,-0.011934976689076199,True,0.14224215547559171,0.076137466624078748,True,0.1578859415696871,0.068401096797058594
Qwen/Qwen2.5-7B-Instruct,content_deletion,20260837,0.29999999999999999,vector_fitted,0.36199503037759312,0.14362018908503593,0.66904761904761911,0.84999999999999998,0.35102935284587145,0.036908119908798109,0.013231345727388683,True,TIGER-Lab/General-Reasoner-Qwen2.5-7B,0.32333215471395554,-0.027697198131915901,-0.011934976689076199,True,0.14224215547559171,0.076137466624078748,True,0.1578859415696871,0.068401096797058594
Qwen/Qwen2.5-7B-Instruct,content_deletion,20260837,0.40000000000000002,vector_fitted,0.36205733825383241,0.14223730526792236,0.69047619047619047,0.86190476190476195,0.35102935284587145,0.036908119908798109,0.013231345727388683,True,TIGER-Lab/General-Reasoner-Qwen2.5-7B,0.32333215471395554,-0.027697198131915901,-0.011934976689076199,True,0.14224215547559171,0.076137466624078748,True,0.1578859415696871,0.068401096797058594
Qwen/Qwen2.5-7B-Instruct,irrelevant_context,20260828,0,scalar_fitted,0.32651426543943518,0.12884285437417881,0.7321428571428571,0.87142857142857144,0.36458489106476238,0.049155122731745327,0.025687062180677067,True,TIGER-Lab/General-Reasoner-Qwen2.5-7B,0.33463733009201008,-0.029947560972752307,-0.017113176299865029,True,0.11657455711995729,0.066694772973305838,True,0.10605428882875363,0.055169274075556982
Qwen/Qwen2.5-7B-Instruct,irrelevant_context,20260828,64,scalar_fitted,0.3750868990636092,0.15458488103525883,0.65357142857142858,0.83214285714285718,0.36458489106476238,0.049155122731745327,0.025687062180677067,True,TIGER-Lab/General-Reasoner-Qwen2.5-7B,0.33463733009201008,-0.029947560972752307,-0.017113176299865029,True,0.11657455711995729,0.066694772973305838,True,0.10605428882875363,0.055169274075556982
Qwen/Qwen2.5-7B-Instruct,irrelevant_context,20260828,128,scalar_fitted,0.37260399101922115,0.15244595554521137,0.6607142857142857,0.8488095238095239,0.36458489106476238,0.049155122731745327,0.025687062180677067,True,TIGER-Lab/General-Reasoner-Qwen2.5-7B,0.33463733009201008,-0.029947560972752307,-0.017113176299865029,True,0.11657455711995729,0.066694772973305838,True,0.10605428882875363,0.055169274075556982
Qwen/Qwen2.5-7B-Instruct,irrelevant_context,20260828,256,scalar_fitted,0.37304991163036588,0.15206850254356322,0.65952380952380962,0.84523809523809523,0.36458489106476238,0.049155122731745327,0.025687062180677067,True,TIGER-Lab/General-Reasoner-Qwen2.5-7B,0.33463733009201008,-0.029947560972752307,-0.017113176299865029,True,0.11657455711995729,0.066694772973305838,True,0.10605428882875363,0.055169274075556982
Qwen/Qwen2.5-7B-Instruct,irrelevant_context,20260828,512,scalar_fitted,0.37566938817118051,0.1526673967161111,0.669047619047619,0.84761904761904761,0.36458489106476238,0.049155122731745327,0.025687062180677067,True,TIGER-Lab/General-Reasoner-Qwen2.5-7B,0.33463733009201008,-0.029947560972752307,-0.017113176299865029,True,0.11657455711995729,0.066694772973305838,True,0.10605428882875363,0.055169274075556982
Qwen/Qwen2.5-7B-Instruct,irrelevant_context,20260828,0,vector_fitted,0.32972266641912751,0.13051555488304509,0.72499999999999998,0.87142857142857144,0.36826522655361099,0.049618312878472237,0.025687062180677067,True,TIGER-Lab/General-Reasoner-Qwen2.5-7B,0.33463733009201008,-0.033627896461600915,-0.017113176299865029,True,0.11657455711995729,0.066694772973305838,True,0.10605428882875363,0.055169274075556982
Qwen/Qwen2.5-7B-Instruct,irrelevant_context,20260828,64,vector_fitted,0.37879512303466717,0.15658205536278094,0.65595238095238106,0.83452380952380956,0.36826522655361099,0.049618312878472237,0.025687062180677067,True,TIGER-Lab/General-Reasoner-Qwen2.5-7B,0.33463733009201008,-0.033627896461600915,-0.017113176299865029,True,0.11657455711995729,0.066694772973305838,True,0.10605428882875363,0.055169274075556982
Qwen/Qwen2.5-7B-Instruct,irrelevant_context,20260828,128,vector_fitted,0.37650054505952457,0.15453437009644644,0.65952380952380962,0.84523809523809534,0.36826522655361099,0.049618312878472237,0.025687062180677067,True,TIGER-Lab/General-Reasoner-Qwen2.5-7B,0.33463733009201008,-0.033627896461600915,-0.017113176299865029,True,0.11657455711995729,0.066694772973305838,True,0.10605428882875363,0.055169274075556982
Qwen/Qwen2.5-7B-Instruct,irrelevant_context,20260828,256,vector_fitted,0.37696681895713618,0.15427635056785519,0.6607142857142857,0.84761904761904761,0.36826522655361099,0.049618312878472237,0.025687062180677067,True,TIGER-Lab/General-Reasoner-Qwen2.5-7B,0.33463733009201008,-0.033627896461600915,-0.017113176299865029,True,0.11657455711995729,0.066694772973305838,True,0.10605428882875363,0.055169274075556982
Qwen/Qwen2.5-7B-Instruct,irrelevant_context,20260828,512,vector_fitted,0.37934097929759975,0.15464550303956207,0.67976190476190479,0.85119047619047628,0.36826522655361099,0.049618312878472237,0.025687062180677067,True,TIGER-Lab/General-Reasoner-Qwen2.5-7B,0.33463733009201008,-0.033627896461600915,-0.017113176299865029,True,0.11657455711995729,0.066694772973305838,True,0.10605428882875363,0.055169274075556982
Qwen/Qwen2.5-7B-Instruct,irrelevant_context,20260829,0,scalar_fitted,0.32305089148076149,0.12706839160474664,0.72499999999999998,0.86428571428571432,0.35347773304026398,0.044976718035535768,0.026273512537813709,True,TIGER-Lab/General-Reasoner-Qwen2.5-7B,0.32743200418903867,-0.026045728851225303,-0.013912621302066275,True,0.11439522169993582,0.064797256773427403,True,0.12101746015448867,0.058751645922181218
Qwen/Qwen2.5-7B-Instruct,irrelevant_context,20260829,64,scalar_fitted,0.36108747600087288,0.14837379752738719,0.669047619047619,0.84047619047619049,0.35347773304026398,0.044976718035535768,0.026273512537813709,True,TIGER-Lab/General-Reasoner-Qwen2.5-7B,0.32743200418903867,-0.026045728851225303,-0.013912621302066275,True,0.11439522169993582,0.064797256773427403,True,0.12101746015448867,0.058751645922181218
Qwen/Qwen2.5-7B-Instruct,irrelevant_context,20260829,128,scalar_fitted,0.35937462888429039,0.14692169945608699,0.68333333333333335,0.8571428571428571,0.35347773304026398,0.044976718035535768,0.026273512537813709,True,TIGER-Lab/General-Reasoner-Qwen2.5-7B,0.32743200418903867,-0.026045728851225303,-0.013912621302066275,True,0.11439522169993582,0.064797256773427403,True,0.12101746015448867,0.058751645922181218
Qwen/Qwen2.5-7B-Instruct,irrelevant_context,20260829,256,scalar_fitted,0.35584805931909796,0.14470970680793843,0.68571428571428572,0.85476190476190472,0.35347773304026398,0.044976718035535768,0.026273512537813709,True,TIGER-Lab/General-Reasoner-Qwen2.5-7B,0.32743200418903867,-0.026045728851225303,-0.013912621302066275,True,0.11439522169993582,0.064797256773427403,True,0.12101746015448867,0.058751645922181218
Qwen/Qwen2.5-7B-Instruct,irrelevant_context,20260829,512,scalar_fitted,0.36802760951629726,0.15108748787491899,0.68214285714285716,0.8488095238095239,0.35347773304026398,0.044976718035535768,0.026273512537813709,True,TIGER-Lab/General-Reasoner-Qwen2.5-7B,0.32743200418903867,-0.026045728851225303,-0.013912621302066275,True,0.11439522169993582,0.064797256773427403,True,0.12101746015448867,0.058751645922181218
Qwen/Qwen2.5-7B-Instruct,irrelevant_context,20260829,0,vector_fitted,0.32157515893409649,0.12639434229745555,0.7321428571428571,0.86785714285714288,0.35198832405449326,0.04553066215680196,0.026273512537813709,True,TIGER-Lab/General-Reasoner-Qwen2.5-7B,0.32743200418903867,-0.02455631986545459,-0.013912621302066275,True,0.11439522169993582,0.064797256773427403,True,0.12101746015448867,0.058751645922181218
Qwen/Qwen2.5-7B-Instruct,irrelevant_context,20260829,64,vector_fitted,0.35929662787247113,0.14760499379327327,0.66904761904761911,0.84404761904761905,0.35198832405449326,0.04553066215680196,0.026273512537813709,True,TIGER-Lab/General-Reasoner-Qwen2.5-7B,0.32743200418903867,-0.02455631986545459,-0.013912621302066275,True,0.11439522169993582,0.064797256773427403,True,0.12101746015448867,0.058751645922181218
Qwen/Qwen2.5-7B-Instruct,irrelevant_context,20260829,128,vector_fitted,0.35759622071103242,0.14639963573696219,0.68333333333333335,0.85833333333333339,0.35198832405449326,0.04553066215680196,0.026273512537813709,True,TIGER-Lab/General-Reasoner-Qwen2.5-7B,0.32743200418903867,-0.02455631986545459,-0.013912621302066275,True,0.11439522169993582,0.064797256773427403,True,0.12101746015448867,0.058751645922181218
Qwen/Qwen2.5-7B-Instruct,irrelevant_context,20260829,256,vector_fitted,0.35436779166396776,0.14393752658450443,0.69404761904761902,0.86428571428571432,0.35198832405449326,0.04553066215680196,0.026273512537813709,True,TIGER-Lab/General-Reasoner-Qwen2.5-7B,0.32743200418903867,-0.02455631986545459,-0.013912621302066275,True,0.11439522169993582,0.064797256773427403,True,0.12101746015448867,0.058751645922181218
Qwen/Qwen2.5-7B-Instruct,irrelevant_context,20260829,512,vector_fitted,0.36710582109089845,0.15057782998046468,0.68214285714285716,0.85119047619047616,0.35198832405449326,0.04553066215680196,0.026273512537813709,True,TIGER-Lab/General-Reasoner-Qwen2.5-7B,0.32743200418903867,-0.02455631986545459,-0.013912621302066275,True,0.11439522169993582,0.064797256773427403,True,0.12101746015448867,0.058751645922181218
Qwen/Qwen2.5-7B-Instruct,irrelevant_context,20260830,0,scalar_fitted,0.33052664117561265,0.12966940865864604,0.68571428571428572,0.83571428571428574,0.36707964384850483,0.050641622029243105,0.024945469351191601,True,TIGER-Lab/General-Reasoner-Qwen2.5-7B,0.34851411636974705,-0.018565527478757782,-0.0086332189664403702,True,0.10628401646603963,0.051878095466301177,True,0.11103994853506079,0.059398268982468271
Qwen/Qwen2.5-7B-Instruct,irrelevant_context,20260830,64,scalar_fitted,0.37306807205542741,0.15269681942669233,0.63452380952380949,0.83809523809523812,0.36707964384850483,0.050641622029243105,0.024945469351191601,True,TIGER-Lab/General-Reasoner-Qwen2.5-7B,0.34851411636974705,-0.018565527478757782,-0.0086332189664403702,True,0.10628401646603963,0.051878095466301177,True,0.11103994853506079,0.059398268982468271
Qwen/Qwen2.5-7B-Instruct,irrelevant_context,20260830,128,scalar_fitted,0.37628628339462078,0.15280095107456904,0.64880952380952384,0.85238095238095246,0.36707964384850483,0.050641622029243105,0.024945469351191601,True,TIGER-Lab/General-Reasoner-Qwen2.5-7B,0.34851411636974705,-0.018565527478757782,-0.0086332189664403702,True,0.10628401646603963,0.051878095466301177,True,0.11103994853506079,0.059398268982468271
Qwen/Qwen2.5-7B-Instruct,irrelevant_context,20260830,256,scalar_fitted,0.37434895941200769,0.15183184259027141,0.65595238095238106,0.8488095238095239,0.36707964384850483,0.050641622029243105,0.024945469351191601,True,TIGER-Lab/General-Reasoner-Qwen2.5-7B,0.34851411636974705,-0.018565527478757782,-0.0086332189664403702,True,0.10628401646603963,0.051878095466301177,True,0.11103994853506079,0.059398268982468271
Qwen/Qwen2.5-7B-Instruct,irrelevant_context,20260830,512,scalar_fitted,0.38116826320485575,0.15557437301061494,0.6607142857142857,0.83809523809523812,0.36707964384850483,0.050641622029243105,0.024945469351191601,True,TIGER-Lab/General-Reasoner-Qwen2.5-7B,0.34851411636974705,-0.018565527478757782,-0.0086332189664403702,True,0.10628401646603963,0.051878095466301177,True,0.11103994853506079,0.059398268982468271
Qwen/Qwen2.5-7B-Instruct,irrelevant_context,20260830,0,vector_fitted,0.33175657855661667,0.13000389014450228,0.6964285714285714,0.83571428571428574,0.36764177406477327,0.049555229285777103,0.024945469351191601,True,TIGER-Lab/General-Reasoner-Qwen2.5-7B,0.34851411636974705,-0.019127657695026223,-0.0086332189664403702,True,0.10628401646603963,0.051878095466301177,True,0.11103994853506079,0.059398268982468271
Qwen/Qwen2.5-7B-Instruct,irrelevant_context,20260830,64,vector_fitted,0.37331043664548608,0.15295701088414992,0.63809523809523805,0.84285714285714286,0.36764177406477327,0.049555229285777103,0.024945469351191601,True,TIGER-Lab/General-Reasoner-Qwen2.5-7B,0.34851411636974705,-0.019127657695026223,-0.0086332189664403702,True,0.10628401646603963,0.051878095466301177,True,0.11103994853506079,0.059398268982468271
Qwen/Qwen2.5-7B-Instruct,irrelevant_context,20260830,128,vector_fitted,0.37666456169151846,0.15327490500585056,0.6511904761904761,0.85119047619047616,0.36764177406477327,0.049555229285777103,0.024945469351191601,True,TIGER-Lab/General-Reasoner-Qwen2.5-7B,0.34851411636974705,-0.019127657695026223,-0.0086332189664403702,True,0.10628401646603963,0.051878095466301177,True,0.11103994853506079,0.059398268982468271
Qwen/Qwen2.5-7B-Instruct,irrelevant_context,20260830,256,vector_fitted,0.37516548558785129,0.15245099451527788,0.65714285714285714,0.85357142857142854,0.36764177406477327,0.049555229285777103,0.024945469351191601,True,TIGER-Lab/General-Reasoner-Qwen2.5-7B,0.34851411636974705,-0.019127657695026223,-0.0086332189664403702,True,0.10628401646603963,0.051878095466301177,True,0.11103994853506079,0.059398268982468271
Qwen/Qwen2.5-7B-Instruct,irrelevant_context,20260830,512,vector_fitted,0.38131180784239377,0.15554589250923578,0.66428571428571426,0.8392857142857143,0.36764177406477327,0.049555229285777103,0.024945469351191601,True,TIGER-Lab/General-Reasoner-Qwen2.5-7B,0.34851411636974705,-0.019127657695026223,-0.0086332189664403702,True,0.10628401646603963,0.051878095466301177,True,0.11103994853506079,0.059398268982468271
Qwen/Qwen2.5-7B-Instruct,irrelevant_context,20260831,0,scalar_fitted,0.31715955756177927,0.12614240996090975,0.70357142857142863,0.84999999999999998,0.35772833078651856,0.055182297395630187,0.03026086159794289,True,TIGER-Lab/General-Reasoner-Qwen2.5-7B,0.33424678129047286,-0.023481549496045695,-0.01096084535505587,True,0.11592732201872152,0.059505159113348666,True,0.16190339807914164,0.076469832719756867
Qwen/Qwen2.5-7B-Instruct,irrelevant_context,20260831,64,scalar_fitted,0.37120504085622108,0.15388660269045984,0.65000000000000002,0.82261904761904758,0.35772833078651856,0.055182297395630187,0.03026086159794289,True,TIGER-Lab/General-Reasoner-Qwen2.5-7B,0.33424678129047286,-0.023481549496045695,-0.01096084535505587,True,0.11592732201872152,0.059505159113348666,True,0.16190339807914164,0.076469832719756867
Qwen/Qwen2.5-7B-Instruct,irrelevant_context,20260831,128,scalar_fitted,0.36409590864148994,0.15024885512555367,0.66190476190476188,0.84047619047619049,0.35772833078651856,0.055182297395630187,0.03026086159794289,True,TIGER-Lab/General-Reasoner-Qwen2.5-7B,0.33424678129047286,-0.023481549496045695,-0.01096084535505587,True,0.11592732201872152,0.059505159113348666,True,0.16190339807914164,0.076469832719756867
Qwen/Qwen2.5-7B-Instruct,irrelevant_context,20260831,256,scalar_fitted,0.36383929191569309,0.14829951553252299,0.67500000000000004,0.84999999999999998,0.35772833078651856,0.055182297395630187,0.03026086159794289,True,TIGER-Lab/General-Reasoner-Qwen2.5-7B,0.33424678129047286,-0.023481549496045695,-0.01096084535505587,True,0.11592732201872152,0.059505159113348666,True,0.16190339807914164,0.076469832719756867
Qwen/Qwen2.5-7B-Instruct,irrelevant_context,20260831,512,scalar_fitted,0.37234185495740946,0.15220606246642149,0.6607142857142857,0.84047619047619038,0.35772833078651856,0.055182297395630187,0.03026086159794289,True,TIGER-Lab/General-Reasoner-Qwen2.5-7B,0.33424678129047286,-0.023481549496045695,-0.01096084535505587,True,0.11592732201872152,0.059505159113348666,True,0.16190339807914164,0.076469832719756867
Qwen/Qwen2.5-7B-Instruct,irrelevant_context,20260831,0,vector_fitted,0.31961997711333656,0.12719777252433109,0.6964285714285714,0.84999999999999998,0.35928905431059799,0.054261071894282475,0.03026086159794289,True,TIGER-Lab/General-Reasoner-Qwen2.5-7B,0.33424678129047286,-0.025042273020125128,-0.01096084535505587,True,0.11592732201872152,0.059505159113348666,True,0.16190339807914164,0.076469832719756867
Qwen/Qwen2.5-7B-Instruct,irrelevant_context,20260831,64,vector_fitted,0.37190758809870628,0.15438850941138013,0.65357142857142858,0.82261904761904769,0.35928905431059799,0.054261071894282475,0.03026086159794289,True,TIGER-Lab/General-Reasoner-Qwen2.5-7B,0.33424678129047286,-0.025042273020125128,-0.01096084535505587,True,0.11592732201872152,0.059505159113348666,True,0.16190339807914164,0.076469832719756867
Qwen/Qwen2.5-7B-Instruct,irrelevant_context,20260831,128,vector_fitted,0.36568536869699125,0.15114936258463232,0.66190476190476188,0.83690476190476193,0.35928905431059799,0.054261071894282475,0.03026086159794289,True,TIGER-Lab/General-Reasoner-Qwen2.5-7B,0.33424678129047286,-0.025042273020125128,-0.01096084535505587,True,0.11592732201872152,0.059505159113348666,True,0.16190339807914164,0.076469832719756867
Qwen/Qwen2.5-7B-Instruct,irrelevant_context,20260831,256,vector_fitted,0.36535128863633687,0.14945346099204534,0.67738095238095242,0.85595238095238091,0.35928905431059799,0.054261071894282475,0.03026086159794289,True,TIGER-Lab/General-Reasoner-Qwen2.5-7B,0.33424678129047286,-0.025042273020125128,-0.01096084535505587,True,0.11592732201872152,0.059505159113348666,True,0.16190339807914164,0.076469832719756867
Qwen/Qwen2.5-7B-Instruct,irrelevant_context,20260831,512,vector_fitted,0.37388104900761904,0.1528818337763162,0.66428571428571426,0.84285714285714286,0.35928905431059799,0.054261071894282475,0.03026086159794289,True,TIGER-Lab/General-Reasoner-Qwen2.5-7B,0.33424678129047286,-0.025042273020125128,-0.01096084535505587,True,0.11592732201872152,0.059505159113348666,True,0.16190339807914164,0.076469832719756867
Qwen/Qwen2.5-7B-Instruct,irrelevant_context,20260832,0,scalar_fitted,0.32388717547826573,0.12874719872463913,0.75714285714285712,0.875,0.35600000040017005,0.047261074957629157,0.034832495365939187,True,TIGER-Lab/General-Reasoner-Qwen2.5-7B,0.32507231516290347,-0.030927685237266578,-0.017568442571235077,True,0.12002766654034824,0.064939192284539565,True,0.064037239425976333,0.030462096929163934
Qwen/Qwen2.5-7B-Instruct,irrelevant_context,20260832,64,scalar_fitted,0.36251372702249102,0.14901981458102292,0.68095238095238086,0.84642857142857142,0.35600000040017005,0.047261074957629157,0.034832495365939187,True,TIGER-Lab/General-Reasoner-Qwen2.5-7B,0.32507231516290347,-0.030927685237266578,-0.017568442571235077,True,0.12002766654034824,0.064939192284539565,True,0.064037239425976333,0.030462096929163934
Qwen/Qwen2.5-7B-Instruct,irrelevant_context,20260832,128,scalar_fitted,0.35981724761380363,0.14678802692822129,0.68571428571428572,0.8571428571428571,0.35600000040017005,0.047261074957629157,0.034832495365939187,True,TIGER-Lab/General-Reasoner-Qwen2.5-7B,0.32507231516290347,-0.030927685237266578,-0.017568442571235077,True,0.12002766654034824,0.064939192284539565,True,0.064037239425976333,0.030462096929163934
Qwen/Qwen2.5-7B-Instruct,irrelevant_context,20260832,256,scalar_fitted,0.36263360145039486,0.14725488353168936,0.68928571428571428,0.86071428571428577,0.35600000040017005,0.047261074957629157,0.034832495365939187,True,TIGER-Lab/General-Reasoner-Qwen2.5-7B,0.32507231516290347,-0.030927685237266578,-0.017568442571235077,True,0.12002766654034824,0.064939192284539565,True,0.064037239425976333,0.030462096929163934
Qwen/Qwen2.5-7B-Instruct,irrelevant_context,20260832,512,scalar_fitted,0.37114825043589489,0.15060036722758088,0.6785714285714286,0.8488095238095239,0.35600000040017005,0.047261074957629157,0.034832495365939187,True,TIGER-Lab/General-Reasoner-Qwen2.5-7B,0.32507231516290347,-0.030927685237266578,-0.017568442571235077,True,0.12002766654034824,0.064939192284539565,True,0.064037239425976333,0.030462096929163934
Qwen/Qwen2.5-7B-Instruct,irrelevant_context,20260832,0,vector_fitted,0.32545766634675938,0.12954029653485835,0.75357142857142856,0.87142857142857144,0.35802790343090141,0.047604554296343804,0.034832495365939187,True,TIGER-Lab/General-Reasoner-Qwen2.5-7B,0.32507231516290347,-0.032955588267997937,-0.017568442571235077,True,0.12002766654034824,0.064939192284539565,True,0.064037239425976333,0.030462096929163934
Qwen/Qwen2.5-7B-Instruct,irrelevant_context,20260832,64,vector_fitted,0.36486202016364566,0.1502743466777299,0.67619047619047623,0.84404761904761905,0.35802790343090141,0.047604554296343804,0.034832495365939187,True,TIGER-Lab/General-Reasoner-Qwen2.5-7B,0.32507231516290347,-0.032955588267997937,-0.017568442571235077,True,0.12002766654034824,0.064939192284539565,True,0.064037239425976333,0.030462096929163934
Qwen/Qwen2.5-7B-Instruct,irrelevant_context,20260832,128,vector_fitted,0.36205249604070705,0.14799749287985373,0.68571428571428572,0.8571428571428571,0.35802790343090141,0.047604554296343804,0.034832495365939187,True,TIGER-Lab/General-Reasoner-Qwen2.5-7B,0.32507231516290347,-0.032955588267997937,-0.017568442571235077,True,0.12002766654034824,0.064939192284539565,True,0.064037239425976333,0.030462096929163934
Qwen/Qwen2.5-7B-Instruct,irrelevant_context,20260832,256,vector_fitted,0.36470511396029198,0.14831374087458188,0.68809523809523809,0.85952380952380947,0.35802790343090141,0.047604554296343804,0.034832495365939187,True,TIGER-Lab/General-Reasoner-Qwen2.5-7B,0.32507231516290347,-0.032955588267997937,-0.017568442571235077,True,0.12002766654034824,0.064939192284539565,True,0.064037239425976333,0.030462096929163934
Qwen/Qwen2.5-7B-Instruct,irrelevant_context,20260832,512,vector_fitted,0.37306222064310318,0.15161613046929123,0.67619047619047623,0.84642857142857142,0.35802790343090141,0.047604554296343804,0.034832495365939187,True,TIGER-Lab/General-Reasoner-Qwen2.5-7B,0.32507231516290347,-0.032955588267997937,-0.017568442571235077,True,0.12002766654034824,0.064939192284539565,True,0.064037239425976333,0.030462096929163934
Qwen/Qwen2.5-7B-Instruct,irrelevant_context,20260833,0,scalar_fitted,0.33886497126609694,0.13197032447154114,0.70357142857142863,0.83214285714285718,0.37160168851001224,0.043754945212864549,0.02009270913593883,True,TIGER-Lab/General-Reasoner-Qwen2.5-7B,0.33405274413122615,-0.037548944378786087,-0.024041090711486968,True,0.12655469601376745,0.064868436226756199,True,0.20489158482456216,0.11155493678601404
Qwen/Qwen2.5-7B-Instruct,irrelevant_context,20260833,64,scalar_fitted,0.38699701465902353,0.15972021605371775,0.63928571428571423,0.80595238095238086,0.37160168851001224,0.043754945212864549,0.02009270913593883,True,TIGER-Lab/General-Reasoner-Qwen2.5-7B,0.33405274413122615,-0.037548944378786087,-0.024041090711486968,True,0.12655469601376745,0.064868436226756199,True,0.20489158482456216,0.11155493678601404
Qwen/Qwen2.5-7B-Instruct,irrelevant_context,20260833,128,scalar_fitted,0.37764422504394995,0.15385666676580562,0.65476190476190466,0.83571428571428574,0.37160168851001224,0.043754945212864549,0.02009270913593883,True,TIGER-Lab/General-Reasoner-Qwen2.5-7B,0.33405274413122615,-0.037548944378786087,-0.024041090711486968,True,0.12655469601376745,0.064868436226756199,True,0.20489158482456216,0.11155493678601404
Qwen/Qwen2.5-7B-Instruct,irrelevant_context,20260833,256,scalar_fitted,0.37188231510202913,0.14961812791916579,0.67738095238095242,0.84285714285714286,0.37160168851001224,0.043754945212864549,0.02009270913593883,True,TIGER-Lab/General-Reasoner-Qwen2.5-7B,0.33405274413122615,-0.037548944378786087,-0.024041090711486968,True,0.12655469601376745,0.064868436226756199,True,0.20489158482456216,0.11155493678601404
Qwen/Qwen2.5-7B-Instruct,irrelevant_context,20260833,512,scalar_fitted,0.38261991647896149,0.1555007011400788,0.669047619047619,0.82380952380952388,0.37160168851001224,0.043754945212864549,0.02009270913593883,True,TIGER-Lab/General-Reasoner-Qwen2.5-7B,0.33405274413122615,-0.037548944378786087,-0.024041090711486968,True,0.12655469601376745,0.064868436226756199,True,0.20489158482456216,0.11155493678601404
Qwen/Qwen2.5-7B-Instruct,irrelevant_context,20260833,0,vector_fitted,0.3324653009578063,0.12894952973986679,0.70357142857142863,0.82499999999999996,0.36564535605315157,0.044975879411376263,0.02009270913593883,True,TIGER-Lab/General-Reasoner-Qwen2.5-7B,0.33405274413122615,-0.031592611921925418,-0.024041090711486968,True,0.12655469601376745,0.064868436226756199,True,0.20489158482456216,0.11155493678601404
Qwen/Qwen2.5-7B-Instruct,irrelevant_context,20260833,64,vector_fitted,0.38040927629216137,0.15639682802144378,0.64642857142857146,0.80714285714285716,0.36564535605315157,0.044975879411376263,0.02009270913593883,True,TIGER-Lab/General-Reasoner-Qwen2.5-7B,0.33405274413122615,-0.031592611921925418,-0.024041090711486968,True,0.12655469601376745,0.064868436226756199,True,0.20489158482456216,0.11155493678601404
Qwen/Qwen2.5-7B-Instruct,irrelevant_context,20260833,128,vector_fitted,0.37125128264651591,0.15110388133068561,0.66666666666666674,0.84047619047619049,0.36564535605315157,0.044975879411376263,0.02009270913593883,True,TIGER-Lab/General-Reasoner-Qwen2.5-7B,0.33405274413122615,-0.031592611921925418,-0.024041090711486968,True,0.12655469601376745,0.064868436226756199,True,0.20489158482456216,0.11155493678601404
Qwen/Qwen2.5-7B-Instruct,irrelevant_context,20260833,256,vector_fitted,0.36665974000009161,0.14690638632020983,0.6785714285714286,0.84761904761904761,0.36564535605315157,0.044975879411376263,0.02009270913593883,True,TIGER-Lab/General-Reasoner-Qwen2.5-7B,0.33405274413122615,-0.031592611921925418,-0.024041090711486968,True,0.12655469601376745,0.064868436226756199,True,0.20489158482456216,0.11155493678601404
Qwen/Qwen2.5-7B-Instruct,irrelevant_context,20260833,512,vector_fitted,0.37744118036918256,0.1530449335214295,0.67500000000000004,0.83333333333333337,0.36564535605315157,0.044975879411376263,0.02009270913593883,True,TIGER-Lab/General-Reasoner-Qwen2.5-7B,0.33405274413122615,-0.031592611921925418,-0.024041090711486968,True,0.12655469601376745,0.064868436226756199,True,0.20489158482456216,0.11155493678601404
Qwen/Qwen2.5-7B-Instruct,irrelevant_context,20260834,0,scalar_fitted,0.32084951758320607,0.12709114256223059,0.7321428571428571,0.8392857142857143,0.35194942245371569,0.039303528380322028,0.025364793545512243,True,TIGER-Lab/General-Reasoner-Qwen2.5-7B,0.31416138691283568,-0.037788035540880005,-0.018239599901184872,True,0.12821320241271617,0.062857395690831042,True,0.17252727861786454,0.094855777365154076
Qwen/Qwen2.5-7B-Instruct,irrelevant_context,20260834,64,scalar_fitted,0.36281493768879641,0.14617308891014766,0.67261904761904767,0.80119047619047623,0.35194942245371569,0.039303528380322028,0.025364793545512243,True,TIGER-Lab/General-Reasoner-Qwen2.5-7B,0.31416138691283568,-0.037788035540880005,-0.018239599901184872,True,0.12821320241271617,0.062857395690831042,True,0.17252727861786454,0.094855777365154076
Qwen/Qwen2.5-7B-Instruct,irrelevant_context,20260834,128,scalar_fitted,0.36144470598594347,0.14439976686480846,0.68214285714285716,0.8297619047619047,0.35194942245371569,0.039303528380322028,0.025364793545512243,True,TIGER-Lab/General-Reasoner-Qwen2.5-7B,0.31416138691283568,-0.037788035540880005,-0.018239599901184872,True,0.12821320241271617,0.062857395690831042,True,0.17252727861786454,0.094855777365154076
Qwen/Qwen2.5-7B-Instruct,irrelevant_context,20260834,256,scalar_fitted,0.3544849050471045,0.14062684435856151,0.69285714285714284,0.82499999999999996,0.35194942245371569,0.039303528380322028,0.025364793545512243,True,TIGER-Lab/General-Reasoner-Qwen2.5-7B,0.31416138691283568,-0.037788035540880005,-0.018239599901184872,True,0.12821320241271617,0.062857395690831042,True,0.17252727861786454,0.094855777365154076
Qwen/Qwen2.5-7B-Instruct,irrelevant_context,20260834,512,scalar_fitted,0.3601530459635281,0.14276922212794718,0.70238095238095244,0.82619047619047614,0.35194942245371569,0.039303528380322028,0.025364793545512243,True,TIGER-Lab/General-Reasoner-Qwen2.5-7B,0.31416138691283568,-0.037788035540880005,-0.018239599901184872,True,0.12821320241271617,0.062857395690831042,True,0.17252727861786454,0.094855777365154076
Qwen/Qwen2.5-7B-Instruct,irrelevant_context,20260834,0,vector_fitted,0.32309769749739742,0.12787606844391453,0.72857142857142854,0.84642857142857142,0.35303294581963041,0.03841909637190799,0.025364793545512243,True,TIGER-Lab/General-Reasoner-Qwen2.5-7B,0.31416138691283568,-0.038871558906794723,-0.018239599901184872,True,0.12821320241271617,0.062857395690831042,True,0.17252727861786454,0.094855777365154076
Qwen/Qwen2.5-7B-Instruct,irrelevant_context,20260834,64,vector_fitted,0.36325667448445459,0.14620792572734245,0.6785714285714286,0.80952380952380965,0.35303294581963041,0.03841909637190799,0.025364793545512243,True,TIGER-Lab/General-Reasoner-Qwen2.5-7B,0.31416138691283568,-0.038871558906794723,-0.018239599901184872,True,0.12821320241271617,0.062857395690831042,True,0.17252727861786454,0.094855777365154076
Qwen/Qwen2.5-7B-Instruct,irrelevant_context,20260834,128,vector_fitted,0.361854631965431,0.14449350414078443,0.67976190476190479,0.82738095238095233,0.35303294581963041,0.03841909637190799,0.025364793545512243,True,TIGER-Lab/General-Reasoner-Qwen2.5-7B,0.31416138691283568,-0.038871558906794723,-0.018239599901184872,True,0.12821320241271617,0.062857395690831042,True,0.17252727861786454,0.094855777365154076
Qwen/Qwen2.5-7B-Instruct,irrelevant_context,20260834,256,vector_fitted,0.3554389312815639,0.14112908955608111,0.69166666666666676,0.82738095238095244,0.35303294581963041,0.03841909637190799,0.025364793545512243,True,TIGER-Lab/General-Reasoner-Qwen2.5-7B,0.31416138691283568,-0.038871558906794723,-0.018239599901184872,True,0.12821320241271617,0.062857395690831042,True,0.17252727861786454,0.094855777365154076
Qwen/Qwen2.5-7B-Instruct,irrelevant_context,20260834,512,vector_fitted,0.36151679386930541,0.14328139232057879,0.70833333333333337,0.83571428571428574,0.35303294581963041,0.03841909637190799,0.025364793545512243,True,TIGER-Lab/General-Reasoner-Qwen2.5-7B,0.31416138691283568,-0.038871558906794723,-0.018239599901184872,True,0.12821320241271617,0.062857395690831042,True,0.17252727861786454,0.094855777365154076
Qwen/Qwen2.5-7B-Instruct,irrelevant_context,20260835,0,scalar_fitted,0.32911985484331879,0.12927033921339323,0.68571428571428572,0.83571428571428574,0.36863686621664782,0.054700350007991339,0.031766283719826149,True,TIGER-Lab/General-Reasoner-Qwen2.5-7B,0.35559068624592227,-0.013046179970725547,-0.0075888337281963536,True,0.11187086109431599,0.053679490537243052,True,0.18532186654459742,0.097802159421564713
Qwen/Qwen2.5-7B-Instruct,irrelevant_context,20260835,64,scalar_fitted,0.38200099128140563,0.15840261598773489,0.61904761904761896,0.79761904761904767,0.36863686621664782,0.054700350007991339,0.031766283719826149,True,TIGER-Lab/General-Reasoner-Qwen2.5-7B,0.35559068624592227,-0.013046179970725547,-0.0075888337281963536,True,0.11187086109431599,0.053679490537243052,True,0.18532186654459742,0.097802159421564713
Qwen/Qwen2.5-7B-Instruct,irrelevant_context,20260835,128,scalar_fitted,0.37354003054624774,0.15253964601675127,0.65000000000000002,0.8297619047619047,0.36863686621664782,0.054700350007991339,0.031766283719826149,True,TIGER-Lab/General-Reasoner-Qwen2.5-7B,0.35559068624592227,-0.013046179970725547,-0.0075888337281963536,True,0.11187086109431599,0.053679490537243052,True,0.18532186654459742,0.097802159421564713
Qwen/Qwen2.5-7B-Instruct,irrelevant_context,20260835,256,scalar_fitted,0.37470324956095669,0.15208338177447245,0.64166666666666661,0.81904761904761914,0.36863686621664782,0.054700350007991339,0.031766283719826149,True,TIGER-Lab/General-Reasoner-Qwen2.5-7B,0.35559068624592227,-0.013046179970725547,-0.0075888337281963536,True,0.11187086109431599,0.053679490537243052,True,0.18532186654459742,0.097802159421564713
Qwen/Qwen2.5-7B-Instruct,irrelevant_context,20260835,512,scalar_fitted,0.38382020485131013,0.15572773960889502,0.6428571428571429,0.81190476190476191,0.36863686621664782,0.054700350007991339,0.031766283719826149,True,TIGER-Lab/General-Reasoner-Qwen2.5-7B,0.35559068624592227,-0.013046179970725547,-0.0075888337281963536,True,0.11187086109431599,0.053679490537243052,True,0.18532186654459742,0.097802159421564713
Qwen/Qwen2.5-7B-Instruct,irrelevant_context,20260835,0,vector_fitted,0.33074530940991487,0.13015212061123349,0.68214285714285716,0.82857142857142863,0.37075988288345274,0.054676661937294646,0.031766283719826149,True,TIGER-Lab/General-Reasoner-Qwen2.5-7B,0.35559068624592227,-0.015169196637530469,-0.0075888337281963536,True,0.11187086109431599,0.053679490537243052,True,0.18532186654459742,0.097802159421564713
Qwen/Qwen2.5-7B-Instruct,irrelevant_context,20260835,64,vector_fitted,0.38443141848950063,0.15953338135944151,0.6154761904761904,0.79404761904761911,0.37075988288345274,0.054676661937294646,0.031766283719826149,True,TIGER-Lab/General-Reasoner-Qwen2.5-7B,0.35559068624592227,-0.015169196637530469,-0.0075888337281963536,True,0.11187086109431599,0.053679490537243052,True,0.18532186654459742,0.097802159421564713
Qwen/Qwen2.5-7B-Instruct,irrelevant_context,20260835,128,vector_fitted,0.37603930406965141,0.15395644210807996,0.6511904761904761,0.82619047619047614,0.37075988288345274,0.054676661937294646,0.031766283719826149,True,TIGER-Lab/General-Reasoner-Qwen2.5-7B,0.35559068624592227,-0.015169196637530469,-0.0075888337281963536,True,0.11187086109431599,0.053679490537243052,True,0.18532186654459742,0.097802159421564713
Qwen/Qwen2.5-7B-Instruct,irrelevant_context,20260835,256,vector_fitted,0.37716141110098717,0.15326736539199323,0.63809523809523816,0.81904761904761914,0.37075988288345274,0.054676661937294646,0.031766283719826149,True,TIGER-Lab/General-Reasoner-Qwen2.5-7B,0.35559068624592227,-0.015169196637530469,-0.0075888337281963536,True,0.11187086109431599,0.053679490537243052,True,0.18532186654459742,0.097802159421564713
Qwen/Qwen2.5-7B-Instruct,irrelevant_context,20260835,512,vector_fitted,0.38542197134720951,0.15666869634414538,0.64047619047619053,0.80952380952380965,0.37075988288345274,0.054676661937294646,0.031766283719826149,True,TIGER-Lab/General-Reasoner-Qwen2.5-7B,0.35559068624592227,-0.015169196637530469,-0.0075888337281963536,True,0.11187086109431599,0.053679490537243052,True,0.18532186654459742,0.097802159421564713
Qwen/Qwen2.5-7B-Instruct,irrelevant_context,20260836,0,scalar_fitted,0.33163665276828858,0.13229646837579154,0.70357142857142863,0.86785714285714288,0.3702866601852397,0.051786583028795075,0.029583896966214218,True,TIGER-Lab/General-Reasoner-Qwen2.5-7B,0.34136278700750816,-0.028923873177731541,-0.015351564729837702,True,0.11740152243686297,0.060627220384457864,True,0.21422799441016904,0.11671748065846127
Qwen/Qwen2.5-7B-Instruct,irrelevant_context,20260836,64,scalar_fitted,0.38116919751775424,0.1572114552140898,0.62619047619047619,0.830952380952381,0.3702866601852397,0.051786583028795075,0.029583896966214218,True,TIGER-Lab/General-Reasoner-Qwen2.5-7B,0.34136278700750816,-0.028923873177731541,-0.015351564729837702,True,0.11740152243686297,0.060627220384457864,True,0.21422799441016904,0.11671748065846127
Qwen/Qwen2.5-7B-Instruct,irrelevant_context,20260836,128,scalar_fitted,0.37906979661311652,0.15464795263668174,0.6428571428571429,0.84761904761904761,0.3702866601852397,0.051786583028795075,0.029583896966214218,True,TIGER-Lab/General-Reasoner-Qwen2.5-7B,0.34136278700750816,-0.028923873177731541,-0.015351564729837702,True,0.11740152243686297,0.060627220384457864,True,0.21422799441016904,0.11671748065846127
Qwen/Qwen2.5-7B-Instruct,irrelevant_context,20260836,256,scalar_fitted,0.37613441822995558,0.15235655012985838,0.64166666666666661,0.84642857142857142,0.3702866601852397,0.051786583028795075,0.029583896966214218,True,TIGER-Lab/General-Reasoner-Qwen2.5-7B,0.34136278700750816,-0.028923873177731541,-0.015351564729837702,True,0.11740152243686297,0.060627220384457864,True,0.21422799441016904,0.11671748065846127
Qwen/Qwen2.5-7B-Instruct,irrelevant_context,20260836,512,scalar_fitted,0.38342323579708365,0.15693948223263182,0.64404761904761898,0.83690476190476182,0.3702866601852397,0.051786583028795075,0.029583896966214218,True,TIGER-Lab/General-Reasoner-Qwen2.5-7B,0.34136278700750816,-0.028923873177731541,-0.015351564729837702,True,0.11740152243686297,0.060627220384457864,True,0.21422799441016904,0.11671748065846127
Qwen/Qwen2.5-7B-Instruct,irrelevant_context,20260836,0,vector_fitted,0.32675758794661719,0.1286905979005219,0.71071428571428574,0.86785714285714288,0.36576006428221908,0.05287488474342994,0.029583896966214218,True,TIGER-Lab/General-Reasoner-Qwen2.5-7B,0.34136278700750816,-0.024397277274710916,-0.015351564729837702,True,0.11740152243686297,0.060627220384457864,True,0.21422799441016904,0.11671748065846127
Qwen/Qwen2.5-7B-Instruct,irrelevant_context,20260836,64,vector_fitted,0.37552152180750942,0.1534079958898735,0.63214285714285712,0.83214285714285718,0.36576006428221908,0.05287488474342994,0.029583896966214218,True,TIGER-Lab/General-Reasoner-Qwen2.5-7B,0.34136278700750816,-0.024397277274710916,-0.015351564729837702,True,0.11740152243686297,0.060627220384457864,True,0.21422799441016904,0.11671748065846127
Qwen/Qwen2.5-7B-Instruct,irrelevant_context,20260836,128,vector_fitted,0.37452598277827592,0.15160150234996062,0.64761904761904765,0.84285714285714286,0.36576006428221908,0.05287488474342994,0.029583896966214218,True,TIGER-Lab/General-Reasoner-Qwen2.5-7B,0.34136278700750816,-0.024397277274710916,-0.015351564729837702,True,0.11740152243686297,0.060627220384457864,True,0.21422799441016904,0.11671748065846127
Qwen/Qwen2.5-7B-Instruct,irrelevant_context,20260836,256,vector_fitted,0.37236275618864606,0.14965638064140621,0.66309523809523818,0.85238095238095246,0.36576006428221908,0.05287488474342994,0.029583896966214218,True,TIGER-Lab/General-Reasoner-Qwen2.5-7B,0.34136278700750816,-0.024397277274710916,-0.015351564729837702,True,0.11740152243686297,0.060627220384457864,True,0.21422799441016904,0.11671748065846127
Qwen/Qwen2.5-7B-Instruct,irrelevant_context,20260836,512,vector_fitted,0.37963247269004713,0.15386528422588494,0.66547619047619055,0.84999999999999998,0.36576006428221908,0.05287488474342994,0.029583896966214218,True,TIGER-Lab/General-Reasoner-Qwen2.5-7B,0.34136278700750816,-0.024397277274710916,-0.015351564729837702,True,0.11740152243686297,0.060627220384457864,True,0.21422799441016904,0.11671748065846127
Qwen/Qwen2.5-7B-Instruct,irrelevant_context,20260837,0,scalar_fitted,0.31701323045986829,0.12396966870154308,0.7142857142857143,0.87857142857142856,0.36726207530010979,0.064393721385727354,0.043292799614735505,True,TIGER-Lab/General-Reasoner-Qwen2.5-7B,0.35716723484879087,-0.01009484045131892,-0.0056170180730656938,True,0.11449779588249626,0.058027556303718392,True,0.15479152823512826,0.077427647601551325
Qwen/Qwen2.5-7B-Instruct,irrelevant_context,20260837,64,scalar_fitted,0.38506497757725372,0.15883920864990295,0.61904761904761907,0.82380952380952388,0.36726207530010979,0.064393721385727354,0.043292799614735505,True,TIGER-Lab/General-Reasoner-Qwen2.5-7B,0.35716723484879087,-0.01009484045131892,-0.0056170180730656938,True,0.11449779588249626,0.058027556303718392,True,0.15479152823512826,0.077427647601551325
Qwen/Qwen2.5-7B-Instruct,irrelevant_context,20260837,128,scalar_fitted,0.37536738588195667,0.153459230633747,0.64166666666666672,0.84523809523809523,0.36726207530010979,0.064393721385727354,0.043292799614735505,True,TIGER-Lab/General-Reasoner-Qwen2.5-7B,0.35716723484879087,-0.01009484045131892,-0.0056170180730656938,True,0.11449779588249626,0.058027556303718392,True,0.15479152823512826,0.077427647601551325
Qwen/Qwen2.5-7B-Instruct,irrelevant_context,20260837,256,scalar_fitted,0.37745783073587497,0.15351227863411537,0.63809523809523816,0.84285714285714286,0.36726207530010979,0.064393721385727354,0.043292799614735505,True,TIGER-Lab/General-Reasoner-Qwen2.5-7B,0.35716723484879087,-0.01009484045131892,-0.0056170180730656938,True,0.11449779588249626,0.058027556303718392,True,0.15479152823512826,0.077427647601551325
Qwen/Qwen2.5-7B-Instruct,irrelevant_context,20260837,512,scalar_fitted,0.38140695184559564,0.15528433062017311,0.6428571428571429,0.830952380952381,0.36726207530010979,0.064393721385727354,0.043292799614735505,True,TIGER-Lab/General-Reasoner-Qwen2.5-7B,0.35716723484879087,-0.01009484045131892,-0.0056170180730656938,True,0.11449779588249626,0.058027556303718392,True,0.15479152823512826,0.077427647601551325
Qwen/Qwen2.5-7B-Instruct,irrelevant_context,20260837,0,vector_fitted,0.3187334633331167,0.12434253341501784,0.72499999999999998,0.88928571428571423,0.3697169125616262,0.065267302678431116,0.043292799614735505,True,TIGER-Lab/General-Reasoner-Qwen2.5-7B,0.35716723484879087,-0.012549677712835328,-0.0056170180730656938,True,0.11449779588249626,0.058027556303718392,True,0.15479152823512826,0.077427647601551325
Qwen/Qwen2.5-7B-Instruct,irrelevant_context,20260837,64,vector_fitted,0.3871743351499457,0.15971925629718819,0.62023809523809526,0.82857142857142863,0.3697169125616262,0.065267302678431116,0.043292799614735505,True,TIGER-Lab/General-Reasoner-Qwen2.5-7B,0.35716723484879087,-0.012549677712835328,-0.0056170180730656938,True,0.11449779588249626,0.058027556303718392,True,0.15479152823512826,0.077427647601551325
Qwen/Qwen2.5-7B-Instruct,irrelevant_context,20260837,128,vector_fitted,0.37804674047052911,0.1545635579913697,0.6428571428571429,0.84761904761904761,0.3697169125616262,0.065267302678431116,0.043292799614735505,True,TIGER-Lab/General-Reasoner-Qwen2.5-7B,0.35716723484879087,-0.012549677712835328,-0.0056170180730656938,True,0.11449779588249626,0.058027556303718392,True,0.15479152823512826,0.077427647601551325
Qwen/Qwen2.5-7B-Instruct,irrelevant_context,20260837,256,vector_fitted,0.38062925784299173,0.15458734746643205,0.64047619047619042,0.84642857142857142,0.3697169125616262,0.065267302678431116,0.043292799614735505,True,TIGER-Lab/General-Reasoner-Qwen2.5-7B,0.35716723484879087,-0.012549677712835328,-0.0056170180730656938,True,0.11449779588249626,0.058027556303718392,True,0.15479152823512826,0.077427647601551325
Qwen/Qwen2.5-7B-Instruct,irrelevant_context,20260837,512,vector_fitted,0.38400076601154781,0.15613726860082763,0.64523809523809528,0.83690476190476193,0.3697169125616262,0.065267302678431116,0.043292799614735505,True,TIGER-Lab/General-Reasoner-Qwen2.5-7B,0.35716723484879087,-0.012549677712835328,-0.0056170180730656938,True,0.11449779588249626,0.058027556303718392,True,0.15479152823512826,0.077427647601551325
TIGER-Lab/General-Reasoner-Qwen2.5-7B,content_deletion,20260828,0,scalar_fitted,0.27121840746539255,0.094704225758424881,0.71071428571428574,0.84999999999999998,0.29287188904149514,0.031790520558085678,0.0079095190369131707,True,Qwen/Qwen2.5-7B-Instruct,0.31804417950670572,0.025172290465210578,0.00081812697161084968,True,0.10927416540503671,0.063723125127475105,True,0.15512351180912065,0.06725005183987201
TIGER-Lab/General-Reasoner-Qwen2.5-7B,content_deletion,20260828,0.10000000000000001,scalar_fitted,0.29352858437929308,0.10124502299792235,0.68214285714285716,0.84166666666666667,0.29287188904149514,0.031790520558085678,0.0079095190369131707,True,Qwen/Qwen2.5-7B-Instruct,0.31804417950670572,0.025172290465210578,0.00081812697161084968,True,0.10927416540503671,0.063723125127475105,True,0.15512351180912065,0.06725005183987201
TIGER-Lab/General-Reasoner-Qwen2.5-7B,content_deletion,20260828,0.20000000000000001,scalar_fitted,0.29809128688946185,0.10334785593502695,0.7047619047619047,0.85476190476190483,0.29287188904149514,0.031790520558085678,0.0079095190369131707,True,Qwen/Qwen2.5-7B-Instruct,0.31804417950670572,0.025172290465210578,0.00081812697161084968,True,0.10927416540503671,0.063723125127475105,True,0.15512351180912065,0.06725005183987201
TIGER-Lab/General-Reasoner-Qwen2.5-7B,content_deletion,20260828,0.29999999999999999,scalar_fitted,0.29851223844984986,0.10181328035118473,0.6964285714285714,0.85952380952380947,0.29287188904149514,0.031790520558085678,0.0079095190369131707,True,Qwen/Qwen2.5-7B-Instruct,0.31804417950670572,0.025172290465210578,0.00081812697161084968,True,0.10927416540503671,0.063723125127475105,True,0.15512351180912065,0.06725005183987201
TIGER-Lab/General-Reasoner-Qwen2.5-7B,content_deletion,20260828,0.40000000000000002,scalar_fitted,0.30300892802347823,0.1019188992325715,0.69285714285714284,0.875,0.29287188904149514,0.031790520558085678,0.0079095190369131707,True,Qwen/Qwen2.5-7B-Instruct,0.31804417950670572,0.025172290465210578,0.00081812697161084968,True,0.10927416540503671,0.063723125127475105,True,0.15512351180912065,0.06725005183987201
TIGER-Lab/General-Reasoner-Qwen2.5-7B,content_deletion,20260828,0,vector_fitted,0.27611182380181176,0.095951236868338757,0.71071428571428574,0.84999999999999998,0.2982202328722508,0.032778433843138777,0.0079095190369131707,True,Qwen/Qwen2.5-7B-Instruct,0.31804417950670572,0.019823946634454914,0.00081812697161084968,True,0.10927416540503671,0.063723125127475105,True,0.15512351180912065,0.06725005183987201
TIGER-Lab/General-Reasoner-Qwen2.5-7B,content_deletion,20260828,0.10000000000000001,vector_fitted,0.29793963357101549,0.10218390721548543,0.68333333333333324,0.84166666666666667,0.2982202328722508,0.032778433843138777,0.0079095190369131707,True,Qwen/Qwen2.5-7B-Instruct,0.31804417950670572,0.019823946634454914,0.00081812697161084968,True,0.10927416540503671,0.063723125127475105,True,0.15512351180912065,0.06725005183987201
TIGER-Lab/General-Reasoner-Qwen2.5-7B,content_deletion,20260828,0.20000000000000001,vector_fitted,0.30353708299817106,0.10444926772713899,0.7047619047619047,0.85357142857142854,0.2982202328722508,0.032778433843138777,0.0079095190369131707,True,Qwen/Qwen2.5-7B-Instruct,0.31804417950670572,0.019823946634454914,0.00081812697161084968,True,0.10927416540503671,0.063723125127475105,True,0.15512351180912065,0.06725005183987201
TIGER-Lab/General-Reasoner-Qwen2.5-7B,content_deletion,20260828,0.29999999999999999,vector_fitted,0.30462236634530498,0.10354848587015113,0.69523809523809532,0.85952380952380958,0.2982202328722508,0.032778433843138777,0.0079095190369131707,True,Qwen/Qwen2.5-7B-Instruct,0.31804417950670572,0.019823946634454914,0.00081812697161084968,True,0.10927416540503671,0.063723125127475105,True,0.15512351180912065,0.06725005183987201
TIGER-Lab/General-Reasoner-Qwen2.5-7B,content_deletion,20260828,0.40000000000000002,vector_fitted,0.30889025764495054,0.10382330681310677,0.69285714285714284,0.87738095238095248,0.2982202328722508,0.032778433843138777,0.0079095190369131707,True,Qwen/Qwen2.5-7B-Instruct,0.31804417950670572,0.019823946634454914,0.00081812697161084968,True,0.10927416540503671,0.063723125127475105,True,0.15512351180912065,0.06725005183987201
TIGER-Lab/General-Reasoner-Qwen2.5-7B,content_deletion,20260829,0,scalar_fitted,0.27602343145014768,0.094025226492447392,0.7321428571428571,0.85357142857142854,0.28307316898289353,0.017460684826066553,0.0044985351453853684,True,Qwen/Qwen2.5-7B-Instruct,0.29952073089254122,0.01644756190964769,-0.0015617659968311381,False,0.10451575859860096,0.061710752810295033,True,0.21809024451331599,0.091839062228037963
TIGER-Lab/General-Reasoner-Qwen2.5-7B,content_deletion,20260829,0.10000000000000001,scalar_fitted,0.27943712308959429,0.095948688294143283,0.71309523809523812,0.87023809523809526,0.28307316898289353,0.017460684826066553,0.0044985351453853684,True,Qwen/Qwen2.5-7B-Instruct,0.29952073089254122,0.01644756190964769,-0.0015617659968311381,False,0.10451575859860096,0.061710752810295033,True,0.21809024451331599,0.091839062228037963
TIGER-Lab/General-Reasoner-Qwen2.5-7B,content_deletion,20260829,0.20000000000000001,scalar_fitted,0.27753348707240522,0.095613751015170168,0.73571428571428577,0.86904761904761907,0.28307316898289353,0.017460684826066553,0.0044985351453853684,True,Qwen/Qwen2.5-7B-Instruct,0.29952073089254122,0.01644756190964769,-0.0015617659968311381,False,0.10451575859860096,0.061710752810295033,True,0.21809024451331599,0.091839062228037963
TIGER-Lab/General-Reasoner-Qwen2.5-7B,content_deletion,20260829,0.29999999999999999,scalar_fitted,0.28888768702610618,0.0985758886627109,0.705952380952381,0.86190476190476195,0.28307316898289353,0.017460684826066553,0.0044985351453853684,True,Qwen/Qwen2.5-7B-Instruct,0.29952073089254122,0.01644756190964769,-0.0015617659968311381,False,0.10451575859860096,0.061710752810295033,True,0.21809024451331599,0.091839062228037963
TIGER-Lab/General-Reasoner-Qwen2.5-7B,content_deletion,20260829,0.40000000000000002,scalar_fitted,0.29348411627621424,0.099970478886901221,0.71309523809523812,0.87261904761904752,0.28307316898289353,0.017460684826066553,0.0044985351453853684,True,Qwen/Qwen2.5-7B-Instruct,0.29952073089254122,0.01644756190964769,-0.0015617659968311381,False,0.10451575859860096,0.061710752810295033,True,0.21809024451331599,0.091839062228037963
TIGER-Lab/General-Reasoner-Qwen2.5-7B,content_deletion,20260829,0,vector_fitted,0.27704224060569888,0.093834903805588843,0.7321428571428571,0.8571428571428571,0.28578899210201991,0.020215654133540095,0.0044985351453853684,True,Qwen/Qwen2.5-7B-Instruct,0.29952073089254122,0.013731738790521308,-0.0015617659968311381,False,0.10451575859860096,0.061710752810295033,True,0.21809024451331599,0.091839062228037963
TIGER-Lab/General-Reasoner-Qwen2.5-7B,content_deletion,20260829,0.10000000000000001,vector_fitted,0.28144399370915613,0.096000132160684537,0.71666666666666679,0.87380952380952381,0.28578899210201991,0.020215654133540095,0.0044985351453853684,True,Qwen/Qwen2.5-7B-Instruct,0.29952073089254122,0.013731738790521308,-0.0015617659968311381,False,0.10451575859860096,0.061710752810295033,True,0.21809024451331599,0.091839062228037963
TIGER-Lab/General-Reasoner-Qwen2.5-7B,content_deletion,20260829,0.20000000000000001,vector_fitted,0.28035009184378357,0.095965029668411819,0.73571428571428577,0.86904761904761907,0.28578899210201991,0.020215654133540095,0.0044985351453853684,True,Qwen/Qwen2.5-7B-Instruct,0.29952073089254122,0.013731738790521308,-0.0015617659968311381,False,0.10451575859860096,0.061710752810295033,True,0.21809024451331599,0.091839062228037963
TIGER-Lab/General-Reasoner-Qwen2.5-7B,content_deletion,20260829,0.29999999999999999,vector_fitted,0.29285073961222197,0.099231198433361756,0.70952380952380956,0.86071428571428577,0.28578899210201991,0.020215654133540095,0.0044985351453853684,True,Qwen/Qwen2.5-7B-Instruct,0.29952073089254122,0.013731738790521308,-0.0015617659968311381,False,0.10451575859860096,0.061710752810295033,True,0.21809024451331599,0.091839062228037963
TIGER-Lab/General-Reasoner-Qwen2.5-7B,content_deletion,20260829,0.40000000000000002,vector_fitted,0.29725789473923897,0.10050980627351651,0.7142857142857143,0.86904761904761907,0.28578899210201991,0.020215654133540095,0.0044985351453853684,True,Qwen/Qwen2.5-7B-Instruct,0.29952073089254122,0.013731738790521308,-0.0015617659968311381,False,0.10451575859860096,0.061710752810295033,True,0.21809024451331599,0.091839062228037963
TIGER-Lab/General-Reasoner-Qwen2.5-7B,content_deletion,20260830,0,scalar_fitted,0.27789548810740466,0.095447186622172359,0.71071428571428574,0.83571428571428574,0.28724347431163333,0.010265325621027444,-0.0058672071606727938,False,Qwen/Qwen2.5-7B-Instruct,0.31754769845365854,0.030304224142025216,0.0054565405012219209,True,0.10601967607337526,0.052760371469569342,True,0.14065096646595138,0.069915852669522077
TIGER-Lab/General-Reasoner-Qwen2.5-7B,content_deletion,20260830,0.10000000000000001,scalar_fitted,0.2896384281533026,0.10089657088442484,0.68333333333333324,0.86309523809523803,0.28724347431163333,0.010265325621027444,-0.0058672071606727938,False,Qwen/Qwen2.5-7B-Instruct,0.31754769845365854,0.030304224142025216,0.0054565405012219209,True,0.10601967607337526,0.052760371469569342,True,0.14065096646595138,0.069915852669522077
TIGER-Lab/General-Reasoner-Qwen2.5-7B,content_deletion,20260830,0.20000000000000001,scalar_fitted,0.29161912172865462,0.10010274570992096,0.69285714285714284,0.87738095238095237,0.28724347431163333,0.010265325621027444,-0.0058672071606727938,False,Qwen/Qwen2.5-7B-Instruct,0.31754769845365854,0.030304224142025216,0.0054565405012219209,True,0.10601967607337526,0.052760371469569342,True,0.14065096646595138,0.069915852669522077
TIGER-Lab/General-Reasoner-Qwen2.5-7B,content_deletion,20260830,0.29999999999999999,scalar_fitted,0.28890351984037271,0.096208446976027526,0.68571428571428572,0.87619047619047619,0.28724347431163333,0.010265325621027444,-0.0058672071606727938,False,Qwen/Qwen2.5-7B-Instruct,0.31754769845365854,0.030304224142025216,0.0054565405012219209,True,0.10601967607337526,0.052760371469569342,True,0.14065096646595138,0.069915852669522077
TIGER-Lab/General-Reasoner-Qwen2.5-7B,content_deletion,20260830,0.40000000000000002,scalar_fitted,0.28816081372843211,0.093970262226186277,0.69047619047619035,0.88452380952380949,0.28724347431163333,0.010265325621027444,-0.0058672071606727938,False,Qwen/Qwen2.5-7B-Instruct,0.31754769845365854,0.030304224142025216,0.0054565405012219209,True,0.10601967607337526,0.052760371469569342,True,0.14065096646595138,0.069915852669522077
TIGER-Lab/General-Reasoner-Qwen2.5-7B,content_deletion,20260830,0,vector_fitted,0.2826285451322692,0.097014893960014975,0.70357142857142863,0.83214285714285718,0.29227034951037612,0.011045097975339757,-0.0058672071606727938,False,Qwen/Qwen2.5-7B-Instruct,0.31754769845365854,0.025277348943282429,0.0054565405012219209,True,0.10601967607337526,0.052760371469569342,True,0.14065096646595138,0.069915852669522077
TIGER-Lab/General-Reasoner-Qwen2.5-7B,content_deletion,20260830,0.10000000000000001,vector_fitted,0.29441691870460007,0.10208580174385459,0.67976190476190468,0.85833333333333328,0.29227034951037612,0.011045097975339757,-0.0058672071606727938,False,Qwen/Qwen2.5-7B-Instruct,0.31754769845365854,0.025277348943282429,0.0054565405012219209,True,0.10601967607337526,0.052760371469569342,True,0.14065096646595138,0.069915852669522077
TIGER-Lab/General-Reasoner-Qwen2.5-7B,content_deletion,20260830,0.20000000000000001,vector_fitted,0.29634114847220872,0.10148419379668409,0.69166666666666665,0.87857142857142856,0.29227034951037612,0.011045097975339757,-0.0058672071606727938,False,Qwen/Qwen2.5-7B-Instruct,0.31754769845365854,0.025277348943282429,0.0054565405012219209,True,0.10601967607337526,0.052760371469569342,True,0.14065096646595138,0.069915852669522077
TIGER-Lab/General-Reasoner-Qwen2.5-7B,content_deletion,20260830,0.29999999999999999,vector_fitted,0.2942914921351934,0.097937353544748543,0.68690476190476191,0.875,0.29227034951037612,0.011045097975339757,-0.0058672071606727938,False,Qwen/Qwen2.5-7B-Instruct,0.31754769845365854,0.025277348943282429,0.0054565405012219209,True,0.10601967607337526,0.052760371469569342,True,0.14065096646595138,0.069915852669522077
TIGER-Lab/General-Reasoner-Qwen2.5-7B,content_deletion,20260830,0.40000000000000002,vector_fitted,0.29367364310760896,0.095819477758965502,0.69166666666666676,0.88214285714285712,0.29227034951037612,0.011045097975339757,-0.0058672071606727938,False,Qwen/Qwen2.5-7B-Instruct,0.31754769845365854,0.025277348943282429,0.0054565405012219209,True,0.10601967607337526,0.052760371469569342,True,0.14065096646595138,0.069915852669522077
TIGER-Lab/General-Reasoner-Qwen2.5-7B,content_deletion,20260831,0,scalar_fitted,0.27813676326690828,0.098550249790982522,0.70357142857142863,0.84642857142857142,0.29628898993963593,0.027128439272239901,0.0012820579313222169,True,Qwen/Qwen2.5-7B-Instruct,0.30948930459581037,0.013200314656174439,-0.0050893404215021643,False,0.10841793034894964,0.056994450017755327,True,0.1312772569317166,0.057206803935003457
TIGER-Lab/General-Reasoner-Qwen2.5-7B,content_deletion,20260831,0.10000000000000001,scalar_fitted,0.29585552100034618,0.10509100551147231,0.68571428571428572,0.85238095238095235,0.29628898993963593,0.027128439272239901,0.0012820579313222169,True,Qwen/Qwen2.5-7B-Instruct,0.30948930459581037,0.013200314656174439,-0.0050893404215021643,False,0.10841793034894964,0.056994450017755327,True,0.1312772569317166,0.057206803935003457
TIGER-Lab/General-Reasoner-Qwen2.5-7B,content_deletion,20260831,0.20000000000000001,scalar_fitted,0.29856605212261073,0.10641638902649381,0.70357142857142863,0.85952380952380958,0.29628898993963593,0.027128439272239901,0.0012820579313222169,True,Qwen/Qwen2.5-7B-Instruct,0.30948930459581037,0.013200314656174439,-0.0050893404215021643,False,0.10841793034894964,0.056994450017755327,True,0.1312772569317166,0.057206803935003457
TIGER-Lab/General-Reasoner-Qwen2.5-7B,content_deletion,20260831,0.29999999999999999,scalar_fitted,0.30362141076916621,0.10665876901158537,0.6964285714285714,0.8738095238095237,0.29628898993963593,0.027128439272239901,0.0012820579313222169,True,Qwen/Qwen2.5-7B-Instruct,0.30948930459581037,0.013200314656174439,-0.0050893404215021643,False,0.10841793034894964,0.056994450017755327,True,0.1312772569317166,0.057206803935003457
TIGER-Lab/General-Reasoner-Qwen2.5-7B,content_deletion,20260831,0.40000000000000002,scalar_fitted,0.30526520253914818,0.10490796686567973,0.69999999999999996,0.87976190476190474,0.29628898993963593,0.027128439272239901,0.0012820579313222169,True,Qwen/Qwen2.5-7B-Instruct,0.30948930459581037,0.013200314656174439,-0.0050893404215021643,False,0.10841793034894964,0.056994450017755327,True,0.1312772569317166,0.057206803935003457
TIGER-Lab/General-Reasoner-Qwen2.5-7B,content_deletion,20260831,0,vector_fitted,0.28067409102454105,0.098914124313472282,0.70357142857142863,0.84642857142857142,0.29961657971705236,0.028136030066339301,0.0012820579313222169,True,Qwen/Qwen2.5-7B-Instruct,0.30948930459581037,0.0098727248787580102,-0.0050893404215021643,False,0.10841793034894964,0.056994450017755327,True,0.1312772569317166,0.057206803935003457
TIGER-Lab/General-Reasoner-Qwen2.5-7B,content_deletion,20260831,0.10000000000000001,vector_fitted,0.29935996109496982,0.10560757802152157,0.68571428571428572,0.85119047619047616,0.29961657971705236,0.028136030066339301,0.0012820579313222169,True,Qwen/Qwen2.5-7B-Instruct,0.30948930459581037,0.0098727248787580102,-0.0050893404215021643,False,0.10841793034894964,0.056994450017755327,True,0.1312772569317166,0.057206803935003457
TIGER-Lab/General-Reasoner-Qwen2.5-7B,content_deletion,20260831,0.20000000000000001,vector_fitted,0.30242043503639382,0.10731268807810299,0.70357142857142863,0.85476190476190472,0.29961657971705236,0.028136030066339301,0.0012820579313222169,True,Qwen/Qwen2.5-7B-Instruct,0.30948930459581037,0.0098727248787580102,-0.0050893404215021643,False,0.10841793034894964,0.056994450017755327,True,0.1312772569317166,0.057206803935003457
TIGER-Lab/General-Reasoner-Qwen2.5-7B,content_deletion,20260831,0.29999999999999999,vector_fitted,0.30681829033847674,0.10735535239171477,0.69523809523809521,0.87142857142857144,0.29961657971705236,0.028136030066339301,0.0012820579313222169,True,Qwen/Qwen2.5-7B-Instruct,0.30948930459581037,0.0098727248787580102,-0.0050893404215021643,False,0.10841793034894964,0.056994450017755327,True,0.1312772569317166,0.057206803935003457
TIGER-Lab/General-Reasoner-Qwen2.5-7B,content_deletion,20260831,0.40000000000000002,vector_fitted,0.30881012109088035,0.10559524653034726,0.70119047619047625,0.87857142857142856,0.29961657971705236,0.028136030066339301,0.0012820579313222169,True,Qwen/Qwen2.5-7B-Instruct,0.30948930459581037,0.0098727248787580102,-0.0050893404215021643,False,0.10841793034894964,0.056994450017755327,True,0.1312772569317166,0.057206803935003457
TIGER-Lab/General-Reasoner-Qwen2.5-7B,content_deletion,20260832,0,scalar_fitted,0.2711352607757534,0.09019626231543873,0.7321428571428571,0.87142857142857144,0.2884508500043646,0.028359151122008819,0.0026815052335253386,True,Qwen/Qwen2.5-7B-Instruct,0.30623669863782682,0.01778584863346222,-0.0029013608578968286,False,0.10979872230196885,0.058865484494750209,True,0.12613505276883638,0.061700248210164926
TIGER-Lab/General-Reasoner-Qwen2.5-7B,content_deletion,20260832,0.10000000000000001,scalar_fitted,0.28520721516154818,0.098068561579618421,0.70833333333333326,0.87142857142857144,0.2884508500043646,0.028359151122008819,0.0026815052335253386,True,Qwen/Qwen2.5-7B-Instruct,0.30623669863782682,0.01778584863346222,-0.0029013608578968286,False,0.10979872230196885,0.058865484494750209,True,0.12613505276883638,0.061700248210164926
TIGER-Lab/General-Reasoner-Qwen2.5-7B,content_deletion,20260832,0.20000000000000001,scalar_fitted,0.287554581202565,0.098800946353909194,0.7142857142857143,0.87261904761904763,0.2884508500043646,0.028359151122008819,0.0026815052335253386,True,Qwen/Qwen2.5-7B-Instruct,0.30623669863782682,0.01778584863346222,-0.0029013608578968286,False,0.10979872230196885,0.058865484494750209,True,0.12613505276883638,0.061700248210164926
TIGER-Lab/General-Reasoner-Qwen2.5-7B,content_deletion,20260832,0.29999999999999999,scalar_fitted,0.29886278098419417,0.10163361252350916,0.69523809523809532,0.87142857142857144,0.2884508500043646,0.028359151122008819,0.0026815052335253386,True,Qwen/Qwen2.5-7B-Instruct,0.30623669863782682,0.01778584863346222,-0.0029013608578968286,False,0.10979872230196885,0.058865484494750209,True,0.12613505276883638,0.061700248210164926
TIGER-Lab/General-Reasoner-Qwen2.5-7B,content_deletion,20260832,0.40000000000000002,scalar_fitted,0.29949441189776221,0.10026114250703454,0.6964285714285714,0.87976190476190474,0.2884508500043646,0.028359151122008819,0.0026815052335253386,True,Qwen/Qwen2.5-7B-Instruct,0.30623669863782682,0.01778584863346222,-0.0029013608578968286,False,0.10979872230196885,0.058865484494750209,True,0.12613505276883638,0.061700248210164926
TIGER-Lab/General-Reasoner-Qwen2.5-7B,content_deletion,20260832,0,vector_fitted,0.27658991315057602,0.092002858133043944,0.72857142857142854,0.86785714285714288,0.29341605405558274,0.027529832526244358,0.0026815052335253386,True,Qwen/Qwen2.5-7B-Instruct,0.30623669863782682,0.012820644582244078,-0.0029013608578968286,False,0.10979872230196885,0.058865484494750209,True,0.12613505276883638,0.061700248210164926
TIGER-Lab/General-Reasoner-Qwen2.5-7B,content_deletion,20260832,0.10000000000000001,vector_fitted,0.29070438600764248,0.099609269948371659,0.70714285714285718,0.8666666666666667,0.29341605405558274,0.027529832526244358,0.0026815052335253386,True,Qwen/Qwen2.5-7B-Instruct,0.30623669863782682,0.012820644582244078,-0.0029013608578968286,False,0.10979872230196885,0.058865484494750209,True,0.12613505276883638,0.061700248210164926
TIGER-Lab/General-Reasoner-Qwen2.5-7B,content_deletion,20260832,0.20000000000000001,vector_fitted,0.29263345112165118,0.10002628894435926,0.71190476190476193,0.87023809523809526,0.29341605405558274,0.027529832526244358,0.0026815052335253386,True,Qwen/Qwen2.5-7B-Instruct,0.30623669863782682,0.012820644582244078,-0.0029013608578968286,False,0.10979872230196885,0.058865484494750209,True,0.12613505276883638,0.061700248210164926
TIGER-Lab/General-Reasoner-Qwen2.5-7B,content_deletion,20260832,0.29999999999999999,vector_fitted,0.30303277432122377,0.10269439543449858,0.68928571428571428,0.86428571428571432,0.29341605405558274,0.027529832526244358,0.0026815052335253386,True,Qwen/Qwen2.5-7B-Instruct,0.30623669863782682,0.012820644582244078,-0.0029013608578968286,False,0.10979872230196885,0.058865484494750209,True,0.12613505276883638,0.061700248210164926
TIGER-Lab/General-Reasoner-Qwen2.5-7B,content_deletion,20260832,0.40000000000000002,vector_fitted,0.30411974567682037,0.10135959095821226,0.69404761904761902,0.87380952380952392,0.29341605405558274,0.027529832526244358,0.0026815052335253386,True,Qwen/Qwen2.5-7B-Instruct,0.30623669863782682,0.012820644582244078,-0.0029013608578968286,False,0.10979872230196885,0.058865484494750209,True,0.12613505276883638,0.061700248210164926
TIGER-Lab/General-Reasoner-Qwen2.5-7B,content_deletion,20260833,0,scalar_fitted,0.27976395571613022,0.094353805933513835,0.68571428571428572,0.81071428571428572,0.2995144961530028,0.027449311969040657,-0.0027267167429373407,False,Qwen/Qwen2.5-7B-Instruct,0.32473134976878948,0.025216853615786683,0.0036015415260603201,True,0.10485896862237076,0.058587657719487818,True,0.1362795994827633,0.063353380766399986
TIGER-Lab/General-Reasoner-Qwen2.5-7B,content_deletion,20260833,0.10000000000000001,scalar_fitted,0.29971714602391797,0.10456123790292371,0.6785714285714286,0.83452380952380956,0.2995144961530028,0.027449311969040657,-0.0027267167429373407,False,Qwen/Qwen2.5-7B-Instruct,0.32473134976878948,0.025216853615786683,0.0036015415260603201,True,0.10485896862237076,0.058587657719487818,True,0.1362795994827633,0.063353380766399986
TIGER-Lab/General-Reasoner-Qwen2.5-7B,content_deletion,20260833,0.20000000000000001,scalar_fitted,0.30197487537282353,0.10607985109723926,0.68333333333333335,0.84166666666666679,0.2995144961530028,0.027449311969040657,-0.0027267167429373407,False,Qwen/Qwen2.5-7B-Instruct,0.32473134976878948,0.025216853615786683,0.0036015415260603201,True,0.10485896862237076,0.058587657719487818,True,0.1362795994827633,0.063353380766399986
TIGER-Lab/General-Reasoner-Qwen2.5-7B,content_deletion,20260833,0.29999999999999999,scalar_fitted,0.30890323596697145,0.10628693511284654,0.68095238095238086,0.8488095238095239,0.2995144961530028,0.027449311969040657,-0.0027267167429373407,False,Qwen/Qwen2.5-7B-Instruct,0.32473134976878948,0.025216853615786683,0.0036015415260603201,True,0.10485896862237076,0.058587657719487818,True,0.1362795994827633,0.063353380766399986
TIGER-Lab/General-Reasoner-Qwen2.5-7B,content_deletion,20260833,0.40000000000000002,scalar_fitted,0.30721326768517088,0.10444703181242994,0.67976190476190468,0.85595238095238091,0.2995144961530028,0.027449311969040657,-0.0027267167429373407,False,Qwen/Qwen2.5-7B-Instruct,0.32473134976878948,0.025216853615786683,0.0036015415260603201,True,0.10485896862237076,0.058587657719487818,True,0.1362795994827633,0.063353380766399986
TIGER-Lab/General-Reasoner-Qwen2.5-7B,content_deletion,20260833,0,vector_fitted,0.28417008901603652,0.096063534445480742,0.69285714285714284,0.81785714285714284,0.30388493163288388,0.027421337436583038,-0.0027267167429373407,False,Qwen/Qwen2.5-7B-Instruct,0.32473134976878948,0.020846418135905598,0.0036015415260603201,True,0.10485896862237076,0.058587657719487818,True,0.1362795994827633,0.063353380766399986
TIGER-Lab/General-Reasoner-Qwen2.5-7B,content_deletion,20260833,0.10000000000000001,vector_fitted,0.30415987022985758,0.10603048976293365,0.68333333333333324,0.83452380952380956,0.30388493163288388,0.027421337436583038,-0.0027267167429373407,False,Qwen/Qwen2.5-7B-Instruct,0.32473134976878948,0.020846418135905598,0.0036015415260603201,True,0.10485896862237076,0.058587657719487818,True,0.1362795994827633,0.063353380766399986
TIGER-Lab/General-Reasoner-Qwen2.5-7B,content_deletion,20260833,0.20000000000000001,vector_fitted,0.30595858564742018,0.10746818678764276,0.68452380952380965,0.84404761904761905,0.30388493163288388,0.027421337436583038,-0.0027267167429373407,False,Qwen/Qwen2.5-7B-Instruct,0.32473134976878948,0.020846418135905598,0.0036015415260603201,True,0.10485896862237076,0.058587657719487818,True,0.1362795994827633,0.063353380766399986
TIGER-Lab/General-Reasoner-Qwen2.5-7B,content_deletion,20260833,0.29999999999999999,vector_fitted,0.31354468681848563,0.10776673357852205,0.68333333333333324,0.84761904761904761,0.30388493163288388,0.027421337436583038,-0.0027267167429373407,False,Qwen/Qwen2.5-7B-Instruct,0.32473134976878948,0.020846418135905598,0.0036015415260603201,True,0.10485896862237076,0.058587657719487818,True,0.1362795994827633,0.063353380766399986
TIGER-Lab/General-Reasoner-Qwen2.5-7B,content_deletion,20260833,0.40000000000000002,vector_fitted,0.31159142645261956,0.10577274759321596,0.67976190476190468,0.85357142857142854,0.30388493163288388,0.027421337436583038,-0.0027267167429373407,False,Qwen/Qwen2.5-7B-Instruct,0.32473134976878948,0.020846418135905598,0.0036015415260603201,True,0.10485896862237076,0.058587657719487818,True,0.1362795994827633,0.063353380766399986
TIGER-Lab/General-Reasoner-Qwen2.5-7B,content_deletion,20260834,0,scalar_fitted,0.26374985604840201,0.087795314230576738,0.72857142857142854,0.8392857142857143,0.28969258432118061,0.036685002281353185,0.011551855029848179,True,Qwen/Qwen2.5-7B-Instruct,0.30313776787605218,0.013445183554871565,0.0025766666185356446,True,0.10835626911978347,0.059667266557457382,True,0.18950122186925328,0.098684384781202228
TIGER-Lab/General-Reasoner-Qwen2.5-7B,content_deletion,20260834,0.10000000000000001,scalar_fitted,0.28914877825513202,0.1019931396607159,0.70119047619047625,0.83333333333333337,0.28969258432118061,0.036685002281353185,0.011551855029848179,True,Qwen/Qwen2.5-7B-Instruct,0.30313776787605218,0.013445183554871565,0.0025766666185356446,True,0.10835626911978347,0.059667266557457382,True,0.18950122186925328,0.098684384781202228
TIGER-Lab/General-Reasoner-Qwen2.5-7B,content_deletion,20260834,0.20000000000000001,scalar_fitted,0.29694373228853305,0.10366679515280425,0.70595238095238089,0.83333333333333337,0.28969258432118061,0.036685002281353185,0.011551855029848179,True,Qwen/Qwen2.5-7B-Instruct,0.30313776787605218,0.013445183554871565,0.0025766666185356446,True,0.10835626911978347,0.059667266557457382,True,0.18950122186925328,0.098684384781202228
TIGER-Lab/General-Reasoner-Qwen2.5-7B,content_deletion,20260834,0.29999999999999999,scalar_fitted,0.29818569668408079,0.10222083278863371,0.69761904761904769,0.84523809523809534,0.28969258432118061,0.036685002281353185,0.011551855029848179,True,Qwen/Qwen2.5-7B-Instruct,0.30313776787605218,0.013445183554871565,0.0025766666185356446,True,0.10835626911978347,0.059667266557457382,True,0.18950122186925328,0.098684384781202228
TIGER-Lab/General-Reasoner-Qwen2.5-7B,content_deletion,20260834,0.40000000000000002,scalar_fitted,0.30043485832975519,0.10164038086187444,0.69523809523809521,0.85595238095238102,0.28969258432118061,0.036685002281353185,0.011551855029848179,True,Qwen/Qwen2.5-7B-Instruct,0.30313776787605218,0.013445183554871565,0.0025766666185356446,True,0.10835626911978347,0.059667266557457382,True,0.18950122186925328,0.098684384781202228
TIGER-Lab/General-Reasoner-Qwen2.5-7B,content_deletion,20260834,0,vector_fitted,0.27250614247270549,0.091048433999877776,0.73571428571428577,0.84285714285714286,0.29784868482485533,0.035482052281014365,0.011551855029848179,True,Qwen/Qwen2.5-7B-Instruct,0.30313776787605218,0.0052890830511968523,0.0025766666185356446,True,0.10835626911978347,0.059667266557457382,True,0.18950122186925328,0.098684384781202228
TIGER-Lab/General-Reasoner-Qwen2.5-7B,content_deletion,20260834,0.10000000000000001,vector_fitted,0.29734298272098009,0.10434644301048611,0.70119047619047625,0.83809523809523812,0.29784868482485533,0.035482052281014365,0.011551855029848179,True,Qwen/Qwen2.5-7B-Instruct,0.30313776787605218,0.0052890830511968523,0.0025766666185356446,True,0.10835626911978347,0.059667266557457382,True,0.18950122186925328,0.098684384781202228
TIGER-Lab/General-Reasoner-Qwen2.5-7B,content_deletion,20260834,0.20000000000000001,vector_fitted,0.30572554714504069,0.10638743387806206,0.7047619047619047,0.83690476190476182,0.29784868482485533,0.035482052281014365,0.011551855029848179,True,Qwen/Qwen2.5-7B-Instruct,0.30313776787605218,0.0052890830511968523,0.0025766666185356446,True,0.10835626911978347,0.059667266557457382,True,0.18950122186925328,0.098684384781202228
TIGER-Lab/General-Reasoner-Qwen2.5-7B,content_deletion,20260834,0.29999999999999999,vector_fitted,0.30568055703183056,0.10450485464282459,0.69880952380952388,0.8488095238095239,0.29784868482485533,0.035482052281014365,0.011551855029848179,True,Qwen/Qwen2.5-7B-Instruct,0.30313776787605218,0.0052890830511968523,0.0025766666185356446,True,0.10835626911978347,0.059667266557457382,True,0.18950122186925328,0.098684384781202228
TIGER-Lab/General-Reasoner-Qwen2.5-7B,content_deletion,20260834,0.40000000000000002,vector_fitted,0.30798819475371986,0.10374108384271798,0.69999999999999996,0.85357142857142854,0.29784868482485533,0.035482052281014365,0.011551855029848179,True,Qwen/Qwen2.5-7B-Instruct,0.30313776787605218,0.0052890830511968523,0.0025766666185356446,True,0.10835626911978347,0.059667266557457382,True,0.18950122186925328,0.098684384781202228
TIGER-Lab/General-Reasoner-Qwen2.5-7B,content_deletion,20260835,0,scalar_fitted,0.27915097516632797,0.09484642488086828,0.68214285714285716,0.8392857142857143,0.2917768967736783,0.019609706337748556,-0.0014432788949018671,False,Qwen/Qwen2.5-7B-Instruct,0.32050156491722259,0.028724668143544296,0.0091588967713163161,True,0.10357667918296204,0.054050171319785151,True,0.25445392860741145,0.12579576554104235
TIGER-Lab/General-Reasoner-Qwen2.5-7B,content_deletion,20260835,0.10000000000000001,scalar_fitted,0.28833574514710297,0.099351169055830718,0.67380952380952375,0.84880952380952379,0.2917768967736783,0.019609706337748556,-0.0014432788949018671,False,Qwen/Qwen2.5-7B-Instruct,0.32050156491722259,0.028724668143544296,0.0091588967713163161,True,0.10357667918296204,0.054050171319785151,True,0.25445392860741145,0.12579576554104235
TIGER-Lab/General-Reasoner-Qwen2.5-7B,content_deletion,20260835,0.20000000000000001,scalar_fitted,0.29649272084663697,0.10311928221967685,0.66547619047619055,0.83333333333333337,0.2917768967736783,0.019609706337748556,-0.0014432788949018671,False,Qwen/Qwen2.5-7B-Instruct,0.32050156491722259,0.028724668143544296,0.0091588967713163161,True,0.10357667918296204,0.054050171319785151,True,0.25445392860741145,0.12579576554104235
TIGER-Lab/General-Reasoner-Qwen2.5-7B,content_deletion,20260835,0.29999999999999999,scalar_fitted,0.29614436120424725,0.099861941514177738,0.66547619047619044,0.83452380952380945,0.2917768967736783,0.019609706337748556,-0.0014432788949018671,False,Qwen/Qwen2.5-7B-Instruct,0.32050156491722259,0.028724668143544296,0.0091588967713163161,True,0.10357667918296204,0.054050171319785151,True,0.25445392860741145,0.12579576554104235
TIGER-Lab/General-Reasoner-Qwen2.5-7B,content_deletion,20260835,0.40000000000000002,scalar_fitted,0.29876068150407653,0.098760991580629148,0.669047619047619,0.85357142857142854,0.2917768967736783,0.019609706337748556,-0.0014432788949018671,False,Qwen/Qwen2.5-7B-Instruct,0.32050156491722259,0.028724668143544296,0.0091588967713163161,True,0.10357667918296204,0.054050171319785151,True,0.25445392860741145,0.12579576554104235
TIGER-Lab/General-Reasoner-Qwen2.5-7B,content_deletion,20260835,0,vector_fitted,0.28630800079718915,0.096949224549776128,0.68214285714285716,0.8392857142857143,0.30101771061557664,0.022403443745819318,-0.0014432788949018671,False,Qwen/Qwen2.5-7B-Instruct,0.32050156491722259,0.019483854301645953,0.0091588967713163161,True,0.10357667918296204,0.054050171319785151,True,0.25445392860741145,0.12579576554104235
TIGER-Lab/General-Reasoner-Qwen2.5-7B,content_deletion,20260835,0.10000000000000001,vector_fitted,0.29749425955006753,0.10169341236695618,0.66428571428571426,0.84523809523809523,0.30101771061557664,0.022403443745819318,-0.0014432788949018671,False,Qwen/Qwen2.5-7B-Instruct,0.32050156491722259,0.019483854301645953,0.0091588967713163161,True,0.10357667918296204,0.054050171319785151,True,0.25445392860741145,0.12579576554104235
TIGER-Lab/General-Reasoner-Qwen2.5-7B,content_deletion,20260835,0.20000000000000001,vector_fitted,0.30620932406842982,0.10580987956735766,0.669047619047619,0.83690476190476182,0.30101771061557664,0.022403443745819318,-0.0014432788949018671,False,Qwen/Qwen2.5-7B-Instruct,0.32050156491722259,0.019483854301645953,0.0091588967713163161,True,0.10357667918296204,0.054050171319785151,True,0.25445392860741145,0.12579576554104235
TIGER-Lab/General-Reasoner-Qwen2.5-7B,content_deletion,20260835,0.29999999999999999,vector_fitted,0.30636552411918816,0.1029196050211332,0.67142857142857137,0.83571428571428585,0.30101771061557664,0.022403443745819318,-0.0014432788949018671,False,Qwen/Qwen2.5-7B-Instruct,0.32050156491722259,0.019483854301645953,0.0091588967713163161,True,0.10357667918296204,0.054050171319785151,True,0.25445392860741145,0.12579576554104235
TIGER-Lab/General-Reasoner-Qwen2.5-7B,content_deletion,20260835,0.40000000000000002,vector_fitted,0.30871144454300847,0.10209806366242209,0.67023809523809519,0.85595238095238091,0.30101771061557664,0.022403443745819318,-0.0014432788949018671,False,Qwen/Qwen2.5-7B-Instruct,0.32050156491722259,0.019483854301645953,0.0091588967713163161,True,0.10357667918296204,0.054050171319785151,True,0.25445392860741145,0.12579576554104235
TIGER-Lab/General-Reasoner-Qwen2.5-7B,content_deletion,20260836,0,scalar_fitted,0.28236527314043991,0.097119961402817437,0.6785714285714286,0.85357142857142854,0.30029370064165006,0.029626667397383455,0.0068129423870024186,True,Qwen/Qwen2.5-7B-Instruct,0.31728654757576014,0.016992846934110073,-0.0026325907015882499,False,0.10840365530096696,0.062359995437616528,True,0.1344602440276087,0.056954307268279693
TIGER-Lab/General-Reasoner-Qwen2.5-7B,content_deletion,20260836,0.10000000000000001,scalar_fitted,0.29761457955468124,0.1028529463429151,0.68333333333333324,0.875,0.30029370064165006,0.029626667397383455,0.0068129423870024186,True,Qwen/Qwen2.5-7B-Instruct,0.31728654757576014,0.016992846934110073,-0.0026325907015882499,False,0.10840365530096696,0.062359995437616528,True,0.1344602440276087,0.056954307268279693
TIGER-Lab/General-Reasoner-Qwen2.5-7B,content_deletion,20260836,0.20000000000000001,scalar_fitted,0.3043580791418406,0.10761785808944342,0.6964285714285714,0.88095238095238093,0.30029370064165006,0.029626667397383455,0.0068129423870024186,True,Qwen/Qwen2.5-7B-Instruct,0.31728654757576014,0.016992846934110073,-0.0026325907015882499,False,0.10840365530096696,0.062359995437616528,True,0.1344602440276087,0.056954307268279693
TIGER-Lab/General-Reasoner-Qwen2.5-7B,content_deletion,20260836,0.29999999999999999,scalar_fitted,0.30513863083346537,0.10518267466958799,0.69285714285714284,0.87976190476190474,0.30029370064165006,0.029626667397383455,0.0068129423870024186,True,Qwen/Qwen2.5-7B-Instruct,0.31728654757576014,0.016992846934110073,-0.0026325907015882499,False,0.10840365530096696,0.062359995437616528,True,0.1344602440276087,0.056954307268279693
TIGER-Lab/General-Reasoner-Qwen2.5-7B,content_deletion,20260836,0.40000000000000002,scalar_fitted,0.31199194053782336,0.10717468160592229,0.68095238095238098,0.87976190476190474,0.30029370064165006,0.029626667397383455,0.0068129423870024186,True,Qwen/Qwen2.5-7B-Instruct,0.31728654757576014,0.016992846934110073,-0.0026325907015882499,False,0.10840365530096696,0.062359995437616528,True,0.1344602440276087,0.056954307268279693
TIGER-Lab/General-Reasoner-Qwen2.5-7B,content_deletion,20260836,0,vector_fitted,0.28522501531599581,0.098059511950613826,0.68214285714285716,0.8571428571428571,0.3036224853080437,0.030132061034713165,0.0068129423870024186,True,Qwen/Qwen2.5-7B-Instruct,0.31728654757576014,0.013664062267716437,-0.0026325907015882499,False,0.10840365530096696,0.062359995437616528,True,0.1344602440276087,0.056954307268279693
TIGER-Lab/General-Reasoner-Qwen2.5-7B,content_deletion,20260836,0.10000000000000001,vector_fitted,0.3004378685342371,0.10365535982042282,0.68690476190476191,0.875,0.3036224853080437,0.030132061034713165,0.0068129423870024186,True,Qwen/Qwen2.5-7B-Instruct,0.31728654757576014,0.013664062267716437,-0.0026325907015882499,False,0.10840365530096696,0.062359995437616528,True,0.1344602440276087,0.056954307268279693
TIGER-Lab/General-Reasoner-Qwen2.5-7B,content_deletion,20260836,0.20000000000000001,vector_fitted,0.30799294778287517,0.10869585558634906,0.69285714285714284,0.87619047619047608,0.3036224853080437,0.030132061034713165,0.0068129423870024186,True,Qwen/Qwen2.5-7B-Instruct,0.31728654757576014,0.013664062267716437,-0.0026325907015882499,False,0.10840365530096696,0.062359995437616528,True,0.1344602440276087,0.056954307268279693
TIGER-Lab/General-Reasoner-Qwen2.5-7B,content_deletion,20260836,0.29999999999999999,vector_fitted,0.30909951855640139,0.10631157894579168,0.69047619047619047,0.87857142857142856,0.3036224853080437,0.030132061034713165,0.0068129423870024186,True,Qwen/Qwen2.5-7B-Instruct,0.31728654757576014,0.013664062267716437,-0.0026325907015882499,False,0.10840365530096696,0.062359995437616528,True,0.1344602440276087,0.056954307268279693
TIGER-Lab/General-Reasoner-Qwen2.5-7B,content_deletion,20260836,0.40000000000000002,vector_fitted,0.31535707635070898,0.10818818956612099,0.67738095238095242,0.87857142857142856,0.3036224853080437,0.030132061034713165,0.0068129423870024186,True,Qwen/Qwen2.5-7B-Instruct,0.31728654757576014,0.013664062267716437,-0.0026325907015882499,False,0.10840365530096696,0.062359995437616528,True,0.1344602440276087,0.056954307268279693
TIGER-Lab/General-Reasoner-Qwen2.5-7B,content_deletion,20260837,0,scalar_fitted,0.2834399273995829,0.095844471258363456,0.69999999999999996,0.85357142857142854,0.30544053640228763,0.027425748554355367,0.0099201258314963181,True,Qwen/Qwen2.5-7B-Instruct,0.32333215471395554,0.017891618311667912,-0.0047721550165260029,False,0.11282606740045326,0.062384462819758124,True,0.15858827883951238,0.065444154578850861
TIGER-Lab/General-Reasoner-Qwen2.5-7B,content_deletion,20260837,0.10000000000000001,scalar_fitted,0.31161089896282407,0.10849609093366419,0.65952380952380951,0.84523809523809523,0.30544053640228763,0.027425748554355367,0.0099201258314963181,True,Qwen/Qwen2.5-7B-Instruct,0.32333215471395554,0.017891618311667912,-0.0047721550165260029,False,0.11282606740045326,0.062384462819758124,True,0.15858827883951238,0.065444154578850861
TIGER-Lab/General-Reasoner-Qwen2.5-7B,content_deletion,20260837,0.20000000000000001,scalar_fitted,0.31055277479337257,0.10859809701729256,0.68333333333333324,0.84761904761904761,0.30544053640228763,0.027425748554355367,0.0099201258314963181,True,Qwen/Qwen2.5-7B-Instruct,0.32333215471395554,0.017891618311667912,-0.0047721550165260029,False,0.11282606740045326,0.062384462819758124,True,0.15858827883951238,0.065444154578850861
TIGER-Lab/General-Reasoner-Qwen2.5-7B,content_deletion,20260837,0.29999999999999999,scalar_fitted,0.31073340490172036,0.10635774498343997,0.68214285714285716,0.85476190476190472,0.30544053640228763,0.027425748554355367,0.0099201258314963181,True,Qwen/Qwen2.5-7B-Instruct,0.32333215471395554,0.017891618311667912,-0.0047721550165260029,False,0.11282606740045326,0.062384462819758124,True,0.15858827883951238,0.065444154578850861
TIGER-Lab/General-Reasoner-Qwen2.5-7B,content_deletion,20260837,0.40000000000000002,scalar_fitted,0.31086567595393827,0.10477442339959031,0.69285714285714284,0.87023809523809526,0.30544053640228763,0.027425748554355367,0.0099201258314963181,True,Qwen/Qwen2.5-7B-Instruct,0.32333215471395554,0.017891618311667912,-0.0047721550165260029,False,0.11282606740045326,0.062384462819758124,True,0.15858827883951238,0.065444154578850861
TIGER-Lab/General-Reasoner-Qwen2.5-7B,content_deletion,20260837,0,vector_fitted,0.28820079288203632,0.097271470763434315,0.69285714285714284,0.84642857142857142,0.30990211023885522,0.0269565483835979,0.0099201258314963181,True,Qwen/Qwen2.5-7B-Instruct,0.32333215471395554,0.013430044475100322,-0.0047721550165260029,False,0.11282606740045326,0.062384462819758124,True,0.15858827883951238,0.065444154578850861
TIGER-Lab/General-Reasoner-Qwen2.5-7B,content_deletion,20260837,0.10000000000000001,vector_fitted,0.3157784937441635,0.10947560562639214,0.65833333333333321,0.84285714285714286,0.30990211023885522,0.0269565483835979,0.0099201258314963181,True,Qwen/Qwen2.5-7B-Instruct,0.32333215471395554,0.013430044475100322,-0.0047721550165260029,False,0.11282606740045326,0.062384462819758124,True,0.15858827883951238,0.065444154578850861
TIGER-Lab/General-Reasoner-Qwen2.5-7B,content_deletion,20260837,0.20000000000000001,vector_fitted,0.3149152711664796,0.10951365680423585,0.68095238095238086,0.84285714285714286,0.30990211023885522,0.0269565483835979,0.0099201258314963181,True,Qwen/Qwen2.5-7B-Instruct,0.32333215471395554,0.013430044475100322,-0.0047721550165260029,False,0.11282606740045326,0.062384462819758124,True,0.15858827883951238,0.065444154578850861
TIGER-Lab/General-Reasoner-Qwen2.5-7B,content_deletion,20260837,0.29999999999999999,vector_fitted,0.31545865213596247,0.10757169230141413,0.6785714285714286,0.85357142857142854,0.30990211023885522,0.0269565483835979,0.0099201258314963181,True,Qwen/Qwen2.5-7B-Instruct,0.32333215471395554,0.013430044475100322,-0.0047721550165260029,False,0.11282606740045326,0.062384462819758124,True,0.15858827883951238,0.065444154578850861
TIGER-Lab/General-Reasoner-Qwen2.5-7B,content_deletion,20260837,0.40000000000000002,vector_fitted,0.31515734126563422,0.10607636665633116,0.69523809523809521,0.87142857142857144,0.30990211023885522,0.0269565483835979,0.0099201258314963181,True,Qwen/Qwen2.5-7B-Instruct,0.32333215471395554,0.013430044475100322,-0.0047721550165260029,False,0.11282606740045326,0.062384462819758124,True,0.15858827883951238,0.065444154578850861
TIGER-Lab/General-Reasoner-Qwen2.5-7B,irrelevant_context,20260828,0,scalar_fitted,0.27917885334195897,0.09802865879438051,0.7142857142857143,0.84999999999999998,0.2962622129187496,0.016885908990596055,0.0065878363200003454,True,Qwen/Qwen2.5-7B-Instruct,0.33463733009201008,0.038375117173260476,0.0074608344677032368,True,0.08633342333537819,0.051550468810336619,True,0.20156049756275121,0.088008354025995106
TIGER-Lab/General-Reasoner-Qwen2.5-7B,irrelevant_context,20260828,64,scalar_fitted,0.30445987655517881,0.10453846217791385,0.66309523809523807,0.84047619047619038,0.2962622129187496,0.016885908990596055,0.0065878363200003454,True,Qwen/Qwen2.5-7B-Instruct,0.33463733009201008,0.038375117173260476,0.0074608344677032368,True,0.08633342333537819,0.051550468810336619,True,0.20156049756275121,0.088008354025995106
TIGER-Lab/General-Reasoner-Qwen2.5-7B,irrelevant_context,20260828,128,scalar_fitted,0.30231837812252033,0.10324719959643058,0.67738095238095231,0.85357142857142854,0.2962622129187496,0.016885908990596055,0.0065878363200003454,True,Qwen/Qwen2.5-7B-Instruct,0.33463733009201008,0.038375117173260476,0.0074608344677032368,True,0.08633342333537819,0.051550468810336619,True,0.20156049756275121,0.088008354025995106
TIGER-Lab/General-Reasoner-Qwen2.5-7B,irrelevant_context,20260828,256,scalar_fitted,0.29928919424153505,0.10004182703545317,0.67976190476190468,0.85476190476190472,0.2962622129187496,0.016885908990596055,0.0065878363200003454,True,Qwen/Qwen2.5-7B-Instruct,0.33463733009201008,0.038375117173260476,0.0074608344677032368,True,0.08633342333537819,0.051550468810336619,True,0.20156049756275121,0.088008354025995106
TIGER-Lab/General-Reasoner-Qwen2.5-7B,irrelevant_context,20260828,512,scalar_fitted,0.29606476233255502,0.096857747629751648,0.68214285714285716,0.85476190476190472,0.2962622129187496,0.016885908990596055,0.0065878363200003454,True,Qwen/Qwen2.5-7B-Instruct,0.33463733009201008,0.038375117173260476,0.0074608344677032368,True,0.08633342333537819,0.051550468810336619,True,0.20156049756275121,0.088008354025995106
TIGER-Lab/General-Reasoner-Qwen2.5-7B,irrelevant_context,20260828,0,vector_fitted,0.28181065910294539,0.098580657966461649,0.70357142857142863,0.84285714285714286,0.29634451085852398,0.01151685103070399,0.0065878363200003454,True,Qwen/Qwen2.5-7B-Instruct,0.33463733009201008,0.038292819233486097,0.0074608344677032368,True,0.08633342333537819,0.051550468810336619,True,0.20156049756275121,0.088008354025995106
TIGER-Lab/General-Reasoner-Qwen2.5-7B,irrelevant_context,20260828,64,vector_fitted,0.30616889786443752,0.10432209855678247,0.65714285714285714,0.83333333333333337,0.29634451085852398,0.01151685103070399,0.0065878363200003454,True,Qwen/Qwen2.5-7B-Instruct,0.33463733009201008,0.038292819233486097,0.0074608344677032368,True,0.08633342333537819,0.051550468810336619,True,0.20156049756275121,0.088008354025995106
TIGER-Lab/General-Reasoner-Qwen2.5-7B,irrelevant_context,20260828,128,vector_fitted,0.30252909157342989,0.1022921682267344,0.67380952380952375,0.85357142857142854,0.29634451085852398,0.01151685103070399,0.0065878363200003454,True,Qwen/Qwen2.5-7B-Instruct,0.33463733009201008,0.038292819233486097,0.0074608344677032368,True,0.08633342333537819,0.051550468810336619,True,0.20156049756275121,0.088008354025995106
TIGER-Lab/General-Reasoner-Qwen2.5-7B,irrelevant_context,20260828,256,vector_fitted,0.2978863956181575,0.098267067734873564,0.67619047619047612,0.85476190476190472,0.29634451085852398,0.01151685103070399,0.0065878363200003454,True,Qwen/Qwen2.5-7B-Instruct,0.33463733009201008,0.038292819233486097,0.0074608344677032368,True,0.08633342333537819,0.051550468810336619,True,0.20156049756275121,0.088008354025995106
TIGER-Lab/General-Reasoner-Qwen2.5-7B,irrelevant_context,20260828,512,vector_fitted,0.29332751013364938,0.094405534892561871,0.68571428571428572,0.85595238095238091,0.29634451085852398,0.01151685103070399,0.0065878363200003454,True,Qwen/Qwen2.5-7B-Instruct,0.33463733009201008,0.038292819233486097,0.0074608344677032368,True,0.08633342333537819,0.051550468810336619,True,0.20156049756275121,0.088008354025995106
TIGER-Lab/General-Reasoner-Qwen2.5-7B,irrelevant_context,20260829,0,scalar_fitted,0.28372365714687753,0.097302164777527844,0.71785714285714286,0.84285714285714286,0.29628554265922225,0.013423314544974085,0.0013703945739947099,True,Qwen/Qwen2.5-7B-Instruct,0.32743200418903867,0.031146461529816427,0.0099779911630691887,True,0.084490098018209892,0.047937415175799941,True,0.16940634610861899,0.068344522999987764
TIGER-Lab/General-Reasoner-Qwen2.5-7B,irrelevant_context,20260829,64,scalar_fitted,0.30356526378342202,0.10545496049265185,0.65833333333333333,0.83214285714285718,0.29628554265922225,0.013423314544974085,0.0013703945739947099,True,Qwen/Qwen2.5-7B-Instruct,0.32743200418903867,0.031146461529816427,0.0099779911630691887,True,0.084490098018209892,0.047937415175799941,True,0.16940634610861899,0.068344522999987764
TIGER-Lab/General-Reasoner-Qwen2.5-7B,irrelevant_context,20260829,128,scalar_fitted,0.30143385260180394,0.10464830708309193,0.68333333333333324,0.84999999999999998,0.29628554265922225,0.013423314544974085,0.0013703945739947099,True,Qwen/Qwen2.5-7B-Instruct,0.32743200418903867,0.031146461529816427,0.0099779911630691887,True,0.084490098018209892,0.047937415175799941,True,0.16940634610861899,0.068344522999987764
TIGER-Lab/General-Reasoner-Qwen2.5-7B,irrelevant_context,20260829,256,scalar_fitted,0.29555796807215612,0.099434975353251936,0.70119047619047625,0.87142857142857144,0.29628554265922225,0.013423314544974085,0.0013703945739947099,True,Qwen/Qwen2.5-7B-Instruct,0.32743200418903867,0.031146461529816427,0.0099779911630691887,True,0.084490098018209892,0.047937415175799941,True,0.16940634610861899,0.068344522999987764
TIGER-Lab/General-Reasoner-Qwen2.5-7B,irrelevant_context,20260829,512,scalar_fitted,0.29714697169185161,0.09961419236211333,0.67738095238095242,0.85476190476190483,0.29628554265922225,0.013423314544974085,0.0013703945739947099,True,Qwen/Qwen2.5-7B-Instruct,0.32743200418903867,0.031146461529816427,0.0099779911630691887,True,0.084490098018209892,0.047937415175799941,True,0.16940634610861899,0.068344522999987764
TIGER-Lab/General-Reasoner-Qwen2.5-7B,irrelevant_context,20260829,0,vector_fitted,0.28550459839427306,0.097417425192665316,0.71785714285714286,0.84285714285714286,0.29816028033283393,0.012060410536590183,0.0013703945739947099,True,Qwen/Qwen2.5-7B-Instruct,0.32743200418903867,0.029271723856204745,0.0099779911630691887,True,0.084490098018209892,0.047937415175799941,True,0.16940634610861899,0.068344522999987764
TIGER-Lab/General-Reasoner-Qwen2.5-7B,irrelevant_context,20260829,64,vector_fitted,0.30645359985324983,0.1059556077682193,0.66190476190476188,0.83333333333333326,0.29816028033283393,0.012060410536590183,0.0013703945739947099,True,Qwen/Qwen2.5-7B-Instruct,0.32743200418903867,0.029271723856204745,0.0099779911630691887,True,0.084490098018209892,0.047937415175799941,True,0.16940634610861899,0.068344522999987764
TIGER-Lab/General-Reasoner-Qwen2.5-7B,irrelevant_context,20260829,128,vector_fitted,0.30383123690856895,0.1048884431172306,0.6869047619047618,0.85238095238095235,0.29816028033283393,0.012060410536590183,0.0013703945739947099,True,Qwen/Qwen2.5-7B-Instruct,0.32743200418903867,0.029271723856204745,0.0099779911630691887,True,0.084490098018209892,0.047937415175799941,True,0.16940634610861899,0.068344522999987764
TIGER-Lab/General-Reasoner-Qwen2.5-7B,irrelevant_context,20260829,256,vector_fitted,0.29744695757721479,0.099013503284309842,0.70119047619047625,0.87261904761904752,0.29816028033283393,0.012060410536590183,0.0013703945739947099,True,Qwen/Qwen2.5-7B-Instruct,0.32743200418903867,0.029271723856204745,0.0099779911630691887,True,0.084490098018209892,0.047937415175799941,True,0.16940634610861899,0.068344522999987764
TIGER-Lab/General-Reasoner-Qwen2.5-7B,irrelevant_context,20260829,512,vector_fitted,0.29756500893086324,0.098602143430637459,0.67142857142857137,0.84999999999999998,0.29816028033283393,0.012060410536590183,0.0013703945739947099,True,Qwen/Qwen2.5-7B-Instruct,0.32743200418903867,0.029271723856204745,0.0099779911630691887,True,0.084490098018209892,0.047937415175799941,True,0.16940634610861899,0.068344522999987764
TIGER-Lab/General-Reasoner-Qwen2.5-7B,irrelevant_context,20260830,0,scalar_fitted,0.28275937991248218,0.097703950733339595,0.71071428571428574,0.83571428571428574,0.30004621661960673,0.017840323927648671,0.011954524659137045,True,Qwen/Qwen2.5-7B-Instruct,0.34851411636974705,0.04846789975014032,0.015740223145658427,True,0.080524675631033549,0.040395055890433434,True,0.14999405083243919,0.070412837443254828
TIGER-Lab/General-Reasoner-Qwen2.5-7B,irrelevant_context,20260830,64,scalar_fitted,0.3072363142998325,0.10445422847414042,0.65238095238095239,0.84642857142857142,0.30004621661960673,0.017840323927648671,0.011954524659137045,True,Qwen/Qwen2.5-7B-Instruct,0.34851411636974705,0.04846789975014032,0.015740223145658427,True,0.080524675631033549,0.040395055890433434,True,0.14999405083243919,0.070412837443254828
TIGER-Lab/General-Reasoner-Qwen2.5-7B,irrelevant_context,20260830,128,scalar_fitted,0.30619964331568883,0.10420874664175905,0.6607142857142857,0.85476190476190472,0.30004621661960673,0.017840323927648671,0.011954524659137045,True,Qwen/Qwen2.5-7B-Instruct,0.34851411636974705,0.04846789975014032,0.015740223145658427,True,0.080524675631033549,0.040395055890433434,True,0.14999405083243919,0.070412837443254828
TIGER-Lab/General-Reasoner-Qwen2.5-7B,irrelevant_context,20260830,256,scalar_fitted,0.30343604172989924,0.10039832764769407,0.67500000000000004,0.86071428571428577,0.30004621661960673,0.017840323927648671,0.011954524659137045,True,Qwen/Qwen2.5-7B-Instruct,0.34851411636974705,0.04846789975014032,0.015740223145658427,True,0.080524675631033549,0.040395055890433434,True,0.14999405083243919,0.070412837443254828
TIGER-Lab/General-Reasoner-Qwen2.5-7B,irrelevant_context,20260830,512,scalar_fitted,0.30059970384013085,0.0988311105397814,0.68095238095238098,0.85238095238095235,0.30004621661960673,0.017840323927648671,0.011954524659137045,True,Qwen/Qwen2.5-7B-Instruct,0.34851411636974705,0.04846789975014032,0.015740223145658427,True,0.080524675631033549,0.040395055890433434,True,0.14999405083243919,0.070412837443254828
TIGER-Lab/General-Reasoner-Qwen2.5-7B,irrelevant_context,20260830,0,vector_fitted,0.28725924437058209,0.099254770861309141,0.70357142857142863,0.83214285714285718,0.30204436239924054,0.012850475008796047,0.011954524659137045,True,Qwen/Qwen2.5-7B-Instruct,0.34851411636974705,0.046469753970506511,0.015740223145658427,True,0.080524675631033549,0.040395055890433434,True,0.14999405083243919,0.070412837443254828
TIGER-Lab/General-Reasoner-Qwen2.5-7B,irrelevant_context,20260830,64,vector_fitted,0.30956375377618184,0.10473053711384266,0.65357142857142858,0.84761904761904761,0.30204436239924054,0.012850475008796047,0.011954524659137045,True,Qwen/Qwen2.5-7B-Instruct,0.34851411636974705,0.046469753970506511,0.015740223145658427,True,0.080524675631033549,0.040395055890433434,True,0.14999405083243919,0.070412837443254828
TIGER-Lab/General-Reasoner-Qwen2.5-7B,irrelevant_context,20260830,128,vector_fitted,0.30852183671976224,0.10447066910424073,0.65952380952380951,0.85119047619047616,0.30204436239924054,0.012850475008796047,0.011954524659137045,True,Qwen/Qwen2.5-7B-Instruct,0.34851411636974705,0.046469753970506511,0.015740223145658427,True,0.080524675631033549,0.040395055890433434,True,0.14999405083243919,0.070412837443254828
TIGER-Lab/General-Reasoner-Qwen2.5-7B,irrelevant_context,20260830,256,vector_fitted,0.30476725775029873,0.10012195328164374,0.68095238095238086,0.86666666666666659,0.30204436239924054,0.012850475008796047,0.011954524659137045,True,Qwen/Qwen2.5-7B-Instruct,0.34851411636974705,0.046469753970506511,0.015740223145658427,True,0.080524675631033549,0.040395055890433434,True,0.14999405083243919,0.070412837443254828
TIGER-Lab/General-Reasoner-Qwen2.5-7B,irrelevant_context,20260830,512,vector_fitted,0.30010971937937814,0.097613389932738118,0.68452380952380965,0.84999999999999998,0.30204436239924054,0.012850475008796047,0.011954524659137045,True,Qwen/Qwen2.5-7B-Instruct,0.34851411636974705,0.046469753970506511,0.015740223145658427,True,0.080524675631033549,0.040395055890433434,True,0.14999405083243919,0.070412837443254828
TIGER-Lab/General-Reasoner-Qwen2.5-7B,irrelevant_context,20260831,0,scalar_fitted,0.28225580370639913,0.10037933047087336,0.69999999999999996,0.84285714285714286,0.29793027517340109,0.015099619438373402,0.0045992787692609727,True,Qwen/Qwen2.5-7B-Instruct,0.33424678129047286,0.036316506117071767,0.0088246722512728693,True,0.085804333234084096,0.044622261367220917,True,0.15733926222339417,0.065789608533872362
TIGER-Lab/General-Reasoner-Qwen2.5-7B,irrelevant_context,20260831,64,scalar_fitted,0.30627515382054277,0.1074034634987991,0.66309523809523807,0.83452380952380945,0.29793027517340109,0.015099619438373402,0.0045992787692609727,True,Qwen/Qwen2.5-7B-Instruct,0.33424678129047286,0.036316506117071767,0.0088246722512728693,True,0.085804333234084096,0.044622261367220917,True,0.15733926222339417,0.065789608533872362
TIGER-Lab/General-Reasoner-Qwen2.5-7B,irrelevant_context,20260831,128,scalar_fitted,0.30497063641279143,0.10664056487921347,0.6607142857142857,0.8392857142857143,0.29793027517340109,0.015099619438373402,0.0045992787692609727,True,Qwen/Qwen2.5-7B-Instruct,0.33424678129047286,0.036316506117071767,0.0088246722512728693,True,0.085804333234084096,0.044622261367220917,True,0.15733926222339417,0.065789608533872362
TIGER-Lab/General-Reasoner-Qwen2.5-7B,irrelevant_context,20260831,256,scalar_fitted,0.29879435878249966,0.1013760135095944,0.69285714285714284,0.85833333333333339,0.29793027517340109,0.015099619438373402,0.0045992787692609727,True,Qwen/Qwen2.5-7B-Instruct,0.33424678129047286,0.036316506117071767,0.0088246722512728693,True,0.085804333234084096,0.044622261367220917,True,0.15733926222339417,0.065789608533872362
TIGER-Lab/General-Reasoner-Qwen2.5-7B,irrelevant_context,20260831,512,scalar_fitted,0.29735542314477253,0.10020386920490436,0.67738095238095242,0.8488095238095239,0.29793027517340109,0.015099619438373402,0.0045992787692609727,True,Qwen/Qwen2.5-7B-Instruct,0.33424678129047286,0.036316506117071767,0.0088246722512728693,True,0.085804333234084096,0.044622261367220917,True,0.15733926222339417,0.065789608533872362
TIGER-Lab/General-Reasoner-Qwen2.5-7B,irrelevant_context,20260831,0,vector_fitted,0.28669883912288452,0.10180677131504039,0.69999999999999996,0.8392857142857143,0.3018088022636104,0.012642511605547968,0.0045992787692609727,True,Qwen/Qwen2.5-7B-Instruct,0.33424678129047286,0.032437979026862462,0.0088246722512728693,True,0.085804333234084096,0.044622261367220917,True,0.15733926222339417,0.065789608533872362
TIGER-Lab/General-Reasoner-Qwen2.5-7B,irrelevant_context,20260831,64,vector_fitted,0.31115950450282409,0.10859125713611383,0.66190476190476188,0.830952380952381,0.3018088022636104,0.012642511605547968,0.0045992787692609727,True,Qwen/Qwen2.5-7B-Instruct,0.33424678129047286,0.032437979026862462,0.0088246722512728693,True,0.085804333234084096,0.044622261367220917,True,0.15733926222339417,0.065789608533872362
TIGER-Lab/General-Reasoner-Qwen2.5-7B,irrelevant_context,20260831,128,vector_fitted,0.30945535724780704,0.10794523957134132,0.66428571428571426,0.83809523809523812,0.3018088022636104,0.012642511605547968,0.0045992787692609727,True,Qwen/Qwen2.5-7B-Instruct,0.33424678129047286,0.032437979026862462,0.0088246722512728693,True,0.085804333234084096,0.044622261367220917,True,0.15733926222339417,0.065789608533872362
TIGER-Lab/General-Reasoner-Qwen2.5-7B,irrelevant_context,20260831,256,vector_fitted,0.30238895971610402,0.10221296568370783,0.69166666666666665,0.85833333333333339,0.3018088022636104,0.012642511605547968,0.0045992787692609727,True,Qwen/Qwen2.5-7B-Instruct,0.33424678129047286,0.032437979026862462,0.0088246722512728693,True,0.085804333234084096,0.044622261367220917,True,0.15733926222339417,0.065789608533872362
TIGER-Lab/General-Reasoner-Qwen2.5-7B,irrelevant_context,20260831,512,vector_fitted,0.29934135072843249,0.10027807019610824,0.67738095238095242,0.84999999999999998,0.3018088022636104,0.012642511605547968,0.0045992787692609727,True,Qwen/Qwen2.5-7B-Instruct,0.33424678129047286,0.032437979026862462,0.0088246722512728693,True,0.085804333234084096,0.044622261367220917,True,0.15733926222339417,0.065789608533872362
TIGER-Lab/General-Reasoner-Qwen2.5-7B,irrelevant_context,20260832,0,scalar_fitted,0.27860888411288531,0.093900807366738698,0.72142857142857142,0.86428571428571432,0.29335883559328274,0.016413167975893872,0.010239290283074076,True,Qwen/Qwen2.5-7B-Instruct,0.32507231516290347,0.031713479569620728,0.0095724340326301949,True,0.084841164123770574,0.043724214756787949,True,0.14950377899010192,0.084196878504705447
TIGER-Lab/General-Reasoner-Qwen2.5-7B,irrelevant_context,20260832,64,scalar_fitted,0.30294161723836782,0.10360218503164793,0.6785714285714286,0.84285714285714286,0.29335883559328274,0.016413167975893872,0.010239290283074076,True,Qwen/Qwen2.5-7B-Instruct,0.32507231516290347,0.031713479569620728,0.0095724340326301949,True,0.084841164123770574,0.043724214756787949,True,0.14950377899010192,0.084196878504705447
TIGER-Lab/General-Reasoner-Qwen2.5-7B,irrelevant_context,20260832,128,scalar_fitted,0.2984376241117811,0.10121890074725949,0.68214285714285716,0.84523809523809523,0.29335883559328274,0.016413167975893872,0.010239290283074076,True,Qwen/Qwen2.5-7B-Instruct,0.32507231516290347,0.031713479569620728,0.0095724340326301949,True,0.084841164123770574,0.043724214756787949,True,0.14950377899010192,0.084196878504705447
TIGER-Lab/General-Reasoner-Qwen2.5-7B,irrelevant_context,20260832,256,scalar_fitted,0.29178400041460023,0.096685192794886479,0.70714285714285718,0.86309523809523814,0.29335883559328274,0.016413167975893872,0.010239290283074076,True,Qwen/Qwen2.5-7B-Instruct,0.32507231516290347,0.031713479569620728,0.0095724340326301949,True,0.084841164123770574,0.043724214756787949,True,0.14950377899010192,0.084196878504705447
TIGER-Lab/General-Reasoner-Qwen2.5-7B,irrelevant_context,20260832,512,scalar_fitted,0.29502205208877919,0.096214533051779461,0.68928571428571428,0.84999999999999998,0.29335883559328274,0.016413167975893872,0.010239290283074076,True,Qwen/Qwen2.5-7B-Instruct,0.32507231516290347,0.031713479569620728,0.0095724340326301949,True,0.084841164123770574,0.043724214756787949,True,0.14950377899010192,0.084196878504705447
TIGER-Lab/General-Reasoner-Qwen2.5-7B,irrelevant_context,20260832,0,vector_fitted,0.28595559583108149,0.096607381551234203,0.71071428571428574,0.86071428571428577,0.29685232898563313,0.0099860476678074184,0.010239290283074076,True,Qwen/Qwen2.5-7B-Instruct,0.32507231516290347,0.02821998617727034,0.0095724340326301949,True,0.084841164123770574,0.043724214756787949,True,0.14950377899010192,0.084196878504705447
TIGER-Lab/General-Reasoner-Qwen2.5-7B,irrelevant_context,20260832,64,vector_fitted,0.30687343385077548,0.1045868334736318,0.67142857142857137,0.83690476190476182,0.29685232898563313,0.0099860476678074184,0.010239290283074076,True,Qwen/Qwen2.5-7B-Instruct,0.32507231516290347,0.02821998617727034,0.0095724340326301949,True,0.084841164123770574,0.043724214756787949,True,0.14950377899010192,0.084196878504705447
TIGER-Lab/General-Reasoner-Qwen2.5-7B,irrelevant_context,20260832,128,vector_fitted,0.30107492093989452,0.10178761888336366,0.68214285714285716,0.84166666666666679,0.29685232898563313,0.0099860476678074184,0.010239290283074076,True,Qwen/Qwen2.5-7B-Instruct,0.32507231516290347,0.02821998617727034,0.0095724340326301949,True,0.084841164123770574,0.043724214756787949,True,0.14950377899010192,0.084196878504705447
TIGER-Lab/General-Reasoner-Qwen2.5-7B,irrelevant_context,20260832,256,vector_fitted,0.29441605080752531,0.097061449562550708,0.7142857142857143,0.8666666666666667,0.29685232898563313,0.0099860476678074184,0.010239290283074076,True,Qwen/Qwen2.5-7B-Instruct,0.32507231516290347,0.02821998617727034,0.0095724340326301949,True,0.084841164123770574,0.043724214756787949,True,0.14950377899010192,0.084196878504705447
TIGER-Lab/General-Reasoner-Qwen2.5-7B,irrelevant_context,20260832,512,vector_fitted,0.29594164349888891,0.096015100563541803,0.68928571428571428,0.85238095238095235,0.29685232898563313,0.0099860476678074184,0.010239290283074076,True,Qwen/Qwen2.5-7B-Instruct,0.32507231516290347,0.02821998617727034,0.0095724340326301949,True,0.084841164123770574,0.043724214756787949,True,0.14950377899010192,0.084196878504705447
TIGER-Lab/General-Reasoner-Qwen2.5-7B,irrelevant_context,20260833,0,scalar_fitted,0.29371520740181462,0.10111570970647651,0.6785714285714286,0.81071428571428572,0.30990290999126768,0.015772516886595533,0.0067856556677726165,True,Qwen/Qwen2.5-7B-Instruct,0.33405274413122615,0.02414983413995847,0.0023600268037490268,True,0.090009596614718412,0.050550027089286687,True,0.11495117586901474,0.053933957570588893
TIGER-Lab/General-Reasoner-Qwen2.5-7B,irrelevant_context,20260833,64,scalar_fitted,0.3222358803546253,0.11156328643451156,0.64523809523809528,0.80119047619047623,0.30990290999126768,0.015772516886595533,0.0067856556677726165,True,Qwen/Qwen2.5-7B-Instruct,0.33405274413122615,0.02414983413995847,0.0023600268037490268,True,0.090009596614718412,0.050550027089286687,True,0.11495117586901474,0.053933957570588893
TIGER-Lab/General-Reasoner-Qwen2.5-7B,irrelevant_context,20260833,128,scalar_fitted,0.31570828345953977,0.10924941754871091,0.66190476190476188,0.82261904761904758,0.30990290999126768,0.015772516886595533,0.0067856556677726165,True,Qwen/Qwen2.5-7B-Instruct,0.33405274413122615,0.02414983413995847,0.0023600268037490268,True,0.090009596614718412,0.050550027089286687,True,0.11495117586901474,0.053933957570588893
TIGER-Lab/General-Reasoner-Qwen2.5-7B,irrelevant_context,20260833,256,scalar_fitted,0.3083674544519483,0.10320440706196232,0.67380952380952375,0.83095238095238089,0.30990290999126768,0.015772516886595533,0.0067856556677726165,True,Qwen/Qwen2.5-7B-Instruct,0.33405274413122615,0.02414983413995847,0.0023600268037490268,True,0.090009596614718412,0.050550027089286687,True,0.11495117586901474,0.053933957570588893
TIGER-Lab/General-Reasoner-Qwen2.5-7B,irrelevant_context,20260833,512,scalar_fitted,0.30948772428841015,0.10291463099017216,0.67500000000000004,0.83214285714285718,0.30990290999126768,0.015772516886595533,0.0067856556677726165,True,Qwen/Qwen2.5-7B-Instruct,0.33405274413122615,0.02414983413995847,0.0023600268037490268,True,0.090009596614718412,0.050550027089286687,True,0.11495117586901474,0.053933957570588893
TIGER-Lab/General-Reasoner-Qwen2.5-7B,irrelevant_context,20260833,0,vector_fitted,0.29832856071427089,0.10296401316417741,0.6785714285714286,0.80714285714285716,0.31339132396419939,0.013554318894713646,0.0067856556677726165,True,Qwen/Qwen2.5-7B-Instruct,0.33405274413122615,0.020661420167026767,0.0023600268037490268,True,0.090009596614718412,0.050550027089286687,True,0.11495117586901474,0.053933957570588893
TIGER-Lab/General-Reasoner-Qwen2.5-7B,irrelevant_context,20260833,64,vector_fitted,0.32575235481495901,0.11248420272978894,0.6428571428571429,0.79880952380952375,0.31339132396419939,0.013554318894713646,0.0067856556677726165,True,Qwen/Qwen2.5-7B-Instruct,0.33405274413122615,0.020661420167026767,0.0023600268037490268,True,0.090009596614718412,0.050550027089286687,True,0.11495117586901474,0.053933957570588893
TIGER-Lab/General-Reasoner-Qwen2.5-7B,irrelevant_context,20260833,128,vector_fitted,0.31933988188144835,0.11030996575416485,0.65952380952380962,0.82023809523809532,0.31339132396419939,0.013554318894713646,0.0067856556677726165,True,Qwen/Qwen2.5-7B-Instruct,0.33405274413122615,0.020661420167026767,0.0023600268037490268,True,0.090009596614718412,0.050550027089286687,True,0.11495117586901474,0.053933957570588893
TIGER-Lab/General-Reasoner-Qwen2.5-7B,irrelevant_context,20260833,256,vector_fitted,0.3116529428013341,0.10387489355317014,0.67976190476190468,0.83809523809523812,0.31339132396419939,0.013554318894713646,0.0067856556677726165,True,Qwen/Qwen2.5-7B-Instruct,0.33405274413122615,0.020661420167026767,0.0023600268037490268,True,0.090009596614718412,0.050550027089286687,True,0.11495117586901474,0.053933957570588893
TIGER-Lab/General-Reasoner-Qwen2.5-7B,irrelevant_context,20260833,512,vector_fitted,0.31188287960898453,0.10314505236774218,0.66666666666666674,0.82499999999999996,0.31339132396419939,0.013554318894713646,0.0067856556677726165,True,Qwen/Qwen2.5-7B-Instruct,0.33405274413122615,0.020661420167026767,0.0023600268037490268,True,0.090009596614718412,0.050550027089286687,True,0.11495117586901474,0.053933957570588893
TIGER-Lab/General-Reasoner-Qwen2.5-7B,irrelevant_context,20260834,0,scalar_fitted,0.27167007815014343,0.091514594546019568,0.7321428571428571,0.84285714285714286,0.29019442069085333,0.018942648245977356,0.015512614537575464,True,Qwen/Qwen2.5-7B-Instruct,0.31416138691283568,0.023966966221982355,0.012344903695322068,True,0.092236918991043304,0.048102913431491562,True,0.20432486996978355,0.11143342272165181
TIGER-Lab/General-Reasoner-Qwen2.5-7B,irrelevant_context,20260834,64,scalar_fitted,0.29774404570456497,0.10119491255308019,0.68928571428571428,0.82142857142857129,0.29019442069085333,0.018942648245977356,0.015512614537575464,True,Qwen/Qwen2.5-7B-Instruct,0.31416138691283568,0.023966966221982355,0.012344903695322068,True,0.092236918991043304,0.048102913431491562,True,0.20432486996978355,0.11143342272165181
TIGER-Lab/General-Reasoner-Qwen2.5-7B,irrelevant_context,20260834,128,scalar_fitted,0.29834878769012463,0.1002396426168517,0.68333333333333324,0.82619047619047625,0.29019442069085333,0.018942648245977356,0.015512614537575464,True,Qwen/Qwen2.5-7B-Instruct,0.31416138691283568,0.023966966221982355,0.012344903695322068,True,0.092236918991043304,0.048102913431491562,True,0.20432486996978355,0.11143342272165181
TIGER-Lab/General-Reasoner-Qwen2.5-7B,irrelevant_context,20260834,256,scalar_fitted,0.29259646551331264,0.095334726955746393,0.69999999999999996,0.84523809523809534,0.29019442069085333,0.018942648245977356,0.015512614537575464,True,Qwen/Qwen2.5-7B-Instruct,0.31416138691283568,0.023966966221982355,0.012344903695322068,True,0.092236918991043304,0.048102913431491562,True,0.20432486996978355,0.11143342272165181
TIGER-Lab/General-Reasoner-Qwen2.5-7B,irrelevant_context,20260834,512,scalar_fitted,0.29061272639612079,0.092516502156698516,0.7142857142857143,0.84285714285714286,0.29019442069085333,0.018942648245977356,0.015512614537575464,True,Qwen/Qwen2.5-7B-Instruct,0.31416138691283568,0.023966966221982355,0.012344903695322068,True,0.092236918991043304,0.048102913431491562,True,0.20432486996978355,0.11143342272165181
TIGER-Lab/General-Reasoner-Qwen2.5-7B,irrelevant_context,20260834,0,vector_fitted,0.28642163037319079,0.097732526097072503,0.72857142857142854,0.84642857142857142,0.300368058822853,0.011538444510532986,0.015512614537575464,True,Qwen/Qwen2.5-7B-Instruct,0.31416138691283568,0.013793328089982682,0.012344903695322068,True,0.092236918991043304,0.048102913431491562,True,0.20432486996978355,0.11143342272165181
TIGER-Lab/General-Reasoner-Qwen2.5-7B,irrelevant_context,20260834,64,vector_fitted,0.30886009720471591,0.10544006800210605,0.67380952380952386,0.80595238095238098,0.300368058822853,0.011538444510532986,0.015512614537575464,True,Qwen/Qwen2.5-7B-Instruct,0.31416138691283568,0.013793328089982682,0.012344903695322068,True,0.092236918991043304,0.048102913431491562,True,0.20432486996978355,0.11143342272165181
TIGER-Lab/General-Reasoner-Qwen2.5-7B,irrelevant_context,20260834,128,vector_fitted,0.30769110151513462,0.10407235500878123,0.67619047619047623,0.81904761904761914,0.300368058822853,0.011538444510532986,0.015512614537575464,True,Qwen/Qwen2.5-7B-Instruct,0.31416138691283568,0.013793328089982682,0.012344903695322068,True,0.092236918991043304,0.048102913431491562,True,0.20432486996978355,0.11143342272165181
TIGER-Lab/General-Reasoner-Qwen2.5-7B,irrelevant_context,20260834,256,vector_fitted,0.30090739013749956,0.098925126604072808,0.69047619047619035,0.84285714285714286,0.300368058822853,0.011538444510532986,0.015512614537575464,True,Qwen/Qwen2.5-7B-Instruct,0.31416138691283568,0.013793328089982682,0.012344903695322068,True,0.092236918991043304,0.048102913431491562,True,0.20432486996978355,0.11143342272165181
TIGER-Lab/General-Reasoner-Qwen2.5-7B,irrelevant_context,20260834,512,vector_fitted,0.29796007488372378,0.095447214241135669,0.70952380952380956,0.83809523809523812,0.300368058822853,0.011538444510532986,0.015512614537575464,True,Qwen/Qwen2.5-7B-Instruct,0.31416138691283568,0.013793328089982682,0.012344903695322068,True,0.092236918991043304,0.048102913431491562,True,0.20432486996978355,0.11143342272165181
TIGER-Lab/General-Reasoner-Qwen2.5-7B,irrelevant_context,20260835,0,scalar_fitted,0.28020805909590046,0.094593660131579854,0.68571428571428572,0.8392857142857143,0.30603135661186892,0.028750577250422349,0.013559910243804152,True,Qwen/Qwen2.5-7B-Instruct,0.35559068624592227,0.049559329634053351,0.02538060785435578,True,0.084236891864830521,0.043097929327244378,True,0.29966316113609187,0.13575513416129337
TIGER-Lab/General-Reasoner-Qwen2.5-7B,irrelevant_context,20260835,64,scalar_fitted,0.31800050581774936,0.11175386818060223,0.61904761904761907,0.80595238095238098,0.30603135661186892,0.028750577250422349,0.013559910243804152,True,Qwen/Qwen2.5-7B-Instruct,0.35559068624592227,0.049559329634053351,0.02538060785435578,True,0.084236891864830521,0.043097929327244378,True,0.29966316113609187,0.13575513416129337
TIGER-Lab/General-Reasoner-Qwen2.5-7B,irrelevant_context,20260835,128,scalar_fitted,0.3136966591259443,0.10908361918679201,0.64047619047619042,0.82380952380952388,0.30603135661186892,0.028750577250422349,0.013559910243804152,True,Qwen/Qwen2.5-7B-Instruct,0.35559068624592227,0.049559329634053351,0.02538060785435578,True,0.084236891864830521,0.043097929327244378,True,0.29966316113609187,0.13575513416129337
TIGER-Lab/General-Reasoner-Qwen2.5-7B,irrelevant_context,20260835,256,scalar_fitted,0.30929292267342756,0.10463895880140425,0.64642857142857146,0.83214285714285718,0.30603135661186892,0.028750577250422349,0.013559910243804152,True,Qwen/Qwen2.5-7B-Instruct,0.35559068624592227,0.049559329634053351,0.02538060785435578,True,0.084236891864830521,0.043097929327244378,True,0.29966316113609187,0.13575513416129337
TIGER-Lab/General-Reasoner-Qwen2.5-7B,irrelevant_context,20260835,512,scalar_fitted,0.30895863634632281,0.10291140049968377,0.64642857142857146,0.82380952380952388,0.30603135661186892,0.028750577250422349,0.013559910243804152,True,Qwen/Qwen2.5-7B-Instruct,0.35559068624592227,0.049559329634053351,0.02538060785435578,True,0.084236891864830521,0.043097929327244378,True,0.29966316113609187,0.13575513416129337
TIGER-Lab/General-Reasoner-Qwen2.5-7B,irrelevant_context,20260835,0,vector_fitted,0.29118179808959183,0.099124480064245971,0.68928571428571428,0.84642857142857142,0.31176407584678711,0.019431427049460215,0.013559910243804152,True,Qwen/Qwen2.5-7B-Instruct,0.35559068624592227,0.043826610399135157,0.02538060785435578,True,0.084236891864830521,0.043097929327244378,True,0.29966316113609187,0.13575513416129337
TIGER-Lab/General-Reasoner-Qwen2.5-7B,irrelevant_context,20260835,64,vector_fitted,0.3238938199526854,0.11293276691808211,0.62142857142857144,0.80000000000000004,0.31176407584678711,0.019431427049460215,0.013559910243804152,True,Qwen/Qwen2.5-7B-Instruct,0.35559068624592227,0.043826610399135157,0.02538060785435578,True,0.084236891864830521,0.043097929327244378,True,0.29966316113609187,0.13575513416129337
TIGER-Lab/General-Reasoner-Qwen2.5-7B,irrelevant_context,20260835,128,vector_fitted,0.31978559984133564,0.11058040880073471,0.63571428571428568,0.82380952380952377,0.31176407584678711,0.019431427049460215,0.013559910243804152,True,Qwen/Qwen2.5-7B-Instruct,0.35559068624592227,0.043826610399135157,0.02538060785435578,True,0.084236891864830521,0.043097929327244378,True,0.29966316113609187,0.13575513416129337
TIGER-Lab/General-Reasoner-Qwen2.5-7B,irrelevant_context,20260835,256,vector_fitted,0.31334593621127055,0.10545198825540864,0.65238095238095239,0.83452380952380956,0.31176407584678711,0.019431427049460215,0.013559910243804152,True,Qwen/Qwen2.5-7B-Instruct,0.35559068624592227,0.043826610399135157,0.02538060785435578,True,0.084236891864830521,0.043097929327244378,True,0.29966316113609187,0.13575513416129337
TIGER-Lab/General-Reasoner-Qwen2.5-7B,irrelevant_context,20260835,512,vector_fitted,0.31061322513905204,0.10216538996950816,0.65357142857142858,0.82619047619047625,0.31176407584678711,0.019431427049460215,0.013559910243804152,True,Qwen/Qwen2.5-7B-Instruct,0.35559068624592227,0.043826610399135157,0.02538060785435578,True,0.084236891864830521,0.043097929327244378,True,0.29966316113609187,0.13575513416129337
TIGER-Lab/General-Reasoner-Qwen2.5-7B,irrelevant_context,20260836,0,scalar_fitted,0.28763853747322532,0.09944575909083872,0.67500000000000004,0.84999999999999998,0.30603659809902034,0.016910880770864667,0.014070865604178279,True,Qwen/Qwen2.5-7B-Instruct,0.34136278700750816,0.035326188908487821,0.010063200265628708,True,0.084029623754126481,0.043830186747515959,True,0.15276170308814924,0.072770293126789939
TIGER-Lab/General-Reasoner-Qwen2.5-7B,irrelevant_context,20260836,64,scalar_fitted,0.3157771304470422,0.10799925829490234,0.6333333333333333,0.830952380952381,0.30603659809902034,0.016910880770864667,0.014070865604178279,True,Qwen/Qwen2.5-7B-Instruct,0.34136278700750816,0.035326188908487821,0.010063200265628708,True,0.084029623754126481,0.043830186747515959,True,0.15276170308814924,0.072770293126789939
TIGER-Lab/General-Reasoner-Qwen2.5-7B,irrelevant_context,20260836,128,scalar_fitted,0.31470093108681213,0.10903777522570954,0.64523809523809517,0.83690476190476182,0.30603659809902034,0.016910880770864667,0.014070865604178279,True,Qwen/Qwen2.5-7B-Instruct,0.34136278700750816,0.035326188908487821,0.010063200265628708,True,0.084029623754126481,0.043830186747515959,True,0.15276170308814924,0.072770293126789939
TIGER-Lab/General-Reasoner-Qwen2.5-7B,irrelevant_context,20260836,256,scalar_fitted,0.30751697324393207,0.10324434588289215,0.66785714285714282,0.84761904761904761,0.30603659809902034,0.016910880770864667,0.014070865604178279,True,Qwen/Qwen2.5-7B-Instruct,0.34136278700750816,0.035326188908487821,0.010063200265628708,True,0.084029623754126481,0.043830186747515959,True,0.15276170308814924,0.072770293126789939
TIGER-Lab/General-Reasoner-Qwen2.5-7B,irrelevant_context,20260836,512,scalar_fitted,0.30454941824408999,0.10105251414841189,0.66666666666666663,0.84166666666666679,0.30603659809902034,0.016910880770864667,0.014070865604178279,True,Qwen/Qwen2.5-7B-Instruct,0.34136278700750816,0.035326188908487821,0.010063200265628708,True,0.084029623754126481,0.043830186747515959,True,0.15276170308814924,0.072770293126789939
TIGER-Lab/General-Reasoner-Qwen2.5-7B,irrelevant_context,20260836,0,vector_fitted,0.29377595716553295,0.10177817721207756,0.6785714285714286,0.85357142857142854,0.30991379437610522,0.012990261862064867,0.014070865604178279,True,Qwen/Qwen2.5-7B-Instruct,0.34136278700750816,0.031448992631402939,0.010063200265628708,True,0.084029623754126481,0.043830186747515959,True,0.15276170308814924,0.072770293126789939
TIGER-Lab/General-Reasoner-Qwen2.5-7B,irrelevant_context,20260836,64,vector_fitted,0.31975517376368351,0.10924416253390128,0.63095238095238093,0.82738095238095244,0.30991379437610522,0.012990261862064867,0.014070865604178279,True,Qwen/Qwen2.5-7B-Instruct,0.34136278700750816,0.031448992631402939,0.010063200265628708,True,0.084029623754126481,0.043830186747515959,True,0.15276170308814924,0.072770293126789939
TIGER-Lab/General-Reasoner-Qwen2.5-7B,irrelevant_context,20260836,128,vector_fitted,0.31855618190016649,0.11029742068973228,0.64523809523809517,0.83690476190476182,0.30991379437610522,0.012990261862064867,0.014070865604178279,True,Qwen/Qwen2.5-7B-Instruct,0.34136278700750816,0.031448992631402939,0.010063200265628708,True,0.084029623754126481,0.043830186747515959,True,0.15276170308814924,0.072770293126789939
TIGER-Lab/General-Reasoner-Qwen2.5-7B,irrelevant_context,20260836,256,vector_fitted,0.31071544002354518,0.10400154548409193,0.67142857142857137,0.85476190476190483,0.30991379437610522,0.012990261862064867,0.014070865604178279,True,Qwen/Qwen2.5-7B-Instruct,0.34136278700750816,0.031448992631402939,0.010063200265628708,True,0.084029623754126481,0.043830186747515959,True,0.15276170308814924,0.072770293126789939
TIGER-Lab/General-Reasoner-Qwen2.5-7B,irrelevant_context,20260836,512,vector_fitted,0.30676621902759782,0.10112073809426206,0.66785714285714282,0.84166666666666679,0.30991379437610522,0.012990261862064867,0.014070865604178279,True,Qwen/Qwen2.5-7B-Instruct,0.34136278700750816,0.031448992631402939,0.010063200265628708,True,0.084029623754126481,0.043830186747515959,True,0.15276170308814924,0.072770293126789939
TIGER-Lab/General-Reasoner-Qwen2.5-7B,irrelevant_context,20260837,0,scalar_fitted,0.28558580160164798,0.096287828783358578,0.68928571428571428,0.84642857142857142,0.31310849628944304,0.031035746364331152,0.018064660388022041,True,Qwen/Qwen2.5-7B-Instruct,0.35716723484879087,0.044058738559347832,0.011867325551350977,True,0.083814839238891992,0.047217708986785345,True,0.20306474249840634,0.082921940496946525
TIGER-Lab/General-Reasoner-Qwen2.5-7B,irrelevant_context,20260837,64,scalar_fitted,0.32415790949380496,0.11369554740929839,0.61904761904761896,0.82499999999999996,0.31310849628944304,0.031035746364331152,0.018064660388022041,True,Qwen/Qwen2.5-7B-Instruct,0.35716723484879087,0.044058738559347832,0.011867325551350977,True,0.083814839238891992,0.047217708986785345,True,0.20306474249840634,0.082921940496946525
TIGER-Lab/General-Reasoner-Qwen2.5-7B,irrelevant_context,20260837,128,scalar_fitted,0.32131352304417232,0.11338100026200541,0.63928571428571423,0.83214285714285718,0.31310849628944304,0.031035746364331152,0.018064660388022041,True,Qwen/Qwen2.5-7B-Instruct,0.35716723484879087,0.044058738559347832,0.011867325551350977,True,0.083814839238891992,0.047217708986785345,True,0.20306474249840634,0.082921940496946525
TIGER-Lab/General-Reasoner-Qwen2.5-7B,irrelevant_context,20260837,256,scalar_fitted,0.31786369934161091,0.10901278750607864,0.65476190476190466,0.84880952380952379,0.31310849628944304,0.031035746364331152,0.018064660388022041,True,Qwen/Qwen2.5-7B-Instruct,0.35716723484879087,0.044058738559347832,0.011867325551350977,True,0.083814839238891992,0.047217708986785345,True,0.20306474249840634,0.082921940496946525
TIGER-Lab/General-Reasoner-Qwen2.5-7B,irrelevant_context,20260837,512,scalar_fitted,0.31662154796597913,0.10635719857543084,0.65238095238095239,0.84285714285714286,0.31310849628944304,0.031035746364331152,0.018064660388022041,True,Qwen/Qwen2.5-7B-Instruct,0.35716723484879087,0.044058738559347832,0.011867325551350977,True,0.083814839238891992,0.047217708986785345,True,0.20306474249840634,0.082921940496946525
TIGER-Lab/General-Reasoner-Qwen2.5-7B,irrelevant_context,20260837,0,vector_fitted,0.29314421323033157,0.099371323767004763,0.68214285714285716,0.8392857142857143,0.31729662493408489,0.025250845082588014,0.018064660388022041,True,Qwen/Qwen2.5-7B-Instruct,0.35716723484879087,0.039870609914705979,0.011867325551350977,True,0.083814839238891992,0.047217708986785345,True,0.20306474249840634,0.082921940496946525
TIGER-Lab/General-Reasoner-Qwen2.5-7B,irrelevant_context,20260837,64,vector_fitted,0.32885252414163207,0.11509370240588535,0.61071428571428577,0.81547619047619047,0.31729662493408489,0.025250845082588014,0.018064660388022041,True,Qwen/Qwen2.5-7B-Instruct,0.35716723484879087,0.039870609914705979,0.011867325551350977,True,0.083814839238891992,0.047217708986785345,True,0.20306474249840634,0.082921940496946525
TIGER-Lab/General-Reasoner-Qwen2.5-7B,irrelevant_context,20260837,128,vector_fitted,0.32509900978706974,0.11453229102762615,0.63690476190476186,0.83095238095238078,0.31729662493408489,0.025250845082588014,0.018064660388022041,True,Qwen/Qwen2.5-7B-Instruct,0.35716723484879087,0.039870609914705979,0.011867325551350977,True,0.083814839238891992,0.047217708986785345,True,0.20306474249840634,0.082921940496946525
TIGER-Lab/General-Reasoner-Qwen2.5-7B,irrelevant_context,20260837,256,vector_fitted,0.32099231919847154,0.10977060144981109,0.65595238095238095,0.84880952380952379,0.31729662493408489,0.025250845082588014,0.018064660388022041,True,Qwen/Qwen2.5-7B-Instruct,0.35716723484879087,0.039870609914705979,0.011867325551350977,True,0.083814839238891992,0.047217708986785345,True,0.20306474249840634,0.082921940496946525
TIGER-Lab/General-Reasoner-Qwen2.5-7B,irrelevant_context,20260837,512,vector_fitted,0.31839505831291959,0.10621116738946494,0.64761904761904754,0.83809523809523812,0.31729662493408489,0.025250845082588014,0.018064660388022041,True,Qwen/Qwen2.5-7B-Instruct,0.35716723484879087,0.039870609914705979,0.011867325551350977,True,0.083814839238891992,0.047217708986785345,True,0.20306474249840634,0.082921940496946525
allenai/OLMo-2-1124-13B-Instruct,content_deletion,20260828,0,scalar_fitted,0.44985270436140973,0.1906916673358536,0.4642857142857143,0.7142857142857143,0.45257246978594123,0.0058888707280478902,-0.02594312029360471,False,mistralai/Mistral-Nemo-Instruct-2407,0.47225488129763071,0.019682411511689479,-0.0059754747237265038,False,,,False,0.23917665274523173,0.11246868722043681
allenai/OLMo-2-1124-13B-Instruct,content_deletion,20260828,0.10000000000000001,scalar_fitted,0.45390096916563416,0.19015075268565682,0.43809523809523804,0.7321428571428571,0.45257246978594123,0.0058888707280478902,-0.02594312029360471,False,mistralai/Mistral-Nemo-Instruct-2407,0.47225488129763071,0.019682411511689479,-0.0059754747237265038,False,,,False,0.23917665274523173,0.11246868722043681
allenai/OLMo-2-1124-13B-Instruct,content_deletion,20260828,0.20000000000000001,scalar_fitted,0.45345981081739151,0.1894702706141147,0.44285714285714284,0.73571428571428577,0.45257246978594123,0.0058888707280478902,-0.02594312029360471,False,mistralai/Mistral-Nemo-Instruct-2407,0.47225488129763071,0.019682411511689479,-0.0059754747237265038,False,,,False,0.23917665274523173,0.11246868722043681
allenai/OLMo-2-1124-13B-Instruct,content_deletion,20260828,0.29999999999999999,scalar_fitted,0.44990728949581327,0.18470463391770656,0.44999999999999996,0.75357142857142856,0.45257246978594123,0.0058888707280478902,-0.02594312029360471,False,mistralai/Mistral-Nemo-Instruct-2407,0.47225488129763071,0.019682411511689479,-0.0059754747237265038,False,,,False,0.23917665274523173,0.11246868722043681
allenai/OLMo-2-1124-13B-Instruct,content_deletion,20260828,0.40000000000000002,scalar_fitted,0.45574157508945762,0.18545752487246306,0.44047619047619041,0.76071428571428568,0.45257246978594123,0.0058888707280478902,-0.02594312029360471,False,mistralai/Mistral-Nemo-Instruct-2407,0.47225488129763071,0.019682411511689479,-0.0059754747237265038,False,,,False,0.23917665274523173,0.11246868722043681
allenai/OLMo-2-1124-13B-Instruct,content_deletion,20260828,0,vector_fitted,0.44591072703733409,0.18757010738126734,0.46785714285714286,0.7321428571428571,0.44875677508212758,0.0059423824729573083,-0.02594312029360471,False,mistralai/Mistral-Nemo-Instruct-2407,0.47225488129763071,0.023498106215503134,-0.0059754747237265038,False,,,False,0.23917665274523173,0.11246868722043681
allenai/OLMo-2-1124-13B-Instruct,content_deletion,20260828,0.10000000000000001,vector_fitted,0.4501539731677956,0.18746172914322937,0.43690476190476191,0.72261904761904761,0.44875677508212758,0.0059423824729573083,-0.02594312029360471,False,mistralai/Mistral-Nemo-Instruct-2407,0.47225488129763071,0.023498106215503134,-0.0059754747237265038,False,,,False,0.23917665274523173,0.11246868722043681
allenai/OLMo-2-1124-13B-Instruct,content_deletion,20260828,0.20000000000000001,vector_fitted,0.44934226628484969,0.18647979062319248,0.43928571428571428,0.71666666666666679,0.44875677508212758,0.0059423824729573083,-0.02594312029360471,False,mistralai/Mistral-Nemo-Instruct-2407,0.47225488129763071,0.023498106215503134,-0.0059754747237265038,False,,,False,0.23917665274523173,0.11246868722043681
allenai/OLMo-2-1124-13B-Instruct,content_deletion,20260828,0.29999999999999999,vector_fitted,0.44652379941036729,0.18183839390878268,0.44761904761904758,0.74047619047619051,0.44875677508212758,0.0059423824729573083,-0.02594312029360471,False,mistralai/Mistral-Nemo-Instruct-2407,0.47225488129763071,0.023498106215503134,-0.0059754747237265038,False,,,False,0.23917665274523173,0.11246868722043681
allenai/OLMo-2-1124-13B-Instruct,content_deletion,20260828,0.40000000000000002,vector_fitted,0.4518531095102914,0.18263149086020242,0.43928571428571428,0.74761904761904752,0.44875677508212758,0.0059423824729573083,-0.02594312029360471,False,mistralai/Mistral-Nemo-Instruct-2407,0.47225488129763071,0.023498106215503134,-0.0059754747237265038,False,,,False,0.23917665274523173,0.11246868722043681
allenai/OLMo-2-1124-13B-Instruct,content_deletion,20260829,0,scalar_fitted,0.42297486597075545,0.17929901937710127,0.48571428571428571,0.74642857142857144,0.42706984487537791,0.0089222424135117495,-0.006061384984790863,False,mistralai/Mistral-Nemo-Instruct-2407,0.45280848567282872,0.025738640797450807,0.0011007443265762529,True,,,False,0.35722548096960771,0.1549403444300739
allenai/OLMo-2-1124-13B-Instruct,content_deletion,20260829,0.10000000000000001,scalar_fitted,0.42503037575583219,0.17710137578115853,0.47499999999999998,0.73571428571428577,0.42706984487537791,0.0089222424135117495,-0.006061384984790863,False,mistralai/Mistral-Nemo-Instruct-2407,0.45280848567282872,0.025738640797450807,0.0011007443265762529,True,,,False,0.35722548096960771,0.1549403444300739
allenai/OLMo-2-1124-13B-Instruct,content_deletion,20260829,0.20000000000000001,scalar_fitted,0.42533594583441336,0.17776908054825558,0.4642857142857143,0.7238095238095239,0.42706984487537791,0.0089222424135117495,-0.006061384984790863,False,mistralai/Mistral-Nemo-Instruct-2407,0.45280848567282872,0.025738640797450807,0.0011007443265762529,True,,,False,0.35722548096960771,0.1549403444300739
allenai/OLMo-2-1124-13B-Instruct,content_deletion,20260829,0.29999999999999999,scalar_fitted,0.43011092843162158,0.17802916094276552,0.4642857142857143,0.73571428571428577,0.42706984487537791,0.0089222424135117495,-0.006061384984790863,False,mistralai/Mistral-Nemo-Instruct-2407,0.45280848567282872,0.025738640797450807,0.0011007443265762529,True,,,False,0.35722548096960771,0.1549403444300739
allenai/OLMo-2-1124-13B-Instruct,content_deletion,20260829,0.40000000000000002,scalar_fitted,0.4318971083842672,0.17844471696053874,0.4595238095238095,0.74404761904761907,0.42706984487537791,0.0089222424135117495,-0.006061384984790863,False,mistralai/Mistral-Nemo-Instruct-2407,0.45280848567282872,0.025738640797450807,0.0011007443265762529,True,,,False,0.35722548096960771,0.1549403444300739
allenai/OLMo-2-1124-13B-Instruct,content_deletion,20260829,0,vector_fitted,0.4191179743850485,0.17596152610865817,0.49642857142857144,0.7321428571428571,0.42514968016155141,0.012713345312060975,-0.006061384984790863,False,mistralai/Mistral-Nemo-Instruct-2407,0.45280848567282872,0.027658805511277307,0.0011007443265762529,True,,,False,0.35722548096960771,0.1549403444300739
allenai/OLMo-2-1124-13B-Instruct,content_deletion,20260829,0.10000000000000001,vector_fitted,0.42133803557960525,0.1740413175707336,0.46547619047619043,0.72023809523809534,0.42514968016155141,0.012713345312060975,-0.006061384984790863,False,mistralai/Mistral-Nemo-Instruct-2407,0.45280848567282872,0.027658805511277307,0.0011007443265762529,True,,,False,0.35722548096960771,0.1549403444300739
allenai/OLMo-2-1124-13B-Instruct,content_deletion,20260829,0.20000000000000001,vector_fitted,0.42402732455565495,0.17555751615917836,0.46190476190476182,0.71190476190476193,0.42514968016155141,0.012713345312060975,-0.006061384984790863,False,mistralai/Mistral-Nemo-Instruct-2407,0.45280848567282872,0.027658805511277307,0.0011007443265762529,True,,,False,0.35722548096960771,0.1549403444300739
allenai/OLMo-2-1124-13B-Instruct,content_deletion,20260829,0.29999999999999999,vector_fitted,0.42943374659033873,0.1762127591693618,0.4642857142857143,0.72976190476190472,0.42514968016155141,0.012713345312060975,-0.006061384984790863,False,mistralai/Mistral-Nemo-Instruct-2407,0.45280848567282872,0.027658805511277307,0.0011007443265762529,True,,,False,0.35722548096960771,0.1549403444300739
allenai/OLMo-2-1124-13B-Instruct,content_deletion,20260829,0.40000000000000002,vector_fitted,0.43183131969710947,0.17652925412636866,0.46190476190476182,0.72976190476190472,0.42514968016155141,0.012713345312060975,-0.006061384984790863,False,mistralai/Mistral-Nemo-Instruct-2407,0.45280848567282872,0.027658805511277307,0.0011007443265762529,True,,,False,0.35722548096960771,0.1549403444300739
allenai/OLMo-2-1124-13B-Instruct,content_deletion,20260830,0,scalar_fitted,0.44872795655444792,0.18793925891771726,0.45714285714285713,0.75357142857142856,0.45506805445325221,0.0018605224792945241,-0.019107538853678746,False,mistralai/Mistral-Nemo-Instruct-2407,0.47637282530005365,0.021304770846801435,-0.0055254093795133186,False,,,False,0.20862796548681103,0.10198029748305169
allenai/OLMo-2-1124-13B-Instruct,content_deletion,20260830,0.10000000000000001,scalar_fitted,0.45769950825328382,0.18913310404564512,0.42738095238095236,0.75238095238095248,0.45506805445325221,0.0018605224792945241,-0.019107538853678746,False,mistralai/Mistral-Nemo-Instruct-2407,0.47637282530005365,0.021304770846801435,-0.0055254093795133186,False,,,False,0.20862796548681103,0.10198029748305169
allenai/OLMo-2-1124-13B-Instruct,content_deletion,20260830,0.20000000000000001,scalar_fitted,0.46074761318722884,0.19001540284296267,0.41190476190476188,0.7321428571428571,0.45506805445325221,0.0018605224792945241,-0.019107538853678746,False,mistralai/Mistral-Nemo-Instruct-2407,0.47637282530005365,0.021304770846801435,-0.0055254093795133186,False,,,False,0.20862796548681103,0.10198029748305169
allenai/OLMo-2-1124-13B-Instruct,content_deletion,20260830,0.29999999999999999,scalar_fitted,0.45757671523755783,0.18684084488250494,0.41428571428571426,0.74404761904761907,0.45506805445325221,0.0018605224792945241,-0.019107538853678746,False,mistralai/Mistral-Nemo-Instruct-2407,0.47637282530005365,0.021304770846801435,-0.0055254093795133186,False,,,False,0.20862796548681103,0.10198029748305169
allenai/OLMo-2-1124-13B-Instruct,content_deletion,20260830,0.40000000000000002,scalar_fitted,0.45058847903374244,0.1809070032896159,0.43452380952380948,0.76071428571428568,0.45506805445325221,0.0018605224792945241,-0.019107538853678746,False,mistralai/Mistral-Nemo-Instruct-2407,0.47637282530005365,0.021304770846801435,-0.0055254093795133186,False,,,False,0.20862796548681103,0.10198029748305169
allenai/OLMo-2-1124-13B-Instruct,content_deletion,20260830,0,vector_fitted,0.44747096576147438,0.18699283607212297,0.43571428571428572,0.75357142857142856,0.4544728012514111,0.003324517637283475,-0.019107538853678746,False,mistralai/Mistral-Nemo-Instruct-2407,0.47637282530005365,0.021900024048642552,-0.0055254093795133186,False,,,False,0.20862796548681103,0.10198029748305169
allenai/OLMo-2-1124-13B-Instruct,content_deletion,20260830,0.10000000000000001,vector_fitted,0.45641499021799803,0.18843489861421919,0.419047619047619,0.73690476190476195,0.4544728012514111,0.003324517637283475,-0.019107538853678746,False,mistralai/Mistral-Nemo-Instruct-2407,0.47637282530005365,0.021900024048642552,-0.0055254093795133186,False,,,False,0.20862796548681103,0.10198029748305169
allenai/OLMo-2-1124-13B-Instruct,content_deletion,20260830,0.20000000000000001,vector_fitted,0.45969537916638642,0.18909724532342384,0.41190476190476183,0.71785714285714286,0.4544728012514111,0.003324517637283475,-0.019107538853678746,False,mistralai/Mistral-Nemo-Instruct-2407,0.47637282530005365,0.021900024048642552,-0.0055254093795133186,False,,,False,0.20862796548681103,0.10198029748305169
allenai/OLMo-2-1124-13B-Instruct,content_deletion,20260830,0.29999999999999999,vector_fitted,0.4579871877124389,0.18665934058491704,0.419047619047619,0.73452380952380947,0.4544728012514111,0.003324517637283475,-0.019107538853678746,False,mistralai/Mistral-Nemo-Instruct-2407,0.47637282530005365,0.021900024048642552,-0.0055254093795133186,False,,,False,0.20862796548681103,0.10198029748305169
allenai/OLMo-2-1124-13B-Instruct,content_deletion,20260830,0.40000000000000002,vector_fitted,0.45079548339875786,0.18083632627607826,0.43452380952380948,0.75238095238095248,0.4544728012514111,0.003324517637283475,-0.019107538853678746,False,mistralai/Mistral-Nemo-Instruct-2407,0.47637282530005365,0.021900024048642552,-0.0055254093795133186,False,,,False,0.20862796548681103,0.10198029748305169
allenai/OLMo-2-1124-13B-Instruct,content_deletion,20260831,0,scalar_fitted,0.4512891503115608,0.1935793229786881,0.43214285714285716,0.71785714285714286,0.45337213668747445,-0.0024298710968505,-0.034595850679224244,True,mistralai/Mistral-Nemo-Instruct-2407,0.46878452534429832,0.015412388656823872,-0.011899825834113614,False,,,False,0.21099708653645621,0.084351454645914772
allenai/OLMo-2-1124-13B-Instruct,content_deletion,20260831,0.10000000000000001,scalar_fitted,0.45643386464943281,0.19238675290495968,0.44642857142857145,0.73690476190476184,0.45337213668747445,-0.0024298710968505,-0.034595850679224244,True,mistralai/Mistral-Nemo-Instruct-2407,0.46878452534429832,0.015412388656823872,-0.011899825834113614,False,,,False,0.21099708653645621,0.084351454645914772
allenai/OLMo-2-1124-13B-Instruct,content_deletion,20260831,0.20000000000000001,scalar_fitted,0.45669225215940762,0.19022461533078441,0.42738095238095236,0.7321428571428571,0.45337213668747445,-0.0024298710968505,-0.034595850679224244,True,mistralai/Mistral-Nemo-Instruct-2407,0.46878452534429832,0.015412388656823872,-0.011899825834113614,False,,,False,0.21099708653645621,0.084351454645914772
allenai/OLMo-2-1124-13B-Instruct,content_deletion,20260831,0.29999999999999999,scalar_fitted,0.45358613710226103,0.18647939143812498,0.45357142857142857,0.76071428571428568,0.45337213668747445,-0.0024298710968505,-0.034595850679224244,True,mistralai/Mistral-Nemo-Instruct-2407,0.46878452534429832,0.015412388656823872,-0.011899825834113614,False,,,False,0.21099708653645621,0.084351454645914772
allenai/OLMo-2-1124-13B-Instruct,content_deletion,20260831,0.40000000000000002,scalar_fitted,0.4488592792147103,0.18175870156906856,0.45357142857142857,0.77500000000000002,0.45337213668747445,-0.0024298710968505,-0.034595850679224244,True,mistralai/Mistral-Nemo-Instruct-2407,0.46878452534429832,0.015412388656823872,-0.011899825834113614,False,,,False,0.21099708653645621,0.084351454645914772
allenai/OLMo-2-1124-13B-Instruct,content_deletion,20260831,0,vector_fitted,0.44650186516871621,0.19103055495581273,0.45000000000000001,0.72857142857142854,0.44970525686153112,-0.0014366883300199196,-0.034595850679224244,True,mistralai/Mistral-Nemo-Instruct-2407,0.46878452534429832,0.019079268482767198,-0.011899825834113614,False,,,False,0.21099708653645621,0.084351454645914772
allenai/OLMo-2-1124-13B-Instruct,content_deletion,20260831,0.10000000000000001,vector_fitted,0.45313055828955989,0.19087019418788462,0.44404761904761897,0.73095238095238091,0.44970525686153112,-0.0014366883300199196,-0.034595850679224244,True,mistralai/Mistral-Nemo-Instruct-2407,0.46878452534429832,0.019079268482767198,-0.011899825834113614,False,,,False,0.21099708653645621,0.084351454645914772
allenai/OLMo-2-1124-13B-Instruct,content_deletion,20260831,0.20000000000000001,vector_fitted,0.45336927939253846,0.18859558714254035,0.43095238095238092,0.71785714285714286,0.44970525686153112,-0.0014366883300199196,-0.034595850679224244,True,mistralai/Mistral-Nemo-Instruct-2407,0.46878452534429832,0.019079268482767198,-0.011899825834113614,False,,,False,0.21099708653645621,0.084351454645914772
allenai/OLMo-2-1124-13B-Instruct,content_deletion,20260831,0.29999999999999999,vector_fitted,0.45045940461814482,0.18491799966946004,0.45595238095238094,0.75833333333333341,0.44970525686153112,-0.0014366883300199196,-0.034595850679224244,True,mistralai/Mistral-Nemo-Instruct-2407,0.46878452534429832,0.019079268482767198,-0.011899825834113614,False,,,False,0.21099708653645621,0.084351454645914772
allenai/OLMo-2-1124-13B-Instruct,content_deletion,20260831,0.40000000000000002,vector_fitted,0.44506517683869629,0.18007204980566799,0.46666666666666662,0.77619047619047621,0.44970525686153112,-0.0014366883300199196,-0.034595850679224244,True,mistralai/Mistral-Nemo-Instruct-2407,0.46878452534429832,0.019079268482767198,-0.011899825834113614,False,,,False,0.21099708653645621,0.084351454645914772
allenai/OLMo-2-1124-13B-Instruct,content_deletion,20260832,0,scalar_fitted,0.45062327109534678,0.19182031196956995,0.43571428571428572,0.73928571428571432,0.44905015414253757,-0.0036277110825652104,-0.025326104116811771,True,mistralai/Mistral-Nemo-Instruct-2407,0.46681830234477573,0.017768148202238154,0.0048849714356157814,True,,,False,0.30046608838084543,0.17223933998256902
allenai/OLMo-2-1124-13B-Instruct,content_deletion,20260832,0.10000000000000001,scalar_fitted,0.44819065776891825,0.19011979565149048,0.44999999999999996,0.76071428571428568,0.44905015414253757,-0.0036277110825652104,-0.025326104116811771,True,mistralai/Mistral-Nemo-Instruct-2407,0.46681830234477573,0.017768148202238154,0.0048849714356157814,True,,,False,0.30046608838084543,0.17223933998256902
allenai/OLMo-2-1124-13B-Instruct,content_deletion,20260832,0.20000000000000001,scalar_fitted,0.45001764662848903,0.18884422324063674,0.45119047619047614,0.76547619047619053,0.44905015414253757,-0.0036277110825652104,-0.025326104116811771,True,mistralai/Mistral-Nemo-Instruct-2407,0.46681830234477573,0.017768148202238154,0.0048849714356157814,True,,,False,0.30046608838084543,0.17223933998256902
allenai/OLMo-2-1124-13B-Instruct,content_deletion,20260832,0.29999999999999999,scalar_fitted,0.44942363520715228,0.18645235351660991,0.45357142857142851,0.78333333333333321,0.44905015414253757,-0.0036277110825652104,-0.025326104116811771,True,mistralai/Mistral-Nemo-Instruct-2407,0.46681830234477573,0.017768148202238154,0.0048849714356157814,True,,,False,0.30046608838084543,0.17223933998256902
allenai/OLMo-2-1124-13B-Instruct,content_deletion,20260832,0.40000000000000002,scalar_fitted,0.44699556001278157,0.1832875167232845,0.46071428571428569,0.78214285714285714,0.44905015414253757,-0.0036277110825652104,-0.025326104116811771,True,mistralai/Mistral-Nemo-Instruct-2407,0.46681830234477573,0.017768148202238154,0.0048849714356157814,True,,,False,0.30046608838084543,0.17223933998256902
allenai/OLMo-2-1124-13B-Instruct,content_deletion,20260832,0,vector_fitted,0.44632371522462194,0.189352571253281,0.45357142857142857,0.74642857142857144,0.44676818787152578,-0.00056667118847641973,-0.025326104116811771,True,mistralai/Mistral-Nemo-Instruct-2407,0.46681830234477573,0.020050114473249947,0.0048849714356157814,True,,,False,0.30046608838084543,0.17223933998256902
allenai/OLMo-2-1124-13B-Instruct,content_deletion,20260832,0.10000000000000001,vector_fitted,0.44517287130423722,0.18887117887455232,0.45833333333333326,0.75595238095238093,0.44676818787152578,-0.00056667118847641973,-0.025326104116811771,True,mistralai/Mistral-Nemo-Instruct-2407,0.46681830234477573,0.020050114473249947,0.0048849714356157814,True,,,False,0.30046608838084543,0.17223933998256902
allenai/OLMo-2-1124-13B-Instruct,content_deletion,20260832,0.20000000000000001,vector_fitted,0.44826330570844919,0.18801989555591539,0.46309523809523806,0.76547619047619042,0.44676818787152578,-0.00056667118847641973,-0.025326104116811771,True,mistralai/Mistral-Nemo-Instruct-2407,0.46681830234477573,0.020050114473249947,0.0048849714356157814,True,,,False,0.30046608838084543,0.17223933998256902
allenai/OLMo-2-1124-13B-Instruct,content_deletion,20260832,0.29999999999999999,vector_fitted,0.44832400308417508,0.18538367656184246,0.46190476190476182,0.76309523809523816,0.44676818787152578,-0.00056667118847641973,-0.025326104116811771,True,mistralai/Mistral-Nemo-Instruct-2407,0.46681830234477573,0.020050114473249947,0.0048849714356157814,True,,,False,0.30046608838084543,0.17223933998256902
allenai/OLMo-2-1124-13B-Instruct,content_deletion,20260832,0.40000000000000002,vector_fitted,0.44575704403614552,0.1820371923465465,0.47023809523809518,0.7678571428571429,0.44676818787152578,-0.00056667118847641973,-0.025326104116811771,True,mistralai/Mistral-Nemo-Instruct-2407,0.46681830234477573,0.020050114473249947,0.0048849714356157814,True,,,False,0.30046608838084543,0.17223933998256902
allenai/OLMo-2-1124-13B-Instruct,content_deletion,20260833,0,scalar_fitted,0.45207134161463025,0.19074050580159049,0.42857142857142855,0.70714285714285718,0.45030825416675829,-0.0056457256491049268,-0.034322218467961907,True,mistralai/Mistral-Nemo-Instruct-2407,0.46388219603774894,0.013573941870990647,-0.0034369575692962673,False,,,False,0.21944729067850938,0.11916325468043336
allenai/OLMo-2-1124-13B-Instruct,content_deletion,20260833,0.10000000000000001,scalar_fitted,0.45406120441264292,0.19104685849198805,0.43452380952380948,0.71785714285714286,0.45030825416675829,-0.0056457256491049268,-0.034322218467961907,True,mistralai/Mistral-Nemo-Instruct-2407,0.46388219603774894,0.013573941870990647,-0.0034369575692962673,False,,,False,0.21944729067850938,0.11916325468043336
allenai/OLMo-2-1124-13B-Instruct,content_deletion,20260833,0.20000000000000001,scalar_fitted,0.45265536653673533,0.18860651427400171,0.43809523809523804,0.73333333333333339,0.45030825416675829,-0.0056457256491049268,-0.034322218467961907,True,mistralai/Mistral-Nemo-Instruct-2407,0.46388219603774894,0.013573941870990647,-0.0034369575692962673,False,,,False,0.21944729067850938,0.11916325468043336
allenai/OLMo-2-1124-13B-Instruct,content_deletion,20260833,0.29999999999999999,scalar_fitted,0.44632774230425759,0.18356227486527529,0.44047619047619041,0.75,0.45030825416675829,-0.0056457256491049268,-0.034322218467961907,True,mistralai/Mistral-Nemo-Instruct-2407,0.46388219603774894,0.013573941870990647,-0.0034369575692962673,False,,,False,0.21944729067850938,0.11916325468043336
allenai/OLMo-2-1124-13B-Instruct,content_deletion,20260833,0.40000000000000002,scalar_fitted,0.44642561596552532,0.18200618339214855,0.47023809523809518,0.77619047619047621,0.45030825416675829,-0.0056457256491049268,-0.034322218467961907,True,mistralai/Mistral-Nemo-Instruct-2407,0.46388219603774894,0.013573941870990647,-0.0034369575692962673,False,,,False,0.21944729067850938,0.11916325468043336
allenai/OLMo-2-1124-13B-Instruct,content_deletion,20260833,0,vector_fitted,0.44930794365369942,0.18906169329732431,0.45357142857142857,0.7142857142857143,0.44828424538091294,-0.0036639989420646502,-0.034322218467961907,True,mistralai/Mistral-Nemo-Instruct-2407,0.46388219603774894,0.015597950656836002,-0.0034369575692962673,False,,,False,0.21944729067850938,0.11916325468043336
allenai/OLMo-2-1124-13B-Instruct,content_deletion,20260833,0.10000000000000001,vector_fitted,0.4515596739240218,0.18946842356518334,0.44047619047619047,0.7142857142857143,0.44828424538091294,-0.0036639989420646502,-0.034322218467961907,True,mistralai/Mistral-Nemo-Instruct-2407,0.46388219603774894,0.015597950656836002,-0.0034369575692962673,False,,,False,0.21944729067850938,0.11916325468043336
allenai/OLMo-2-1124-13B-Instruct,content_deletion,20260833,0.20000000000000001,vector_fitted,0.45013549866143099,0.18708410789289026,0.44047619047619041,0.72499999999999998,0.44828424538091294,-0.0036639989420646502,-0.034322218467961907,True,mistralai/Mistral-Nemo-Instruct-2407,0.46388219603774894,0.015597950656836002,-0.0034369575692962673,False,,,False,0.21944729067850938,0.11916325468043336
allenai/OLMo-2-1124-13B-Instruct,content_deletion,20260833,0.29999999999999999,vector_fitted,0.44477416595377756,0.18218423746324811,0.44761904761904758,0.73690476190476184,0.44828424538091294,-0.0036639989420646502,-0.034322218467961907,True,mistralai/Mistral-Nemo-Instruct-2407,0.46388219603774894,0.015597950656836002,-0.0034369575692962673,False,,,False,0.21944729067850938,0.11916325468043336
allenai/OLMo-2-1124-13B-Instruct,content_deletion,20260833,0.40000000000000002,vector_fitted,0.44564394471163477,0.18139947317683869,0.47142857142857142,0.75595238095238104,0.44828424538091294,-0.0036639989420646502,-0.034322218467961907,True,mistralai/Mistral-Nemo-Instruct-2407,0.46388219603774894,0.015597950656836002,-0.0034369575692962673,False,,,False,0.21944729067850938,0.11916325468043336
allenai/OLMo-2-1124-13B-Instruct,content_deletion,20260834,0,scalar_fitted,0.46128119156853575,0.20023759860287166,0.46071428571428569,0.73928571428571432,0.45659057674129117,-0.013512096726760681,-0.018770939896829014,True,mistralai/Mistral-Nemo-Instruct-2407,0.48222941169293138,0.02563883495164021,-0.0035765524477419097,False,,,False,0.28645925980235099,0.12939893947228573
allenai/OLMo-2-1124-13B-Instruct,content_deletion,20260834,0.10000000000000001,scalar_fitted,0.46250119155557901,0.19714120279343694,0.44166666666666665,0.7321428571428571,0.45659057674129117,-0.013512096726760681,-0.018770939896829014,True,mistralai/Mistral-Nemo-Instruct-2407,0.48222941169293138,0.02563883495164021,-0.0035765524477419097,False,,,False,0.28645925980235099,0.12939893947228573
allenai/OLMo-2-1124-13B-Instruct,content_deletion,20260834,0.20000000000000001,scalar_fitted,0.46123170176715578,0.19291568853959784,0.44880952380952377,0.74404761904761896,0.45659057674129117,-0.013512096726760681,-0.018770939896829014,True,mistralai/Mistral-Nemo-Instruct-2407,0.48222941169293138,0.02563883495164021,-0.0035765524477419097,False,,,False,0.28645925980235099,0.12939893947228573
allenai/OLMo-2-1124-13B-Instruct,content_deletion,20260834,0.29999999999999999,scalar_fitted,0.45016970397341033,0.18466346162412137,0.46309523809523806,0.74523809523809526,0.45659057674129117,-0.013512096726760681,-0.018770939896829014,True,mistralai/Mistral-Nemo-Instruct-2407,0.48222941169293138,0.02563883495164021,-0.0035765524477419097,False,,,False,0.28645925980235099,0.12939893947228573
allenai/OLMo-2-1124-13B-Instruct,content_deletion,20260834,0.40000000000000002,scalar_fitted,0.44776909484177507,0.1819159602760122,0.46190476190476182,0.75,0.45659057674129117,-0.013512096726760681,-0.018770939896829014,True,mistralai/Mistral-Nemo-Instruct-2407,0.48222941169293138,0.02563883495164021,-0.0035765524477419097,False,,,False,0.28645925980235099,0.12939893947228573
allenai/OLMo-2-1124-13B-Instruct,content_deletion,20260834,0,vector_fitted,0.45942729678214433,0.19879536305138659,0.45000000000000001,0.71785714285714286,0.45758257560895854,-0.0083867293900735107,-0.018770939896829014,True,mistralai/Mistral-Nemo-Instruct-2407,0.48222941169293138,0.024646836083972834,-0.0035765524477419097,False,,,False,0.28645925980235099,0.12939893947228573
allenai/OLMo-2-1124-13B-Instruct,content_deletion,20260834,0.10000000000000001,vector_fitted,0.4613129169088141,0.19642255837788908,0.42857142857142855,0.705952380952381,0.45758257560895854,-0.0083867293900735107,-0.018770939896829014,True,mistralai/Mistral-Nemo-Instruct-2407,0.48222941169293138,0.024646836083972834,-0.0035765524477419097,False,,,False,0.28645925980235099,0.12939893947228573
allenai/OLMo-2-1124-13B-Instruct,content_deletion,20260834,0.20000000000000001,vector_fitted,0.46268409411964939,0.1932047811531066,0.44047619047619041,0.72380952380952379,0.45758257560895854,-0.0083867293900735107,-0.018770939896829014,True,mistralai/Mistral-Nemo-Instruct-2407,0.48222941169293138,0.024646836083972834,-0.0035765524477419097,False,,,False,0.28645925980235099,0.12939893947228573
allenai/OLMo-2-1124-13B-Instruct,content_deletion,20260834,0.29999999999999999,vector_fitted,0.45344800284211423,0.18601695478591387,0.4547619047619047,0.72261904761904761,0.45758257560895854,-0.0083867293900735107,-0.018770939896829014,True,mistralai/Mistral-Nemo-Instruct-2407,0.48222941169293138,0.024646836083972834,-0.0035765524477419097,False,,,False,0.28645925980235099,0.12939893947228573
allenai/OLMo-2-1124-13B-Instruct,content_deletion,20260834,0.40000000000000002,vector_fitted,0.45104056739207082,0.18339772947501523,0.45000000000000001,0.7321428571428571,0.45758257560895854,-0.0083867293900735107,-0.018770939896829014,True,mistralai/Mistral-Nemo-Instruct-2407,0.48222941169293138,0.024646836083972834,-0.0035765524477419097,False,,,False,0.28645925980235099,0.12939893947228573
allenai/OLMo-2-1124-13B-Instruct,content_deletion,20260835,0,scalar_fitted,0.46162809242446395,0.19738089933376962,0.42499999999999999,0.71071428571428574,0.46063478697385818,-0.0075898963002806186,-0.031917472329513086,True,mistralai/Mistral-Nemo-Instruct-2407,0.48243317390245793,0.021798386928599756,-0.0081803991060781511,False,,,False,0.3104323959072845,0.14492355307303337
allenai/OLMo-2-1124-13B-Instruct,content_deletion,20260835,0.10000000000000001,scalar_fitted,0.4625593368075212,0.19616431073625631,0.41666666666666663,0.70238095238095244,0.46063478697385818,-0.0075898963002806186,-0.031917472329513086,True,mistralai/Mistral-Nemo-Instruct-2407,0.48243317390245793,0.021798386928599756,-0.0081803991060781511,False,,,False,0.3104323959072845,0.14492355307303337
allenai/OLMo-2-1124-13B-Instruct,content_deletion,20260835,0.20000000000000001,scalar_fitted,0.46470813061012278,0.19598493583684551,0.41309523809523807,0.71071428571428574,0.46063478697385818,-0.0075898963002806186,-0.031917472329513086,True,mistralai/Mistral-Nemo-Instruct-2407,0.48243317390245793,0.021798386928599756,-0.0081803991060781511,False,,,False,0.3104323959072845,0.14492355307303337
allenai/OLMo-2-1124-13B-Instruct,content_deletion,20260835,0.29999999999999999,scalar_fitted,0.46024017890299951,0.19109210224549739,0.41428571428571431,0.71904761904761905,0.46063478697385818,-0.0075898963002806186,-0.031917472329513086,True,mistralai/Mistral-Nemo-Instruct-2407,0.48243317390245793,0.021798386928599756,-0.0081803991060781511,False,,,False,0.3104323959072845,0.14492355307303337
allenai/OLMo-2-1124-13B-Instruct,content_deletion,20260835,0.40000000000000002,scalar_fitted,0.45403819612418334,0.18588922835606012,0.42261904761904756,0.73809523809523814,0.46063478697385818,-0.0075898963002806186,-0.031917472329513086,True,mistralai/Mistral-Nemo-Instruct-2407,0.48243317390245793,0.021798386928599756,-0.0081803991060781511,False,,,False,0.3104323959072845,0.14492355307303337
allenai/OLMo-2-1124-13B-Instruct,content_deletion,20260835,0,vector_fitted,0.45402249698304331,0.19196181611779492,0.41428571428571431,0.70714285714285718,0.45361467993704985,-0.006677752188939734,-0.031917472329513086,True,mistralai/Mistral-Nemo-Instruct-2407,0.48243317390245793,0.028818493965408087,-0.0081803991060781511,False,,,False,0.3104323959072845,0.14492355307303337
allenai/OLMo-2-1124-13B-Instruct,content_deletion,20260835,0.10000000000000001,vector_fitted,0.45586760318602182,0.19216647266557471,0.40833333333333333,0.69404761904761902,0.45361467993704985,-0.006677752188939734,-0.031917472329513086,True,mistralai/Mistral-Nemo-Instruct-2407,0.48243317390245793,0.028818493965408087,-0.0081803991060781511,False,,,False,0.3104323959072845,0.14492355307303337
allenai/OLMo-2-1124-13B-Instruct,content_deletion,20260835,0.20000000000000001,vector_fitted,0.45726458457267488,0.19117831212253869,0.41785714285714287,0.71190476190476182,0.45361467993704985,-0.006677752188939734,-0.031917472329513086,True,mistralai/Mistral-Nemo-Instruct-2407,0.48243317390245793,0.028818493965408087,-0.0081803991060781511,False,,,False,0.3104323959072845,0.14492355307303337
allenai/OLMo-2-1124-13B-Instruct,content_deletion,20260835,0.29999999999999999,vector_fitted,0.45357397014940554,0.18685549413062197,0.41785714285714287,0.70833333333333337,0.45361467993704985,-0.006677752188939734,-0.031917472329513086,True,mistralai/Mistral-Nemo-Instruct-2407,0.48243317390245793,0.028818493965408087,-0.0081803991060781511,False,,,False,0.3104323959072845,0.14492355307303337
allenai/OLMo-2-1124-13B-Instruct,content_deletion,20260835,0.40000000000000002,vector_fitted,0.44734474479410358,0.18140691802862213,0.43214285714285716,0.73809523809523803,0.45361467993704985,-0.006677752188939734,-0.031917472329513086,True,mistralai/Mistral-Nemo-Instruct-2407,0.48243317390245793,0.028818493965408087,-0.0081803991060781511,False,,,False,0.3104323959072845,0.14492355307303337
allenai/OLMo-2-1124-13B-Instruct,content_deletion,20260836,0,scalar_fitted,0.45497692850715277,0.193588459202886,0.42499999999999999,0.72857142857142854,0.45446494850100827,-0.0038888040706120397,-0.026782005502705236,True,mistralai/Mistral-Nemo-Instruct-2407,0.47837377318004692,0.023908824679038654,-0.0057849682521704804,False,,,False,0.13246298538652254,0.077901271579014136
allenai/OLMo-2-1124-13B-Instruct,content_deletion,20260836,0.10000000000000001,scalar_fitted,0.45856279939233113,0.19423315839714672,0.41785714285714287,0.7416666666666667,0.45446494850100827,-0.0038888040706120397,-0.026782005502705236,True,mistralai/Mistral-Nemo-Instruct-2407,0.47837377318004692,0.023908824679038654,-0.0057849682521704804,False,,,False,0.13246298538652254,0.077901271579014136
allenai/OLMo-2-1124-13B-Instruct,content_deletion,20260836,0.20000000000000001,scalar_fitted,0.45590070566759044,0.19058394154081137,0.43571428571428572,0.74404761904761896,0.45446494850100827,-0.0038888040706120397,-0.026782005502705236,True,mistralai/Mistral-Nemo-Instruct-2407,0.47837377318004692,0.023908824679038654,-0.0057849682521704804,False,,,False,0.13246298538652254,0.077901271579014136
allenai/OLMo-2-1124-13B-Instruct,content_deletion,20260836,0.29999999999999999,scalar_fitted,0.45179618450142617,0.18660160998327244,0.45238095238095233,0.76904761904761898,0.45446494850100827,-0.0038888040706120397,-0.026782005502705236,True,mistralai/Mistral-Nemo-Instruct-2407,0.47837377318004692,0.023908824679038654,-0.0057849682521704804,False,,,False,0.13246298538652254,0.077901271579014136
allenai/OLMo-2-1124-13B-Instruct,content_deletion,20260836,0.40000000000000002,scalar_fitted,0.45108812443654073,0.18501921249505837,0.45476190476190476,0.77857142857142858,0.45446494850100827,-0.0038888040706120397,-0.026782005502705236,True,mistralai/Mistral-Nemo-Instruct-2407,0.47837377318004692,0.023908824679038654,-0.0057849682521704804,False,,,False,0.13246298538652254,0.077901271579014136
allenai/OLMo-2-1124-13B-Instruct,content_deletion,20260836,0,vector_fitted,0.45275536324528115,0.19175506681965748,0.43214285714285716,0.73571428571428577,0.45239758227236659,-0.0033575438626652909,-0.026782005502705236,True,mistralai/Mistral-Nemo-Instruct-2407,0.47837377318004692,0.02597619090768033,-0.0057849682521704804,False,,,False,0.13246298538652254,0.077901271579014136
allenai/OLMo-2-1124-13B-Instruct,content_deletion,20260836,0.10000000000000001,vector_fitted,0.45633950634225579,0.19270228013663177,0.42023809523809519,0.73333333333333328,0.45239758227236659,-0.0033575438626652909,-0.026782005502705236,True,mistralai/Mistral-Nemo-Instruct-2407,0.47837377318004692,0.02597619090768033,-0.0057849682521704804,False,,,False,0.13246298538652254,0.077901271579014136
allenai/OLMo-2-1124-13B-Instruct,content_deletion,20260836,0.20000000000000001,vector_fitted,0.45360617923143548,0.18907576374221507,0.44404761904761902,0.75476190476190474,0.45239758227236659,-0.0033575438626652909,-0.026782005502705236,True,mistralai/Mistral-Nemo-Instruct-2407,0.47837377318004692,0.02597619090768033,-0.0057849682521704804,False,,,False,0.13246298538652254,0.077901271579014136
allenai/OLMo-2-1124-13B-Instruct,content_deletion,20260836,0.29999999999999999,vector_fitted,0.44988904316024492,0.18511630267910503,0.45238095238095233,0.76904761904761898,0.45239758227236659,-0.0033575438626652909,-0.026782005502705236,True,mistralai/Mistral-Nemo-Instruct-2407,0.47837377318004692,0.02597619090768033,-0.0057849682521704804,False,,,False,0.13246298538652254,0.077901271579014136
allenai/OLMo-2-1124-13B-Instruct,content_deletion,20260836,0.40000000000000002,vector_fitted,0.44939781938261586,0.18402919864349598,0.45714285714285707,0.77380952380952384,0.45239758227236659,-0.0033575438626652909,-0.026782005502705236,True,mistralai/Mistral-Nemo-Instruct-2407,0.47837377318004692,0.02597619090768033,-0.0057849682521704804,False,,,False,0.13246298538652254,0.077901271579014136
allenai/OLMo-2-1124-13B-Instruct,content_deletion,20260837,0,scalar_fitted,0.43106728991533988,0.17665062298436368,0.46071428571428569,0.74642857142857144,0.44117234154923934,0.011863459725865777,-0.020833363348326001,False,mistralai/Mistral-Nemo-Instruct-2407,0.46232278576179298,0.021150444212553632,-0.0026021494645525889,False,,,False,0.23871517251542618,0.14172618443726143
allenai/OLMo-2-1124-13B-Instruct,content_deletion,20260837,0.10000000000000001,scalar_fitted,0.44184739344602836,0.18103622009900461,0.44166666666666665,0.74523809523809526,0.44117234154923934,0.011863459725865777,-0.020833363348326001,False,mistralai/Mistral-Nemo-Instruct-2407,0.46232278576179298,0.021150444212553632,-0.0026021494645525889,False,,,False,0.23871517251542618,0.14172618443726143
allenai/OLMo-2-1124-13B-Instruct,content_deletion,20260837,0.20000000000000001,scalar_fitted,0.44457735341951277,0.1807155605140798,0.44285714285714278,0.73333333333333339,0.44117234154923934,0.011863459725865777,-0.020833363348326001,False,mistralai/Mistral-Nemo-Instruct-2407,0.46232278576179298,0.021150444212553632,-0.0026021494645525889,False,,,False,0.23871517251542618,0.14172618443726143
allenai/OLMo-2-1124-13B-Instruct,content_deletion,20260837,0.29999999999999999,scalar_fitted,0.44543892132411,0.17979799212995812,0.43690476190476185,0.74761904761904763,0.44117234154923934,0.011863459725865777,-0.020833363348326001,False,mistralai/Mistral-Nemo-Instruct-2407,0.46232278576179298,0.021150444212553632,-0.0026021494645525889,False,,,False,0.23871517251542618,0.14172618443726143
allenai/OLMo-2-1124-13B-Instruct,content_deletion,20260837,0.40000000000000002,scalar_fitted,0.44293074964120566,0.17723014804740178,0.44523809523809521,0.76309523809523816,0.44117234154923934,0.011863459725865777,-0.020833363348326001,False,mistralai/Mistral-Nemo-Instruct-2407,0.46232278576179298,0.021150444212553632,-0.0026021494645525889,False,,,False,0.23871517251542618,0.14172618443726143
allenai/OLMo-2-1124-13B-Instruct,content_deletion,20260837,0,vector_fitted,0.4308653852647078,0.17543167917573915,0.45357142857142857,0.75714285714285712,0.44177422792024795,0.013665890014792959,-0.020833363348326001,False,mistralai/Mistral-Nemo-Instruct-2407,0.46232278576179298,0.020548557841545023,-0.0026021494645525889,False,,,False,0.23871517251542618,0.14172618443726143
allenai/OLMo-2-1124-13B-Instruct,content_deletion,20260837,0.10000000000000001,vector_fitted,0.44196144057698478,0.18055275575412025,0.43571428571428572,0.73571428571428577,0.44177422792024795,0.013665890014792959,-0.020833363348326001,False,mistralai/Mistral-Nemo-Instruct-2407,0.46232278576179298,0.020548557841545023,-0.0026021494645525889,False,,,False,0.23871517251542618,0.14172618443726143
allenai/OLMo-2-1124-13B-Instruct,content_deletion,20260837,0.20000000000000001,vector_fitted,0.4444375437122608,0.17982043920139859,0.44166666666666665,0.72857142857142854,0.44177422792024795,0.013665890014792959,-0.020833363348326001,False,mistralai/Mistral-Nemo-Instruct-2407,0.46232278576179298,0.020548557841545023,-0.0026021494645525889,False,,,False,0.23871517251542618,0.14172618443726143
allenai/OLMo-2-1124-13B-Instruct,content_deletion,20260837,0.29999999999999999,vector_fitted,0.44707549476778546,0.17996277566580471,0.43928571428571428,0.72976190476190472,0.44177422792024795,0.013665890014792959,-0.020833363348326001,False,mistralai/Mistral-Nemo-Instruct-2407,0.46232278576179298,0.020548557841545023,-0.0026021494645525889,False,,,False,0.23871517251542618,0.14172618443726143
allenai/OLMo-2-1124-13B-Instruct,content_deletion,20260837,0.40000000000000002,vector_fitted,0.44453127527950076,0.17773483875336635,0.44285714285714278,0.75238095238095237,0.44177422792024795,0.013665890014792959,-0.020833363348326001,False,mistralai/Mistral-Nemo-Instruct-2407,0.46232278576179298,0.020548557841545023,-0.0026021494645525889,False,,,False,0.23871517251542618,0.14172618443726143
allenai/OLMo-2-1124-13B-Instruct,irrelevant_context,20260828,0,scalar_fitted,0.44955965763633465,0.19044299682081284,0.4642857142857143,0.72142857142857142,0.44069587661367715,-0.027278615737041823,-0.021422781414556835,True,mistralai/Mistral-Nemo-Instruct-2407,0.45385019393905218,0.013154317325375031,-0.010070734948114834,False,,,False,0.29998883357952311,0.14568878951494765
allenai/OLMo-2-1124-13B-Instruct,irrelevant_context,20260828,64,scalar_fitted,0.44997374563408266,0.18527172361995808,0.4595238095238095,0.76071428571428568,0.44069587661367715,-0.027278615737041823,-0.021422781414556835,True,mistralai/Mistral-Nemo-Instruct-2407,0.45385019393905218,0.013154317325375031,-0.010070734948114834,False,,,False,0.29998883357952311,0.14568878951494765
allenai/OLMo-2-1124-13B-Instruct,irrelevant_context,20260828,128,scalar_fitted,0.44464654055162084,0.18175940137477253,0.48095238095238091,0.77023809523809517,0.44069587661367715,-0.027278615737041823,-0.021422781414556835,True,mistralai/Mistral-Nemo-Instruct-2407,0.45385019393905218,0.013154317325375031,-0.010070734948114834,False,,,False,0.29998883357952311,0.14568878951494765
allenai/OLMo-2-1124-13B-Instruct,irrelevant_context,20260828,256,scalar_fitted,0.43701839734705467,0.17611328144512431,0.47023809523809518,0.77142857142857146,0.44069587661367715,-0.027278615737041823,-0.021422781414556835,True,mistralai/Mistral-Nemo-Instruct-2407,0.45385019393905218,0.013154317325375031,-0.010070734948114834,False,,,False,0.29998883357952311,0.14568878951494765
allenai/OLMo-2-1124-13B-Instruct,irrelevant_context,20260828,512,scalar_fitted,0.42228104189929283,0.16511205083492336,0.49166666666666664,0.79285714285714282,0.44069587661367715,-0.027278615737041823,-0.021422781414556835,True,mistralai/Mistral-Nemo-Instruct-2407,0.45385019393905218,0.013154317325375031,-0.010070734948114834,False,,,False,0.29998883357952311,0.14568878951494765
allenai/OLMo-2-1124-13B-Instruct,irrelevant_context,20260828,0,vector_fitted,0.4448084282424723,0.18659758655676839,0.46071428571428569,0.73571428571428577,0.43539686250821896,-0.027033370988258865,-0.021422781414556835,True,mistralai/Mistral-Nemo-Instruct-2407,0.45385019393905218,0.01845333143083322,-0.010070734948114834,False,,,False,0.29998883357952311,0.14568878951494765
allenai/OLMo-2-1124-13B-Instruct,irrelevant_context,20260828,64,vector_fitted,0.44422210866185835,0.1811274622567671,0.46666666666666662,0.77142857142857146,0.43539686250821896,-0.027033370988258865,-0.021422781414556835,True,mistralai/Mistral-Nemo-Instruct-2407,0.45385019393905218,0.01845333143083322,-0.010070734948114834,False,,,False,0.29998883357952311,0.14568878951494765
allenai/OLMo-2-1124-13B-Instruct,irrelevant_context,20260828,128,vector_fitted,0.43837281934462141,0.17711488667494504,0.47142857142857142,0.7595238095238096,0.43539686250821896,-0.027033370988258865,-0.021422781414556835,True,mistralai/Mistral-Nemo-Instruct-2407,0.45385019393905218,0.01845333143083322,-0.010070734948114834,False,,,False,0.29998883357952311,0.14568878951494765
allenai/OLMo-2-1124-13B-Instruct,irrelevant_context,20260828,256,vector_fitted,0.43180589903792921,0.17202873895996437,0.45714285714285707,0.75595238095238093,0.43539686250821896,-0.027033370988258865,-0.021422781414556835,True,mistralai/Mistral-Nemo-Instruct-2407,0.45385019393905218,0.01845333143083322,-0.010070734948114834,False,,,False,0.29998883357952311,0.14568878951494765
allenai/OLMo-2-1124-13B-Instruct,irrelevant_context,20260828,512,vector_fitted,0.41777505725421343,0.16196589633911965,0.48452380952380947,0.77738095238095239,0.43539686250821896,-0.027033370988258865,-0.021422781414556835,True,mistralai/Mistral-Nemo-Instruct-2407,0.45385019393905218,0.01845333143083322,-0.010070734948114834,False,,,False,0.29998883357952311,0.14568878951494765
allenai/OLMo-2-1124-13B-Instruct,irrelevant_context,20260829,0,scalar_fitted,0.41978912016701003,0.17661456429006372,0.5,0.73928571428571432,0.41073212463972225,-0.02255461001744663,-0.0086976163818000274,True,mistralai/Mistral-Nemo-Instruct-2407,0.4307472928999484,0.020015168260226146,-0.0078827025250530758,False,,,False,0.22513301978758027,0.11274592986008693
allenai/OLMo-2-1124-13B-Instruct,irrelevant_context,20260829,64,scalar_fitted,0.41711953091541021,0.17009821299794803,0.4952380952380952,0.75,0.41073212463972225,-0.02255461001744663,-0.0086976163818000274,True,mistralai/Mistral-Nemo-Instruct-2407,0.4307472928999484,0.020015168260226146,-0.0078827025250530758,False,,,False,0.22513301978758027,0.11274592986008693
allenai/OLMo-2-1124-13B-Instruct,irrelevant_context,20260829,128,scalar_fitted,0.41231862837425298,0.16778125472825828,0.49761904761904757,0.75238095238095248,0.41073212463972225,-0.02255461001744663,-0.0086976163818000274,True,mistralai/Mistral-Nemo-Instruct-2407,0.4307472928999484,0.020015168260226146,-0.0078827025250530758,False,,,False,0.22513301978758027,0.11274592986008693
allenai/OLMo-2-1124-13B-Instruct,irrelevant_context,20260829,256,scalar_fitted,0.40719883359237435,0.16347430006815258,0.49880952380952376,0.74404761904761907,0.41073212463972225,-0.02255461001744663,-0.0086976163818000274,True,mistralai/Mistral-Nemo-Instruct-2407,0.4307472928999484,0.020015168260226146,-0.0078827025250530758,False,,,False,0.22513301978758027,0.11274592986008693
allenai/OLMo-2-1124-13B-Instruct,irrelevant_context,20260829,512,scalar_fitted,0.3972345101495634,0.15560842016843093,0.49761904761904757,0.74761904761904752,0.41073212463972225,-0.02255461001744663,-0.0086976163818000274,True,mistralai/Mistral-Nemo-Instruct-2407,0.4307472928999484,0.020015168260226146,-0.0078827025250530758,False,,,False,0.22513301978758027,0.11274592986008693
allenai/OLMo-2-1124-13B-Instruct,irrelevant_context,20260829,0,vector_fitted,0.41881861830347039,0.1754849096535166,0.48214285714285715,0.72857142857142854,0.41384042060147525,-0.015944830298324608,-0.0086976163818000274,True,mistralai/Mistral-Nemo-Instruct-2407,0.4307472928999484,0.016906872298473152,-0.0078827025250530758,False,,,False,0.22513301978758027,0.11274592986008693
allenai/OLMo-2-1124-13B-Instruct,irrelevant_context,20260829,64,vector_fitted,0.41934033653890218,0.17023566880830318,0.4904761904761904,0.74880952380952392,0.41384042060147525,-0.015944830298324608,-0.0086976163818000274,True,mistralai/Mistral-Nemo-Instruct-2407,0.4307472928999484,0.016906872298473152,-0.0078827025250530758,False,,,False,0.22513301978758027,0.11274592986008693
allenai/OLMo-2-1124-13B-Instruct,irrelevant_context,20260829,128,vector_fitted,0.41627446090478237,0.16886686047525623,0.49285714285714288,0.74404761904761896,0.41384042060147525,-0.015944830298324608,-0.0086976163818000274,True,mistralai/Mistral-Nemo-Instruct-2407,0.4307472928999484,0.016906872298473152,-0.0078827025250530758,False,,,False,0.22513301978758027,0.11274592986008693
allenai/OLMo-2-1124-13B-Instruct,irrelevant_context,20260829,256,vector_fitted,0.41189489925507539,0.16511407076328979,0.50119047619047608,0.74404761904761907,0.41384042060147525,-0.015944830298324608,-0.0086976163818000274,True,mistralai/Mistral-Nemo-Instruct-2407,0.4307472928999484,0.016906872298473152,-0.0078827025250530758,False,,,False,0.22513301978758027,0.11274592986008693
allenai/OLMo-2-1124-13B-Instruct,irrelevant_context,20260829,512,vector_fitted,0.40287378800514578,0.15748682354474111,0.50238095238095237,0.75476190476190474,0.41384042060147525,-0.015944830298324608,-0.0086976163818000274,True,mistralai/Mistral-Nemo-Instruct-2407,0.4307472928999484,0.016906872298473152,-0.0078827025250530758,False,,,False,0.22513301978758027,0.11274592986008693
allenai/OLMo-2-1124-13B-Instruct,irrelevant_context,20260830,0,scalar_fitted,0.44821099396458736,0.18751772831336383,0.43928571428571428,0.75714285714285712,0.43963385879408623,-0.021843313834502942,-0.011205126393798254,True,mistralai/Mistral-Nemo-Instruct-2407,0.45615160544131894,0.016517746647232712,-0.010973539718188235,False,,,False,0.17346096640588055,0.085898776755845244
allenai/OLMo-2-1124-13B-Instruct,irrelevant_context,20260830,64,scalar_fitted,0.44494102896619353,0.18188499111219497,0.45119047619047614,0.78095238095238106,0.43963385879408623,-0.021843313834502942,-0.011205126393798254,True,mistralai/Mistral-Nemo-Instruct-2407,0.45615160544131894,0.016517746647232712,-0.010973539718188235,False,,,False,0.17346096640588055,0.085898776755845244
allenai/OLMo-2-1124-13B-Instruct,irrelevant_context,20260830,128,scalar_fitted,0.44231411575020596,0.17982639122330504,0.44404761904761897,0.7678571428571429,0.43963385879408623,-0.021843313834502942,-0.011205126393798254,True,mistralai/Mistral-Nemo-Instruct-2407,0.45615160544131894,0.016517746647232712,-0.010973539718188235,False,,,False,0.17346096640588055,0.085898776755845244
allenai/OLMo-2-1124-13B-Instruct,irrelevant_context,20260830,256,scalar_fitted,0.43633547515936,0.17589754190937873,0.4595238095238095,0.77738095238095239,0.43963385879408623,-0.021843313834502942,-0.011205126393798254,True,mistralai/Mistral-Nemo-Instruct-2407,0.45615160544131894,0.016517746647232712,-0.010973539718188235,False,,,False,0.17346096640588055,0.085898776755845244
allenai/OLMo-2-1124-13B-Instruct,irrelevant_context,20260830,512,scalar_fitted,0.42636768013008441,0.16835338952375609,0.4511904761904762,0.78452380952380962,0.43963385879408623,-0.021843313834502942,-0.011205126393798254,True,mistralai/Mistral-Nemo-Instruct-2407,0.45615160544131894,0.016517746647232712,-0.010973539718188235,False,,,False,0.17346096640588055,0.085898776755845244
allenai/OLMo-2-1124-13B-Instruct,irrelevant_context,20260830,0,vector_fitted,0.44737993553108596,0.18698430401922428,0.42499999999999999,0.74642857142857144,0.4399755144803964,-0.018781183266719903,-0.011205126393798254,True,mistralai/Mistral-Nemo-Instruct-2407,0.45615160544131894,0.01617609096092254,-0.010973539718188235,False,,,False,0.17346096640588055,0.085898776755845244
allenai/OLMo-2-1124-13B-Instruct,irrelevant_context,20260830,64,vector_fitted,0.44370495269381705,0.1810043702183223,0.45714285714285713,0.77500000000000002,0.4399755144803964,-0.018781183266719903,-0.011205126393798254,True,mistralai/Mistral-Nemo-Instruct-2407,0.45615160544131894,0.01617609096092254,-0.010973539718188235,False,,,False,0.17346096640588055,0.085898776755845244
allenai/OLMo-2-1124-13B-Instruct,irrelevant_context,20260830,128,vector_fitted,0.44235503686952321,0.17956759032009625,0.4464285714285714,0.76547619047619053,0.4399755144803964,-0.018781183266719903,-0.011205126393798254,True,mistralai/Mistral-Nemo-Instruct-2407,0.45615160544131894,0.01617609096092254,-0.010973539718188235,False,,,False,0.17346096640588055,0.085898776755845244
allenai/OLMo-2-1124-13B-Instruct,irrelevant_context,20260830,256,vector_fitted,0.4378388950431899,0.17652300794805981,0.46071428571428569,0.76904761904761909,0.4399755144803964,-0.018781183266719903,-0.011205126393798254,True,mistralai/Mistral-Nemo-Instruct-2407,0.45615160544131894,0.01617609096092254,-0.010973539718188235,False,,,False,0.17346096640588055,0.085898776755845244
allenai/OLMo-2-1124-13B-Instruct,irrelevant_context,20260830,512,vector_fitted,0.42859875226436606,0.16943156983293822,0.45595238095238094,0.77023809523809517,0.4399755144803964,-0.018781183266719903,-0.011205126393798254,True,mistralai/Mistral-Nemo-Instruct-2407,0.45615160544131894,0.01617609096092254,-0.010973539718188235,False,,,False,0.17346096640588055,0.085898776755845244
allenai/OLMo-2-1124-13B-Instruct,irrelevant_context,20260831,0,scalar_fitted,0.44890609035926327,0.19249271116623565,0.45357142857142857,0.75714285714285712,0.43715854722339087,-0.029331077167684738,-0.018463615584311643,True,mistralai/Mistral-Nemo-Instruct-2407,0.45994385966474105,0.022785312441350181,-0.0039199574884635768,False,,,False,0.205916010868815,0.093345044310658321
allenai/OLMo-2-1124-13B-Instruct,irrelevant_context,20260831,64,scalar_fitted,0.44695045218412172,0.18569534880478972,0.43095238095238092,0.73809523809523814,0.43715854722339087,-0.029331077167684738,-0.018463615584311643,True,mistralai/Mistral-Nemo-Instruct-2407,0.45994385966474105,0.022785312441350181,-0.0039199574884635768,False,,,False,0.205916010868815,0.093345044310658321
allenai/OLMo-2-1124-13B-Instruct,irrelevant_context,20260831,128,scalar_fitted,0.44124076645802807,0.1822904932098853,0.44761904761904758,0.74880952380952381,0.43715854722339087,-0.029331077167684738,-0.018463615584311643,True,mistralai/Mistral-Nemo-Instruct-2407,0.45994385966474105,0.022785312441350181,-0.0039199574884635768,False,,,False,0.205916010868815,0.093345044310658321
allenai/OLMo-2-1124-13B-Instruct,irrelevant_context,20260831,256,scalar_fitted,0.42912041392396244,0.17473849885622467,0.45595238095238094,0.75357142857142845,0.43715854722339087,-0.029331077167684738,-0.018463615584311643,True,mistralai/Mistral-Nemo-Instruct-2407,0.45994385966474105,0.022785312441350181,-0.0039199574884635768,False,,,False,0.205916010868815,0.093345044310658321
allenai/OLMo-2-1124-13B-Instruct,irrelevant_context,20260831,512,scalar_fitted,0.41957501319157853,0.16647528072258058,0.47023809523809518,0.77142857142857146,0.43715854722339087,-0.029331077167684738,-0.018463615584311643,True,mistralai/Mistral-Nemo-Instruct-2407,0.45994385966474105,0.022785312441350181,-0.0039199574884635768,False,,,False,0.205916010868815,0.093345044310658321
allenai/OLMo-2-1124-13B-Instruct,irrelevant_context,20260831,0,vector_fitted,0.44532157317465454,0.19036804858462564,0.44642857142857145,0.7321428571428571,0.43539003243672775,-0.026191836722209705,-0.018463615584311643,True,mistralai/Mistral-Nemo-Instruct-2407,0.45994385966474105,0.024553827228013303,-0.0039199574884635768,False,,,False,0.205916010868815,0.093345044310658321
allenai/OLMo-2-1124-13B-Instruct,irrelevant_context,20260831,64,vector_fitted,0.44412811072427544,0.18377195368769447,0.44523809523809521,0.73452380952380958,0.43539003243672775,-0.026191836722209705,-0.018463615584311643,True,mistralai/Mistral-Nemo-Instruct-2407,0.45994385966474105,0.024553827228013303,-0.0039199574884635768,False,,,False,0.205916010868815,0.093345044310658321
allenai/OLMo-2-1124-13B-Instruct,irrelevant_context,20260831,128,vector_fitted,0.43931004663470313,0.18082457347990222,0.44880952380952377,0.73452380952380958,0.43539003243672775,-0.026191836722209705,-0.018463615584311643,True,mistralai/Mistral-Nemo-Instruct-2407,0.45994385966474105,0.024553827228013303,-0.0039199574884635768,False,,,False,0.205916010868815,0.093345044310658321
allenai/OLMo-2-1124-13B-Instruct,irrelevant_context,20260831,256,vector_fitted,0.42906069519756085,0.17432064168028485,0.44761904761904753,0.73095238095238091,0.43539003243672775,-0.026191836722209705,-0.018463615584311643,True,mistralai/Mistral-Nemo-Instruct-2407,0.45994385966474105,0.024553827228013303,-0.0039199574884635768,False,,,False,0.205916010868815,0.093345044310658321
allenai/OLMo-2-1124-13B-Instruct,irrelevant_context,20260831,512,vector_fitted,0.41912973645244483,0.16582205470960923,0.46547619047619043,0.76428571428571423,0.43539003243672775,-0.026191836722209705,-0.018463615584311643,True,mistralai/Mistral-Nemo-Instruct-2407,0.45994385966474105,0.024553827228013303,-0.0039199574884635768,False,,,False,0.205916010868815,0.093345044310658321
allenai/OLMo-2-1124-13B-Instruct,irrelevant_context,20260832,0,scalar_fitted,0.44842694641953884,0.19124914525149816,0.43928571428571428,0.74642857142857144,0.4436587147157941,-0.018274460557354599,-0.0096231868869386394,True,mistralai/Mistral-Nemo-Instruct-2407,0.46257774112549982,0.018919026409705719,0.0039879112051224297,True,,,False,0.36835687990901228,0.20792016539306574
allenai/OLMo-2-1124-13B-Instruct,irrelevant_context,20260832,64,scalar_fitted,0.4510020982937713,0.18714093024876399,0.42142857142857143,0.75476190476190474,0.4436587147157941,-0.018274460557354599,-0.0096231868869386394,True,mistralai/Mistral-Nemo-Instruct-2407,0.46257774112549982,0.018919026409705719,0.0039879112051224297,True,,,False,0.36835687990901228,0.20792016539306574
allenai/OLMo-2-1124-13B-Instruct,irrelevant_context,20260832,128,scalar_fitted,0.44929579824084048,0.18655490879452602,0.42976190476190473,0.75,0.4436587147157941,-0.018274460557354599,-0.0096231868869386394,True,mistralai/Mistral-Nemo-Instruct-2407,0.46257774112549982,0.018919026409705719,0.0039879112051224297,True,,,False,0.36835687990901228,0.20792016539306574
allenai/OLMo-2-1124-13B-Instruct,irrelevant_context,20260832,256,scalar_fitted,0.43941624476263547,0.17966871298944209,0.43214285714285716,0.7595238095238096,0.4436587147157941,-0.018274460557354599,-0.0096231868869386394,True,mistralai/Mistral-Nemo-Instruct-2407,0.46257774112549982,0.018919026409705719,0.0039879112051224297,True,,,False,0.36835687990901228,0.20792016539306574
allenai/OLMo-2-1124-13B-Instruct,irrelevant_context,20260832,512,scalar_fitted,0.43015248586218424,0.17310493141918556,0.44404761904761897,0.75595238095238104,0.4436587147157941,-0.018274460557354599,-0.0096231868869386394,True,mistralai/Mistral-Nemo-Instruct-2407,0.46257774112549982,0.018919026409705719,0.0039879112051224297,True,,,False,0.36835687990901228,0.20792016539306574
allenai/OLMo-2-1124-13B-Instruct,irrelevant_context,20260832,0,vector_fitted,0.44380694287152778,0.18816207079872221,0.44642857142857145,0.7321428571428571,0.4367714258895023,-0.020785750202298114,-0.0096231868869386394,True,mistralai/Mistral-Nemo-Instruct-2407,0.46257774112549982,0.025806315235997523,0.0039879112051224297,True,,,False,0.36835687990901228,0.20792016539306574
allenai/OLMo-2-1124-13B-Instruct,irrelevant_context,20260832,64,vector_fitted,0.44309036921410561,0.18147436490608843,0.43333333333333329,0.74523809523809526,0.4367714258895023,-0.020785750202298114,-0.0096231868869386394,True,mistralai/Mistral-Nemo-Instruct-2407,0.46257774112549982,0.025806315235997523,0.0039879112051224297,True,,,False,0.36835687990901228,0.20792016539306574
allenai/OLMo-2-1124-13B-Instruct,irrelevant_context,20260832,128,vector_fitted,0.44062605973381791,0.18068849031574161,0.45595238095238094,0.74642857142857144,0.4367714258895023,-0.020785750202298114,-0.0096231868869386394,True,mistralai/Mistral-Nemo-Instruct-2407,0.46257774112549982,0.025806315235997523,0.0039879112051224297,True,,,False,0.36835687990901228,0.20792016539306574
allenai/OLMo-2-1124-13B-Instruct,irrelevant_context,20260832,256,vector_fitted,0.43331256495883042,0.17531793854503241,0.4642857142857143,0.75476190476190474,0.4367714258895023,-0.020785750202298114,-0.0096231868869386394,True,mistralai/Mistral-Nemo-Instruct-2407,0.46257774112549982,0.025806315235997523,0.0039879112051224297,True,,,False,0.36835687990901228,0.20792016539306574
allenai/OLMo-2-1124-13B-Instruct,irrelevant_context,20260832,512,vector_fitted,0.42302119266922966,0.16904312640791833,0.46785714285714286,0.7595238095238096,0.4367714258895023,-0.020785750202298114,-0.0096231868869386394,True,mistralai/Mistral-Nemo-Instruct-2407,0.46257774112549982,0.025806315235997523,0.0039879112051224297,True,,,False,0.36835687990901228,0.20792016539306574
allenai/OLMo-2-1124-13B-Instruct,irrelevant_context,20260833,0,scalar_fitted,0.44860131436208983,0.18870348241519552,0.44285714285714284,0.71785714285714286,0.44380221999318759,-0.015691936644967486,-0.0066448724248728552,True,mistralai/Mistral-Nemo-Instruct-2407,0.45841780482758637,0.014615584834398787,-0.0071935531141358866,False,,,False,0.22058315200890297,0.11166076539576235
allenai/OLMo-2-1124-13B-Instruct,irrelevant_context,20260833,64,scalar_fitted,0.45020795088780763,0.18426818983179968,0.44285714285714278,0.74285714285714288,0.44380221999318759,-0.015691936644967486,-0.0066448724248728552,True,mistralai/Mistral-Nemo-Instruct-2407,0.45841780482758637,0.014615584834398787,-0.0071935531141358866,False,,,False,0.22058315200890297,0.11166076539576235
allenai/OLMo-2-1124-13B-Instruct,irrelevant_context,20260833,128,scalar_fitted,0.4472376603171267,0.18193383878825845,0.44761904761904753,0.73928571428571432,0.44380221999318759,-0.015691936644967486,-0.0066448724248728552,True,mistralai/Mistral-Nemo-Instruct-2407,0.45841780482758637,0.014615584834398787,-0.0071935531141358866,False,,,False,0.22058315200890297,0.11166076539576235
allenai/OLMo-2-1124-13B-Instruct,irrelevant_context,20260833,256,scalar_fitted,0.44005479668179109,0.17664991532662747,0.44880952380952377,0.72857142857142854,0.44380221999318759,-0.015691936644967486,-0.0066448724248728552,True,mistralai/Mistral-Nemo-Instruct-2407,0.45841780482758637,0.014615584834398787,-0.0071935531141358866,False,,,False,0.22058315200890297,0.11166076539576235
allenai/OLMo-2-1124-13B-Instruct,irrelevant_context,20260833,512,scalar_fitted,0.43290937771712235,0.16939517218331801,0.4595238095238095,0.75714285714285712,0.44380221999318759,-0.015691936644967486,-0.0066448724248728552,True,mistralai/Mistral-Nemo-Instruct-2407,0.45841780482758637,0.014615584834398787,-0.0071935531141358866,False,,,False,0.22058315200890297,0.11166076539576235
allenai/OLMo-2-1124-13B-Instruct,irrelevant_context,20260833,0,vector_fitted,0.44776001944803495,0.18841113201283372,0.43214285714285716,0.69999999999999996,0.44367189086067815,-0.014216796693885814,-0.0066448724248728552,True,mistralai/Mistral-Nemo-Instruct-2407,0.45841780482758637,0.01474591396690822,-0.0071935531141358866,False,,,False,0.22058315200890297,0.11166076539576235
allenai/OLMo-2-1124-13B-Instruct,irrelevant_context,20260833,64,vector_fitted,0.44929324931035852,0.18341940233771398,0.45238095238095238,0.73571428571428577,0.44367189086067815,-0.014216796693885814,-0.0066448724248728552,True,mistralai/Mistral-Nemo-Instruct-2407,0.45841780482758637,0.01474591396690822,-0.0071935531141358866,False,,,False,0.22058315200890297,0.11166076539576235
allenai/OLMo-2-1124-13B-Instruct,irrelevant_context,20260833,128,vector_fitted,0.44686850259773359,0.18126018835711166,0.4511904761904762,0.71190476190476182,0.44367189086067815,-0.014216796693885814,-0.0066448724248728552,True,mistralai/Mistral-Nemo-Instruct-2407,0.45841780482758637,0.01474591396690822,-0.0071935531141358866,False,,,False,0.22058315200890297,0.11166076539576235
allenai/OLMo-2-1124-13B-Instruct,irrelevant_context,20260833,256,vector_fitted,0.44089446019311485,0.17689898528331238,0.44880952380952377,0.71547619047619038,0.44367189086067815,-0.014216796693885814,-0.0066448724248728552,True,mistralai/Mistral-Nemo-Instruct-2407,0.45841780482758637,0.01474591396690822,-0.0071935531141358866,False,,,False,0.22058315200890297,0.11166076539576235
allenai/OLMo-2-1124-13B-Instruct,irrelevant_context,20260833,512,vector_fitted,0.43354322275414914,0.16986292944008147,0.46309523809523806,0.7416666666666667,0.44367189086067815,-0.014216796693885814,-0.0066448724248728552,True,mistralai/Mistral-Nemo-Instruct-2407,0.45841780482758637,0.01474591396690822,-0.0071935531141358866,False,,,False,0.22058315200890297,0.11166076539576235
allenai/OLMo-2-1124-13B-Instruct,irrelevant_context,20260834,0,scalar_fitted,0.46167002712096794,0.20109276840436419,0.45714285714285713,0.7321428571428571,0.44923589299896555,-0.026582549420798629,-0.010218386345464875,True,mistralai/Mistral-Nemo-Instruct-2407,0.47017239669924277,0.02093650370027722,-0.011702293038812372,False,,,False,0.26224941275109764,0.13450920335560163
allenai/OLMo-2-1124-13B-Instruct,irrelevant_context,20260834,64,scalar_fitted,0.452312997452472,0.187320482078905,0.46547619047619043,0.75476190476190474,0.44923589299896555,-0.026582549420798629,-0.010218386345464875,True,mistralai/Mistral-Nemo-Instruct-2407,0.47017239669924277,0.02093650370027722,-0.011702293038812372,False,,,False,0.26224941275109764,0.13450920335560163
allenai/OLMo-2-1124-13B-Instruct,irrelevant_context,20260834,128,scalar_fitted,0.45110671895439497,0.18718750722979413,0.45714285714285713,0.73571428571428577,0.44923589299896555,-0.026582549420798629,-0.010218386345464875,True,mistralai/Mistral-Nemo-Instruct-2407,0.47017239669924277,0.02093650370027722,-0.011702293038812372,False,,,False,0.26224941275109764,0.13450920335560163
allenai/OLMo-2-1124-13B-Instruct,irrelevant_context,20260834,256,scalar_fitted,0.44600224376682363,0.18366015968965416,0.46309523809523806,0.74166666666666659,0.44923589299896555,-0.026582549420798629,-0.010218386345464875,True,mistralai/Mistral-Nemo-Instruct-2407,0.47017239669924277,0.02093650370027722,-0.011702293038812372,False,,,False,0.26224941275109764,0.13450920335560163
allenai/OLMo-2-1124-13B-Instruct,irrelevant_context,20260834,512,scalar_fitted,0.43508747770016931,0.17475249521063435,0.4595238095238095,0.75476190476190474,0.44923589299896555,-0.026582549420798629,-0.010218386345464875,True,mistralai/Mistral-Nemo-Instruct-2407,0.47017239669924277,0.02093650370027722,-0.011702293038812372,False,,,False,0.26224941275109764,0.13450920335560163
allenai/OLMo-2-1124-13B-Instruct,irrelevant_context,20260834,0,vector_fitted,0.45933871715023561,0.19949031530029998,0.45357142857142857,0.72857142857142854,0.44827255747250233,-0.023751143084805582,-0.010218386345464875,True,mistralai/Mistral-Nemo-Instruct-2407,0.47017239669924277,0.021899839226740436,-0.011702293038812372,False,,,False,0.26224941275109764,0.13450920335560163
allenai/OLMo-2-1124-13B-Instruct,irrelevant_context,20260834,64,vector_fitted,0.45152668308460547,0.18642045851174815,0.4547619047619047,0.74285714285714288,0.44827255747250233,-0.023751143084805582,-0.010218386345464875,True,mistralai/Mistral-Nemo-Instruct-2407,0.47017239669924277,0.021899839226740436,-0.011702293038812372,False,,,False,0.26224941275109764,0.13450920335560163
allenai/OLMo-2-1124-13B-Instruct,irrelevant_context,20260834,128,vector_fitted,0.44985007412046613,0.18612271561428625,0.44166666666666665,0.72976190476190483,0.44827255747250233,-0.023751143084805582,-0.010218386345464875,True,mistralai/Mistral-Nemo-Instruct-2407,0.47017239669924277,0.021899839226740436,-0.011702293038812372,False,,,False,0.26224941275109764,0.13450920335560163
allenai/OLMo-2-1124-13B-Instruct,irrelevant_context,20260834,256,vector_fitted,0.4450597389417742,0.18296361272058748,0.46071428571428569,0.73452380952380958,0.44827255747250233,-0.023751143084805582,-0.010218386345464875,True,mistralai/Mistral-Nemo-Instruct-2407,0.47017239669924277,0.021899839226740436,-0.011702293038812372,False,,,False,0.26224941275109764,0.13450920335560163
allenai/OLMo-2-1124-13B-Instruct,irrelevant_context,20260834,512,vector_fitted,0.43558757406543003,0.17451109375423815,0.46904761904761899,0.75714285714285712,0.44827255747250233,-0.023751143084805582,-0.010218386345464875,True,mistralai/Mistral-Nemo-Instruct-2407,0.47017239669924277,0.021899839226740436,-0.011702293038812372,False,,,False,0.26224941275109764,0.13450920335560163
allenai/OLMo-2-1124-13B-Instruct,irrelevant_context,20260835,0,scalar_fitted,0.4596690599422863,0.19598434705688492,0.42142857142857143,0.7142857142857143,0.44737882503808712,-0.033672575329375287,-0.025436170046537893,True,mistralai/Mistral-Nemo-Instruct-2407,0.46981047502858997,0.022431649990502844,-0.008615173498947748,False,,,False,0.27762693277697126,0.14735664623777439
allenai/OLMo-2-1124-13B-Instruct,irrelevant_context,20260835,64,scalar_fitted,0.45555108082853696,0.19038772497243295,0.40952380952380951,0.73809523809523803,0.44737882503808712,-0.033672575329375287,-0.025436170046537893,True,mistralai/Mistral-Nemo-Instruct-2407,0.46981047502858997,0.022431649990502844,-0.008615173498947748,False,,,False,0.27762693277697126,0.14735664623777439
allenai/OLMo-2-1124-13B-Instruct,irrelevant_context,20260835,128,scalar_fitted,0.45271856814913397,0.18769092246641619,0.42261904761904756,0.73452380952380958,0.44737882503808712,-0.033672575329375287,-0.025436170046537893,True,mistralai/Mistral-Nemo-Instruct-2407,0.46981047502858997,0.022431649990502844,-0.008615173498947748,False,,,False,0.27762693277697126,0.14735664623777439
allenai/OLMo-2-1124-13B-Instruct,irrelevant_context,20260835,256,scalar_fitted,0.4429589316575675,0.18055184613451167,0.42976190476190473,0.74285714285714288,0.44737882503808712,-0.033672575329375287,-0.025436170046537893,True,mistralai/Mistral-Nemo-Instruct-2407,0.46981047502858997,0.022431649990502844,-0.008615173498947748,False,,,False,0.27762693277697126,0.14735664623777439
allenai/OLMo-2-1124-13B-Instruct,irrelevant_context,20260835,512,scalar_fitted,0.42599648461291101,0.16807819721953132,0.43928571428571422,0.76309523809523805,0.44737882503808712,-0.033672575329375287,-0.025436170046537893,True,mistralai/Mistral-Nemo-Instruct-2407,0.46981047502858997,0.022431649990502844,-0.008615173498947748,False,,,False,0.27762693277697126,0.14735664623777439
allenai/OLMo-2-1124-13B-Instruct,irrelevant_context,20260835,0,vector_fitted,0.4537931994742414,0.19160730979013632,0.41428571428571431,0.70714285714285718,0.43921262699871644,-0.036273017986923173,-0.025436170046537893,True,mistralai/Mistral-Nemo-Instruct-2407,0.46981047502858997,0.030597848029873531,-0.008615173498947748,False,,,False,0.27762693277697126,0.14735664623777439
allenai/OLMo-2-1124-13B-Instruct,irrelevant_context,20260835,64,vector_fitted,0.44582985520887647,0.18368793300852404,0.42023809523809519,0.75119047619047608,0.43921262699871644,-0.036273017986923173,-0.025436170046537893,True,mistralai/Mistral-Nemo-Instruct-2407,0.46981047502858997,0.030597848029873531,-0.008615173498947748,False,,,False,0.27762693277697126,0.14735664623777439
allenai/OLMo-2-1124-13B-Instruct,irrelevant_context,20260835,128,vector_fitted,0.4432056375715635,0.18117239822537742,0.42738095238095236,0.7416666666666667,0.43921262699871644,-0.036273017986923173,-0.025436170046537893,True,mistralai/Mistral-Nemo-Instruct-2407,0.46981047502858997,0.030597848029873531,-0.008615173498947748,False,,,False,0.27762693277697126,0.14735664623777439
allenai/OLMo-2-1124-13B-Instruct,irrelevant_context,20260835,256,vector_fitted,0.4357142612515823,0.17535156113762021,0.42499999999999999,0.74285714285714288,0.43921262699871644,-0.036273017986923173,-0.025436170046537893,True,mistralai/Mistral-Nemo-Instruct-2407,0.46981047502858997,0.030597848029873531,-0.008615173498947748,False,,,False,0.27762693277697126,0.14735664623777439
allenai/OLMo-2-1124-13B-Instruct,irrelevant_context,20260835,512,vector_fitted,0.41752018148731823,0.16337726473893349,0.44285714285714278,0.77261904761904765,0.43921262699871644,-0.036273017986923173,-0.025436170046537893,True,mistralai/Mistral-Nemo-Instruct-2407,0.46981047502858997,0.030597848029873531,-0.008615173498947748,False,,,False,0.27762693277697126,0.14735664623777439
allenai/OLMo-2-1124-13B-Instruct,irrelevant_context,20260836,0,scalar_fitted,0.45406997129350962,0.19314131064804374,0.41785714285714287,0.72857142857142854,0.44049829700129611,-0.031812890363435209,-0.024708140331743927,True,mistralai/Mistral-Nemo-Instruct-2407,0.46524075510092888,0.024742458099632769,-0.0052328655710708327,False,,,False,0.18058801543935177,0.10257611676650022
allenai/OLMo-2-1124-13B-Instruct,irrelevant_context,20260836,64,scalar_fitted,0.44835507113892459,0.18569577502745285,0.43571428571428572,0.77023809523809528,0.44049829700129611,-0.031812890363435209,-0.024708140331743927,True,mistralai/Mistral-Nemo-Instruct-2407,0.46524075510092888,0.024742458099632769,-0.0052328655710708327,False,,,False,0.18058801543935177,0.10257611676650022
allenai/OLMo-2-1124-13B-Instruct,irrelevant_context,20260836,128,scalar_fitted,0.44379440869898062,0.18197078154270016,0.43690476190476191,0.76071428571428568,0.44049829700129611,-0.031812890363435209,-0.024708140331743927,True,mistralai/Mistral-Nemo-Instruct-2407,0.46524075510092888,0.024742458099632769,-0.0052328655710708327,False,,,False,0.18058801543935177,0.10257611676650022
allenai/OLMo-2-1124-13B-Instruct,irrelevant_context,20260836,256,scalar_fitted,0.43401495294499115,0.17559824579545724,0.43809523809523804,0.77023809523809517,0.44049829700129611,-0.031812890363435209,-0.024708140331743927,True,mistralai/Mistral-Nemo-Instruct-2407,0.46524075510092888,0.024742458099632769,-0.0052328655710708327,False,,,False,0.18058801543935177,0.10257611676650022
allenai/OLMo-2-1124-13B-Instruct,irrelevant_context,20260836,512,scalar_fitted,0.42225708093007441,0.16644486745072065,0.4547619047619047,0.77380952380952384,0.44049829700129611,-0.031812890363435209,-0.024708140331743927,True,mistralai/Mistral-Nemo-Instruct-2407,0.46524075510092888,0.024742458099632769,-0.0052328655710708327,False,,,False,0.18058801543935177,0.10257611676650022
allenai/OLMo-2-1124-13B-Instruct,irrelevant_context,20260836,0,vector_fitted,0.45181578288660357,0.19133952620861741,0.43214285714285716,0.74285714285714288,0.43990962913970633,-0.029134267912024558,-0.024708140331743927,True,mistralai/Mistral-Nemo-Instruct-2407,0.46524075510092888,0.025331125961222556,-0.0052328655710708327,False,,,False,0.18058801543935177,0.10257611676650022
allenai/OLMo-2-1124-13B-Instruct,irrelevant_context,20260836,64,vector_fitted,0.44683081770879179,0.18425593933467241,0.43571428571428567,0.76428571428571423,0.43990962913970633,-0.029134267912024558,-0.024708140331743927,True,mistralai/Mistral-Nemo-Instruct-2407,0.46524075510092888,0.025331125961222556,-0.0052328655710708327,False,,,False,0.18058801543935177,0.10257611676650022
allenai/OLMo-2-1124-13B-Instruct,irrelevant_context,20260836,128,vector_fitted,0.44342206863557709,0.18123883526826015,0.44047619047619047,0.75714285714285712,0.43990962913970633,-0.029134267912024558,-0.024708140331743927,True,mistralai/Mistral-Nemo-Instruct-2407,0.46524075510092888,0.025331125961222556,-0.0052328655710708327,False,,,False,0.18058801543935177,0.10257611676650022
allenai/OLMo-2-1124-13B-Instruct,irrelevant_context,20260836,256,vector_fitted,0.43479796149298033,0.17534622722840304,0.44404761904761902,0.75238095238095248,0.43990962913970633,-0.029134267912024558,-0.024708140331743927,True,mistralai/Mistral-Nemo-Instruct-2407,0.46524075510092888,0.025331125961222556,-0.0052328655710708327,False,,,False,0.18058801543935177,0.10257611676650022
allenai/OLMo-2-1124-13B-Instruct,irrelevant_context,20260836,512,vector_fitted,0.42268151497457901,0.16645596727057962,0.46071428571428569,0.77023809523809517,0.43990962913970633,-0.029134267912024558,-0.024708140331743927,True,mistralai/Mistral-Nemo-Instruct-2407,0.46524075510092888,0.025331125961222556,-0.0052328655710708327,False,,,False,0.18058801543935177,0.10257611676650022
allenai/OLMo-2-1124-13B-Instruct,irrelevant_context,20260837,0,scalar_fitted,0.43251596391875013,0.17699075330611055,0.4642857142857143,0.75357142857142856,0.42862848156857219,-0.01805229446041734,-0.013706918304227184,True,mistralai/Mistral-Nemo-Instruct-2407,0.44594038401383845,0.017311902445266258,-0.0087828373678252025,False,,,False,0.25219725400113469,0.1377093446200631
allenai/OLMo-2-1124-13B-Instruct,irrelevant_context,20260837,64,scalar_fitted,0.43530421936681801,0.17472722117840123,0.46071428571428569,0.76666666666666661,0.42862848156857219,-0.01805229446041734,-0.013706918304227184,True,mistralai/Mistral-Nemo-Instruct-2407,0.44594038401383845,0.017311902445266258,-0.0087828373678252025,False,,,False,0.25219725400113469,0.1377093446200631
allenai/OLMo-2-1124-13B-Instruct,irrelevant_context,20260837,128,scalar_fitted,0.43228705621152524,0.17323713568119012,0.4642857142857143,0.75476190476190474,0.42862848156857219,-0.01805229446041734,-0.013706918304227184,True,mistralai/Mistral-Nemo-Instruct-2407,0.44594038401383845,0.017311902445266258,-0.0087828373678252025,False,,,False,0.25219725400113469,0.1377093446200631
allenai/OLMo-2-1124-13B-Instruct,irrelevant_context,20260837,256,scalar_fitted,0.42857149888743462,0.17013729128752964,0.45595238095238094,0.7595238095238096,0.42862848156857219,-0.01805229446041734,-0.013706918304227184,True,mistralai/Mistral-Nemo-Instruct-2407,0.44594038401383845,0.017311902445266258,-0.0087828373678252025,False,,,False,0.25219725400113469,0.1377093446200631
allenai/OLMo-2-1124-13B-Instruct,irrelevant_context,20260837,512,scalar_fitted,0.4144636694583328,0.16068938133579608,0.4642857142857143,0.75714285714285712,0.42862848156857219,-0.01805229446041734,-0.013706918304227184,True,mistralai/Mistral-Nemo-Instruct-2407,0.44594038401383845,0.017311902445266258,-0.0087828373678252025,False,,,False,0.25219725400113469,0.1377093446200631
allenai/OLMo-2-1124-13B-Instruct,irrelevant_context,20260837,0,vector_fitted,0.4312499393652714,0.17559990999894695,0.45000000000000001,0.74642857142857144,0.42707501777795265,-0.017754616312134597,-0.013706918304227184,True,mistralai/Mistral-Nemo-Instruct-2407,0.44594038401383845,0.018865366235885805,-0.0087828373678252025,False,,,False,0.25219725400113469,0.1377093446200631
allenai/OLMo-2-1124-13B-Instruct,irrelevant_context,20260837,64,vector_fitted,0.43314231840908368,0.17268434637549862,0.46666666666666673,0.77023809523809528,0.42707501777795265,-0.017754616312134597,-0.013706918304227184,True,mistralai/Mistral-Nemo-Instruct-2407,0.44594038401383845,0.018865366235885805,-0.0087828373678252025,False,,,False,0.25219725400113469,0.1377093446200631
allenai/OLMo-2-1124-13B-Instruct,irrelevant_context,20260837,128,vector_fitted,0.43015223220770338,0.17125867305056608,0.47380952380952379,0.76309523809523816,0.42707501777795265,-0.017754616312134597,-0.013706918304227184,True,mistralai/Mistral-Nemo-Instruct-2407,0.44594038401383845,0.018865366235885805,-0.0087828373678252025,False,,,False,0.25219725400113469,0.1377093446200631
allenai/OLMo-2-1124-13B-Instruct,irrelevant_context,20260837,256,vector_fitted,0.42733527585456837,0.16864442787206871,0.4511904761904762,0.75357142857142856,0.42707501777795265,-0.017754616312134597,-0.013706918304227184,True,mistralai/Mistral-Nemo-Instruct-2407,0.44594038401383845,0.018865366235885805,-0.0087828373678252025,False,,,False,0.25219725400113469,0.1377093446200631
allenai/OLMo-2-1124-13B-Instruct,irrelevant_context,20260837,512,vector_fitted,0.4134953230531368,0.15945779848118471,0.46547619047619043,0.75833333333333341,0.42707501777795265,-0.017754616312134597,-0.013706918304227184,True,mistralai/Mistral-Nemo-Instruct-2407,0.44594038401383845,0.018865366235885805,-0.0087828373678252025,False,,,False,0.25219725400113469,0.1377093446200631
google/gemma-3-12b-it,content_deletion,20260828,0,scalar_fitted,0.50167518255311716,0.25300950230820912,0.55714285714285716,0.74285714285714288,0.53552468232506611,0.062149971258373293,0.00017560074946709747,True,microsoft/phi-4,0.48623840411736935,-0.049286278207696765,0.0053100284621084293,False,,,False,0.16678798212050949,0.09352620425022326
google/gemma-3-12b-it,content_deletion,20260828,0.10000000000000001,scalar_fitted,0.52686106928729826,0.26656705537783282,0.54642857142857137,0.74404761904761907,0.53552468232506611,0.062149971258373293,0.00017560074946709747,True,microsoft/phi-4,0.48623840411736935,-0.049286278207696765,0.0053100284621084293,False,,,False,0.16678798212050949,0.09352620425022326
google/gemma-3-12b-it,content_deletion,20260828,0.20000000000000001,scalar_fitted,0.53261236919299648,0.26738081866806318,0.544047619047619,0.75476190476190474,0.53552468232506611,0.062149971258373293,0.00017560074946709747,True,microsoft/phi-4,0.48623840411736935,-0.049286278207696765,0.0053100284621084293,False,,,False,0.16678798212050949,0.09352620425022326
google/gemma-3-12b-it,content_deletion,20260828,0.29999999999999999,scalar_fitted,0.55264963678042833,0.278757788899821,0.52142857142857146,0.75476190476190474,0.53552468232506611,0.062149971258373293,0.00017560074946709747,True,microsoft/phi-4,0.48623840411736935,-0.049286278207696765,0.0053100284621084293,False,,,False,0.16678798212050949,0.09352620425022326
google/gemma-3-12b-it,content_deletion,20260828,0.40000000000000002,scalar_fitted,0.56382515381149045,0.2845654276094125,0.49880952380952376,0.75,0.53552468232506611,0.062149971258373293,0.00017560074946709747,True,microsoft/phi-4,0.48623840411736935,-0.049286278207696765,0.0053100284621084293,False,,,False,0.16678798212050949,0.09352620425022326
google/gemma-3-12b-it,content_deletion,20260828,0,vector_fitted,0.50772908169256858,0.2552203600716148,0.56071428571428572,0.75,0.54301029599082951,0.064711287524775285,0.00017560074946709747,True,microsoft/phi-4,0.48623840411736935,-0.056771891873460156,0.0053100284621084293,False,,,False,0.16678798212050949,0.09352620425022326
google/gemma-3-12b-it,content_deletion,20260828,0.10000000000000001,vector_fitted,0.53325548493059216,0.26869196487598129,0.54761904761904756,0.74880952380952381,0.54301029599082951,0.064711287524775285,0.00017560074946709747,True,microsoft/phi-4,0.48623840411736935,-0.056771891873460156,0.0053100284621084293,False,,,False,0.16678798212050949,0.09352620425022326
google/gemma-3-12b-it,content_deletion,20260828,0.20000000000000001,vector_fitted,0.54040757201653511,0.27022640690324939,0.5535714285714286,0.76190476190476186,0.54301029599082951,0.064711287524775285,0.00017560074946709747,True,microsoft/phi-4,0.48623840411736935,-0.056771891873460156,0.0053100284621084293,False,,,False,0.16678798212050949,0.09352620425022326
google/gemma-3-12b-it,content_deletion,20260828,0.29999999999999999,vector_fitted,0.56121897209710769,0.28173543214126034,0.52738095238095239,0.7583333333333333,0.54301029599082951,0.064711287524775285,0.00017560074946709747,True,microsoft/phi-4,0.48623840411736935,-0.056771891873460156,0.0053100284621084293,False,,,False,0.16678798212050949,0.09352620425022326
google/gemma-3-12b-it,content_deletion,20260828,0.40000000000000002,vector_fitted,0.57244036921734387,0.28786910470431754,0.49880952380952376,0.75,0.54301029599082951,0.064711287524775285,0.00017560074946709747,True,microsoft/phi-4,0.48623840411736935,-0.056771891873460156,0.0053100284621084293,False,,,False,0.16678798212050949,0.09352620425022326
google/gemma-3-12b-it,content_deletion,20260829,0,scalar_fitted,0.49718373470661731,0.24933770759312032,0.53214285714285714,0.73571428571428577,0.51650733557146045,0.03778379202279375,0.0057042147474392624,True,microsoft/phi-4,0.4751591229649561,-0.041348212606504342,0.0061939987543107589,False,,,False,0.17688594960157136,0.08785211048770146
google/gemma-3-12b-it,content_deletion,20260829,0.10000000000000001,scalar_fitted,0.51008574184437927,0.25955539921774523,0.54761904761904756,0.74761904761904763,0.51650733557146045,0.03778379202279375,0.0057042147474392624,True,microsoft/phi-4,0.4751591229649561,-0.041348212606504342,0.0061939987543107589,False,,,False,0.17688594960157136,0.08785211048770146
google/gemma-3-12b-it,content_deletion,20260829,0.20000000000000001,scalar_fitted,0.51054495992262361,0.25833704779657968,0.54523809523809519,0.74404761904761896,0.51650733557146045,0.03778379202279375,0.0057042147474392624,True,microsoft/phi-4,0.4751591229649561,-0.041348212606504342,0.0061939987543107589,False,,,False,0.17688594960157136,0.08785211048770146
google/gemma-3-12b-it,content_deletion,20260829,0.29999999999999999,scalar_fitted,0.52975471465427038,0.26766878137269245,0.54166666666666663,0.74761904761904763,0.51650733557146045,0.03778379202279375,0.0057042147474392624,True,microsoft/phi-4,0.4751591229649561,-0.041348212606504342,0.0061939987543107589,False,,,False,0.17688594960157136,0.08785211048770146
google/gemma-3-12b-it,content_deletion,20260829,0.40000000000000002,scalar_fitted,0.53496752672941106,0.27012051084970512,0.544047619047619,0.76071428571428568,0.51650733557146045,0.03778379202279375,0.0057042147474392624,True,microsoft/phi-4,0.4751591229649561,-0.041348212606504342,0.0061939987543107589,False,,,False,0.17688594960157136,0.08785211048770146
google/gemma-3-12b-it,content_deletion,20260829,0,vector_fitted,0.49682005253067008,0.24905531246824311,0.52857142857142858,0.7321428571428571,0.51758222885372884,0.040020518830070517,0.0057042147474392624,True,microsoft/phi-4,0.4751591229649561,-0.042423105888772739,0.0061939987543107589,False,,,False,0.17688594960157136,0.08785211048770146
google/gemma-3-12b-it,content_deletion,20260829,0.10000000000000001,vector_fitted,0.51078498770227521,0.25960725963583176,0.55119047619047612,0.74761904761904763,0.51758222885372884,0.040020518830070517,0.0057042147474392624,True,microsoft/phi-4,0.4751591229649561,-0.042423105888772739,0.0061939987543107589,False,,,False,0.17688594960157136,0.08785211048770146
google/gemma-3-12b-it,content_deletion,20260829,0.20000000000000001,vector_fitted,0.51184120513343578,0.25856340756769108,0.55119047619047612,0.7404761904761904,0.51758222885372884,0.040020518830070517,0.0057042147474392624,True,microsoft/phi-4,0.4751591229649561,-0.042423105888772739,0.0061939987543107589,False,,,False,0.17688594960157136,0.08785211048770146
google/gemma-3-12b-it,content_deletion,20260829,0.29999999999999999,vector_fitted,0.53162432754152233,0.26831586284364578,0.55000000000000004,0.74761904761904752,0.51758222885372884,0.040020518830070517,0.0057042147474392624,True,microsoft/phi-4,0.4751591229649561,-0.042423105888772739,0.0061939987543107589,False,,,False,0.17688594960157136,0.08785211048770146
google/gemma-3-12b-it,content_deletion,20260829,0.40000000000000002,vector_fitted,0.53684057136074059,0.27089329568582254,0.54642857142857137,0.7595238095238096,0.51758222885372884,0.040020518830070517,0.0057042147474392624,True,microsoft/phi-4,0.4751591229649561,-0.042423105888772739,0.0061939987543107589,False,,,False,0.17688594960157136,0.08785211048770146
google/gemma-3-12b-it,content_deletion,20260830,0,scalar_fitted,0.52210402495459141,0.26132306729739779,0.52857142857142858,0.7678571428571429,0.54785803400625466,0.036806455696241303,-0.010382864687733723,False,microsoft/phi-4,0.49147484020601101,-0.056383193800243647,0.0019289576236642958,False,,,False,0.18334156922166961,0.081945586167910478
google/gemma-3-12b-it,content_deletion,20260830,0.10000000000000001,scalar_fitted,0.5430256178786883,0.27341230221834029,0.51666666666666661,0.75238095238095237,0.54785803400625466,0.036806455696241303,-0.010382864687733723,False,microsoft/phi-4,0.49147484020601101,-0.056383193800243647,0.0019289576236642958,False,,,False,0.18334156922166961,0.081945586167910478
google/gemma-3-12b-it,content_deletion,20260830,0.20000000000000001,scalar_fitted,0.55027933333693024,0.27711107309357658,0.51547619047619042,0.75476190476190474,0.54785803400625466,0.036806455696241303,-0.010382864687733723,False,microsoft/phi-4,0.49147484020601101,-0.056383193800243647,0.0019289576236642958,False,,,False,0.18334156922166961,0.081945586167910478
google/gemma-3-12b-it,content_deletion,20260830,0.29999999999999999,scalar_fitted,0.56497071321023018,0.28339876385607665,0.51071428571428568,0.7678571428571429,0.54785803400625466,0.036806455696241303,-0.010382864687733723,False,microsoft/phi-4,0.49147484020601101,-0.056383193800243647,0.0019289576236642958,False,,,False,0.18334156922166961,0.081945586167910478
google/gemma-3-12b-it,content_deletion,20260830,0.40000000000000002,scalar_fitted,0.55891048065083271,0.2795399714089451,0.5261904761904761,0.78690476190476188,0.54785803400625466,0.036806455696241303,-0.010382864687733723,False,microsoft/phi-4,0.49147484020601101,-0.056383193800243647,0.0019289576236642958,False,,,False,0.18334156922166961,0.081945586167910478
google/gemma-3-12b-it,content_deletion,20260830,0,vector_fitted,0.52458711817491355,0.26221228483409714,0.52857142857142858,0.77142857142857146,0.5512141589907652,0.037919620704385371,-0.010382864687733723,False,microsoft/phi-4,0.49147484020601101,-0.059739318784754192,0.0019289576236642958,False,,,False,0.18334156922166961,0.081945586167910478
google/gemma-3-12b-it,content_deletion,20260830,0.10000000000000001,vector_fitted,0.54634770290560597,0.27436998851304972,0.51666666666666661,0.75238095238095248,0.5512141589907652,0.037919620704385371,-0.010382864687733723,False,microsoft/phi-4,0.49147484020601101,-0.059739318784754192,0.0019289576236642958,False,,,False,0.18334156922166961,0.081945586167910478
google/gemma-3-12b-it,content_deletion,20260830,0.20000000000000001,vector_fitted,0.55413660037558643,0.27825067948189136,0.51904761904761898,0.76547619047619053,0.5512141589907652,0.037919620704385371,-0.010382864687733723,False,microsoft/phi-4,0.49147484020601101,-0.059739318784754192,0.0019289576236642958,False,,,False,0.18334156922166961,0.081945586167910478
google/gemma-3-12b-it,content_deletion,20260830,0.29999999999999999,vector_fitted,0.56849263461842148,0.28451253782256314,0.50714285714285712,0.76666666666666672,0.5512141589907652,0.037919620704385371,-0.010382864687733723,False,microsoft/phi-4,0.49147484020601101,-0.059739318784754192,0.0019289576236642958,False,,,False,0.18334156922166961,0.081945586167910478
google/gemma-3-12b-it,content_deletion,20260830,0.40000000000000002,vector_fitted,0.56250673887929892,0.2807259819988886,0.52738095238095239,0.78809523809523818,0.5512141589907652,0.037919620704385371,-0.010382864687733723,False,microsoft/phi-4,0.49147484020601101,-0.059739318784754192,0.0019289576236642958,False,,,False,0.18334156922166961,0.081945586167910478
google/gemma-3-12b-it,content_deletion,20260831,0,scalar_fitted,0.50074956142674232,0.2504976229188734,0.56071428571428572,0.75714285714285712,0.5361667298403896,0.067062047502891797,0.0023263807378665069,True,microsoft/phi-4,0.46916038701574481,-0.067006342824644793,-0.0078807304523677291,True,,,False,0.26342835308714652,0.11495811161864257
google/gemma-3-12b-it,content_deletion,20260831,0.10000000000000001,scalar_fitted,0.52985428762292508,0.26523851321456171,0.55952380952380953,0.75714285714285712,0.5361667298403896,0.067062047502891797,0.0023263807378665069,True,microsoft/phi-4,0.46916038701574481,-0.067006342824644793,-0.0078807304523677291,True,,,False,0.26342835308714652,0.11495811161864257
google/gemma-3-12b-it,content_deletion,20260831,0.20000000000000001,scalar_fitted,0.53155758478295556,0.2645569189413764,0.57023809523809532,0.76904761904761909,0.5361667298403896,0.067062047502891797,0.0023263807378665069,True,microsoft/phi-4,0.46916038701574481,-0.067006342824644793,-0.0078807304523677291,True,,,False,0.26342835308714652,0.11495811161864257
google/gemma-3-12b-it,content_deletion,20260831,0.29999999999999999,scalar_fitted,0.55086060643969093,0.27337440076840047,0.54047619047619044,0.76428571428571423,0.5361667298403896,0.067062047502891797,0.0023263807378665069,True,microsoft/phi-4,0.46916038701574481,-0.067006342824644793,-0.0078807304523677291,True,,,False,0.26342835308714652,0.11495811161864257
google/gemma-3-12b-it,content_deletion,20260831,0.40000000000000002,scalar_fitted,0.56781160892963412,0.28388503153436012,0.51547619047619042,0.76071428571428568,0.5361667298403896,0.067062047502891797,0.0023263807378665069,True,microsoft/phi-4,0.46916038701574481,-0.067006342824644793,-0.0078807304523677291,True,,,False,0.26342835308714652,0.11495811161864257
google/gemma-3-12b-it,content_deletion,20260831,0,vector_fitted,0.50048212490073385,0.24930633664915663,0.56428571428571428,0.7678571428571429,0.53353597528527441,0.063782414782409758,0.0023263807378665069,True,microsoft/phi-4,0.46916038701574481,-0.064375588269529604,-0.0078807304523677291,True,,,False,0.26342835308714652,0.11495811161864257
google/gemma-3-12b-it,content_deletion,20260831,0.10000000000000001,vector_fitted,0.52798283052446759,0.26391417083863267,0.56547619047619035,0.76904761904761898,0.53353597528527441,0.063782414782409758,0.0023263807378665069,True,microsoft/phi-4,0.46916038701574481,-0.064375588269529604,-0.0078807304523677291,True,,,False,0.26342835308714652,0.11495811161864257
google/gemma-3-12b-it,content_deletion,20260831,0.20000000000000001,vector_fitted,0.52851983320483586,0.26245239905898177,0.56666666666666665,0.77619047619047621,0.53353597528527441,0.063782414782409758,0.0023263807378665069,True,microsoft/phi-4,0.46916038701574481,-0.064375588269529604,-0.0078807304523677291,True,,,False,0.26342835308714652,0.11495811161864257
google/gemma-3-12b-it,content_deletion,20260831,0.29999999999999999,vector_fitted,0.54643054811319125,0.27055266040170534,0.544047619047619,0.77023809523809528,0.53353597528527441,0.063782414782409758,0.0023263807378665069,True,microsoft/phi-4,0.46916038701574481,-0.064375588269529604,-0.0078807304523677291,True,,,False,0.26342835308714652,0.11495811161864257
google/gemma-3-12b-it,content_deletion,20260831,0.40000000000000002,vector_fitted,0.56426453968314361,0.28152901919025197,0.5178571428571429,0.76904761904761909,0.53353597528527441,0.063782414782409758,0.0023263807378665069,True,microsoft/phi-4,0.46916038701574481,-0.064375588269529604,-0.0078807304523677291,True,,,False,0.26342835308714652,0.11495811161864257
google/gemma-3-12b-it,content_deletion,20260832,0,scalar_fitted,0.49101677179556741,0.24356722432149272,0.56071428571428572,0.74285714285714288,0.53016392377607791,0.073942055017645003,-0.00012570715292298251,False,microsoft/phi-4,0.46363613378947244,-0.066527789986605468,-0.0068296017336723913,True,,,False,0.21184407176729822,0.091003789797553705
google/gemma-3-12b-it,content_deletion,20260832,0.10000000000000001,scalar_fitted,0.51778517687838121,0.25795625549428775,0.54880952380952375,0.74523809523809526,0.53016392377607791,0.073942055017645003,-0.00012570715292298251,False,microsoft/phi-4,0.46363613378947244,-0.066527789986605468,-0.0068296017336723913,True,,,False,0.21184407176729822,0.091003789797553705
google/gemma-3-12b-it,content_deletion,20260832,0.20000000000000001,scalar_fitted,0.52708551100455225,0.26048005480983993,0.54285714285714282,0.75357142857142856,0.53016392377607791,0.073942055017645003,-0.00012570715292298251,False,microsoft/phi-4,0.46363613378947244,-0.066527789986605468,-0.0068296017336723913,True,,,False,0.21184407176729822,0.091003789797553705
google/gemma-3-12b-it,content_deletion,20260832,0.29999999999999999,scalar_fitted,0.54997333238867607,0.27476631612986019,0.5357142857142857,0.76071428571428568,0.53016392377607791,0.073942055017645003,-0.00012570715292298251,False,microsoft/phi-4,0.46363613378947244,-0.066527789986605468,-0.0068296017336723913,True,,,False,0.21184407176729822,0.091003789797553705
google/gemma-3-12b-it,content_deletion,20260832,0.40000000000000002,scalar_fitted,0.56495882681321241,0.28350830446935255,0.50833333333333341,0.7595238095238096,0.53016392377607791,0.073942055017645003,-0.00012570715292298251,False,microsoft/phi-4,0.46363613378947244,-0.066527789986605468,-0.0068296017336723913,True,,,False,0.21184407176729822,0.091003789797553705
google/gemma-3-12b-it,content_deletion,20260832,0,vector_fitted,0.4996390072053713,0.24680076788067526,0.56071428571428572,0.74642857142857144,0.53888277345053492,0.073368245486512051,-0.00012570715292298251,False,microsoft/phi-4,0.46363613378947244,-0.075246639661062487,-0.0068296017336723913,True,,,False,0.21184407176729822,0.091003789797553705
google/gemma-3-12b-it,content_deletion,20260832,0.10000000000000001,vector_fitted,0.52684816558041903,0.26166053226410457,0.55000000000000004,0.75238095238095248,0.53888277345053492,0.073368245486512051,-0.00012570715292298251,False,microsoft/phi-4,0.46363613378947244,-0.075246639661062487,-0.0068296017336723913,True,,,False,0.21184407176729822,0.091003789797553705
google/gemma-3-12b-it,content_deletion,20260832,0.20000000000000001,vector_fitted,0.53686145208192004,0.26490990382528984,0.54285714285714282,0.75833333333333341,0.53888277345053492,0.073368245486512051,-0.00012570715292298251,False,microsoft/phi-4,0.46363613378947244,-0.075246639661062487,-0.0068296017336723913,True,,,False,0.21184407176729822,0.091003789797553705
google/gemma-3-12b-it,content_deletion,20260832,0.29999999999999999,vector_fitted,0.5580579896930804,0.27795649365583891,0.53333333333333333,0.75714285714285712,0.53888277345053492,0.073368245486512051,-0.00012570715292298251,False,microsoft/phi-4,0.46363613378947244,-0.075246639661062487,-0.0068296017336723913,True,,,False,0.21184407176729822,0.091003789797553705
google/gemma-3-12b-it,content_deletion,20260832,0.40000000000000002,vector_fitted,0.57300725269188335,0.28672481553270623,0.5,0.75714285714285712,0.53888277345053492,0.073368245486512051,-0.00012570715292298251,False,microsoft/phi-4,0.46363613378947244,-0.075246639661062487,-0.0068296017336723913,True,,,False,0.21184407176729822,0.091003789797553705
google/gemma-3-12b-it,content_deletion,20260833,0,scalar_fitted,0.51036546762165702,0.25253467864319917,0.5535714285714286,0.75357142857142856,0.54370726376873013,0.051364601399400578,-0.0091743663142444531,False,microsoft/phi-4,0.49471337957823647,-0.048993884190493664,-0.003695195179525379,True,,,False,0.24700950872999905,0.10414887078026425
google/gemma-3-12b-it,content_deletion,20260833,0.10000000000000001,scalar_fitted,0.5379377988112688,0.26927386534670766,0.52261904761904754,0.74285714285714288,0.54370726376873013,0.051364601399400578,-0.0091743663142444531,False,microsoft/phi-4,0.49471337957823647,-0.048993884190493664,-0.003695195179525379,True,,,False,0.24700950872999905,0.10414887078026425
google/gemma-3-12b-it,content_deletion,20260833,0.20000000000000001,scalar_fitted,0.54661911656029027,0.27462355441446512,0.52738095238095239,0.74285714285714288,0.54370726376873013,0.051364601399400578,-0.0091743663142444531,False,microsoft/phi-4,0.49471337957823647,-0.048993884190493664,-0.003695195179525379,True,,,False,0.24700950872999905,0.10414887078026425
google/gemma-3-12b-it,content_deletion,20260833,0.29999999999999999,scalar_fitted,0.56188386682937752,0.28275768190011802,0.51428571428571423,0.74166666666666659,0.54370726376873013,0.051364601399400578,-0.0091743663142444531,False,microsoft/phi-4,0.49471337957823647,-0.048993884190493664,-0.003695195179525379,True,,,False,0.24700950872999905,0.10414887078026425
google/gemma-3-12b-it,content_deletion,20260833,0.40000000000000002,scalar_fitted,0.5617300690210576,0.28264339339432692,0.50714285714285712,0.75119047619047619,0.54370726376873013,0.051364601399400578,-0.0091743663142444531,False,microsoft/phi-4,0.49471337957823647,-0.048993884190493664,-0.003695195179525379,True,,,False,0.24700950872999905,0.10414887078026425
google/gemma-3-12b-it,content_deletion,20260833,0,vector_fitted,0.51124600355737992,0.25172621729418615,0.56428571428571428,0.75357142857142856,0.54341157904747539,0.05005284747792027,-0.0091743663142444531,False,microsoft/phi-4,0.49471337957823647,-0.048698199469238923,-0.003695195179525379,True,,,False,0.24700950872999905,0.10414887078026425
google/gemma-3-12b-it,content_deletion,20260833,0.10000000000000001,vector_fitted,0.53777446381178151,0.26871863829779269,0.53095238095238095,0.74285714285714288,0.54341157904747539,0.05005284747792027,-0.0091743663142444531,False,microsoft/phi-4,0.49471337957823647,-0.048698199469238923,-0.003695195179525379,True,,,False,0.24700950872999905,0.10414887078026425
google/gemma-3-12b-it,content_deletion,20260833,0.20000000000000001,vector_fitted,0.54611864148761358,0.27362576859996479,0.52738095238095239,0.74761904761904752,0.54341157904747539,0.05005284747792027,-0.0091743663142444531,False,microsoft/phi-4,0.49471337957823647,-0.048698199469238923,-0.003695195179525379,True,,,False,0.24700950872999905,0.10414887078026425
google/gemma-3-12b-it,content_deletion,20260833,0.29999999999999999,vector_fitted,0.5606199353453013,0.28146711900138133,0.51904761904761898,0.74285714285714288,0.54341157904747539,0.05005284747792027,-0.0091743663142444531,False,microsoft/phi-4,0.49471337957823647,-0.048698199469238923,-0.003695195179525379,True,,,False,0.24700950872999905,0.10414887078026425
google/gemma-3-12b-it,content_deletion,20260833,0.40000000000000002,vector_fitted,0.56129885103530019,0.28177840363507312,0.51190476190476186,0.76428571428571423,0.54341157904747539,0.05005284747792027,-0.0091743663142444531,False,microsoft/phi-4,0.49471337957823647,-0.048698199469238923,-0.003695195179525379,True,,,False,0.24700950872999905,0.10414887078026425
google/gemma-3-12b-it,content_deletion,20260834,0,scalar_fitted,0.51568416775902937,0.2589590247916862,0.5535714285714286,0.73928571428571432,0.53657151616852417,0.035823228862887246,-0.0012274284008661485,False,microsoft/phi-4,0.47019365598348806,-0.066377860185036108,-0.0099894158692375723,True,,,False,0.18732299204593797,0.087224466657854133
google/gemma-3-12b-it,content_deletion,20260834,0.10000000000000001,scalar_fitted,0.52877575087219619,0.26582169844885178,0.56547619047619035,0.75119047619047619,0.53657151616852417,0.035823228862887246,-0.0012274284008661485,False,microsoft/phi-4,0.47019365598348806,-0.066377860185036108,-0.0099894158692375723,True,,,False,0.18732299204593797,0.087224466657854133
google/gemma-3-12b-it,content_deletion,20260834,0.20000000000000001,scalar_fitted,0.53791810517980787,0.26835684258478221,0.54285714285714282,0.75357142857142856,0.53657151616852417,0.035823228862887246,-0.0012274284008661485,False,microsoft/phi-4,0.47019365598348806,-0.066377860185036108,-0.0099894158692375723,True,,,False,0.18732299204593797,0.087224466657854133
google/gemma-3-12b-it,content_deletion,20260834,0.29999999999999999,scalar_fitted,0.5489721604096709,0.27420816416687455,0.52857142857142858,0.75833333333333341,0.53657151616852417,0.035823228862887246,-0.0012274284008661485,False,microsoft/phi-4,0.47019365598348806,-0.066377860185036108,-0.0099894158692375723,True,,,False,0.18732299204593797,0.087224466657854133
google/gemma-3-12b-it,content_deletion,20260834,0.40000000000000002,scalar_fitted,0.55150739662191661,0.27425611601369032,0.54047619047619044,0.75833333333333341,0.53657151616852417,0.035823228862887246,-0.0012274284008661485,False,microsoft/phi-4,0.47019365598348806,-0.066377860185036108,-0.0099894158692375723,True,,,False,0.18732299204593797,0.087224466657854133
google/gemma-3-12b-it,content_deletion,20260834,0,vector_fitted,0.51515621745669737,0.25822753363250817,0.5535714285714286,0.75,0.53859888721234239,0.040520593096667001,-0.0012274284008661485,False,microsoft/phi-4,0.47019365598348806,-0.068405231228854335,-0.0099894158692375723,True,,,False,0.18732299204593797,0.087224466657854133
google/gemma-3-12b-it,content_deletion,20260834,0.10000000000000001,vector_fitted,0.52928865864137764,0.26589654652368644,0.56547619047619035,0.75238095238095248,0.53859888721234239,0.040520593096667001,-0.0012274284008661485,False,microsoft/phi-4,0.47019365598348806,-0.068405231228854335,-0.0099894158692375723,True,,,False,0.18732299204593797,0.087224466657854133
google/gemma-3-12b-it,content_deletion,20260834,0.20000000000000001,vector_fitted,0.54034341746457348,0.26959691446956069,0.54166666666666674,0.74880952380952392,0.53859888721234239,0.040520593096667001,-0.0012274284008661485,False,microsoft/phi-4,0.47019365598348806,-0.068405231228854335,-0.0099894158692375723,True,,,False,0.18732299204593797,0.087224466657854133
google/gemma-3-12b-it,content_deletion,20260834,0.29999999999999999,vector_fitted,0.55252933194569942,0.27580591356315481,0.5261904761904761,0.75595238095238093,0.53859888721234239,0.040520593096667001,-0.0012274284008661485,False,microsoft/phi-4,0.47019365598348806,-0.068405231228854335,-0.0099894158692375723,True,,,False,0.18732299204593797,0.087224466657854133
google/gemma-3-12b-it,content_deletion,20260834,0.40000000000000002,vector_fitted,0.55567681055336438,0.27642441355256686,0.5357142857142857,0.75595238095238104,0.53859888721234239,0.040520593096667001,-0.0012274284008661485,False,microsoft/phi-4,0.47019365598348806,-0.068405231228854335,-0.0099894158692375723,True,,,False,0.18732299204593797,0.087224466657854133
google/gemma-3-12b-it,content_deletion,20260835,0,scalar_fitted,0.52797049370260096,0.27110437334681858,0.51071428571428568,0.73571428571428577,0.54865651923857528,0.036920839491992874,-0.010041800433547715,False,microsoft/phi-4,0.50436181753684184,-0.044294701701733441,-0.0025409058140974383,True,,,False,0.145285172201569,0.074545579870433115
google/gemma-3-12b-it,content_deletion,20260835,0.10000000000000001,scalar_fitted,0.54405337179452873,0.27790252491619427,0.51071428571428568,0.72976190476190472,0.54865651923857528,0.036920839491992874,-0.010041800433547715,False,microsoft/phi-4,0.50436181753684184,-0.044294701701733441,-0.0025409058140974383,True,,,False,0.145285172201569,0.074545579870433115
google/gemma-3-12b-it,content_deletion,20260835,0.20000000000000001,scalar_fitted,0.545651376563274,0.27625662305310988,0.51666666666666661,0.74285714285714288,0.54865651923857528,0.036920839491992874,-0.010041800433547715,False,microsoft/phi-4,0.50436181753684184,-0.044294701701733441,-0.0025409058140974383,True,,,False,0.145285172201569,0.074545579870433115
google/gemma-3-12b-it,content_deletion,20260835,0.29999999999999999,scalar_fitted,0.56071602093787909,0.28389949930224828,0.51547619047619042,0.76428571428571423,0.54865651923857528,0.036920839491992874,-0.010041800433547715,False,microsoft/phi-4,0.50436181753684184,-0.044294701701733441,-0.0025409058140974383,True,,,False,0.145285172201569,0.074545579870433115
google/gemma-3-12b-it,content_deletion,20260835,0.40000000000000002,scalar_fitted,0.56489133319459384,0.28602081303171373,0.51428571428571423,0.77500000000000002,0.54865651923857528,0.036920839491992874,-0.010041800433547715,False,microsoft/phi-4,0.50436181753684184,-0.044294701701733441,-0.0025409058140974383,True,,,False,0.145285172201569,0.074545579870433115
google/gemma-3-12b-it,content_deletion,20260835,0,vector_fitted,0.53431191872980832,0.27334764856726085,0.50714285714285712,0.72857142857142854,0.55514048073595812,0.036516636113827494,-0.010041800433547715,False,microsoft/phi-4,0.50436181753684184,-0.050778663199116281,-0.0025409058140974383,True,,,False,0.145285172201569,0.074545579870433115
google/gemma-3-12b-it,content_deletion,20260835,0.10000000000000001,vector_fitted,0.55099796224882214,0.28044730471003804,0.51309523809523805,0.73333333333333339,0.55514048073595812,0.036516636113827494,-0.010041800433547715,False,microsoft/phi-4,0.50436181753684184,-0.050778663199116281,-0.0025409058140974383,True,,,False,0.145285172201569,0.074545579870433115
google/gemma-3-12b-it,content_deletion,20260835,0.20000000000000001,vector_fitted,0.55246002927125393,0.27876027391694519,0.51904761904761898,0.75,0.55514048073595812,0.036516636113827494,-0.010041800433547715,False,microsoft/phi-4,0.50436181753684184,-0.050778663199116281,-0.0025409058140974383,True,,,False,0.145285172201569,0.074545579870433115
google/gemma-3-12b-it,content_deletion,20260835,0.29999999999999999,vector_fitted,0.56710393858627106,0.28639422207750564,0.51428571428571423,0.7678571428571429,0.55514048073595812,0.036516636113827494,-0.010041800433547715,False,microsoft/phi-4,0.50436181753684184,-0.050778663199116281,-0.0025409058140974383,True,,,False,0.145285172201569,0.074545579870433115
google/gemma-3-12b-it,content_deletion,20260835,0.40000000000000002,vector_fitted,0.57082855484363582,0.28814084351130353,0.51190476190476186,0.77380952380952384,0.55514048073595812,0.036516636113827494,-0.010041800433547715,False,microsoft/phi-4,0.50436181753684184,-0.050778663199116281,-0.0025409058140974383,True,,,False,0.145285172201569,0.074545579870433115
google/gemma-3-12b-it,content_deletion,20260836,0,scalar_fitted,0.51643241183646893,0.25749671078351027,0.53214285714285714,0.78214285714285714,0.54355345283208689,0.051062083172397243,0.010871663904452877,True,microsoft/phi-4,0.4916996949882867,-0.051853757843800197,-4.5426240624896197e-05,True,,,False,0.26128074844061044,0.11083758736313094
google/gemma-3-12b-it,content_deletion,20260836,0.10000000000000001,scalar_fitted,0.533300754646715,0.26590003383788718,0.53452380952380951,0.7761904761904761,0.54355345283208689,0.051062083172397243,0.010871663904452877,True,microsoft/phi-4,0.4916996949882867,-0.051853757843800197,-4.5426240624896197e-05,True,,,False,0.26128074844061044,0.11083758736313094
google/gemma-3-12b-it,content_deletion,20260836,0.20000000000000001,scalar_fitted,0.54172093846575786,0.27149600680050645,0.54166666666666663,0.78690476190476188,0.54355345283208689,0.051062083172397243,0.010871663904452877,True,microsoft/phi-4,0.4916996949882867,-0.051853757843800197,-4.5426240624896197e-05,True,,,False,0.26128074844061044,0.11083758736313094
google/gemma-3-12b-it,content_deletion,20260836,0.29999999999999999,scalar_fitted,0.55881866420262638,0.28259880536544513,0.52380952380952372,0.76666666666666661,0.54355345283208689,0.051062083172397243,0.010871663904452877,True,microsoft/phi-4,0.4916996949882867,-0.051853757843800197,-4.5426240624896197e-05,True,,,False,0.26128074844061044,0.11083758736313094
google/gemma-3-12b-it,content_deletion,20260836,0.40000000000000002,scalar_fitted,0.56749449500886617,0.28658994067802956,0.50357142857142856,0.76904761904761909,0.54355345283208689,0.051062083172397243,0.010871663904452877,True,microsoft/phi-4,0.4916996949882867,-0.051853757843800197,-4.5426240624896197e-05,True,,,False,0.26128074844061044,0.11083758736313094
google/gemma-3-12b-it,content_deletion,20260836,0,vector_fitted,0.51627097442657977,0.25658411915981433,0.52500000000000002,0.77857142857142858,0.54426859803179484,0.053309199443486222,0.010871663904452877,True,microsoft/phi-4,0.4916996949882867,-0.052568903043508142,-4.5426240624896197e-05,True,,,False,0.26128074844061044,0.11083758736313094
google/gemma-3-12b-it,content_deletion,20260836,0.10000000000000001,vector_fitted,0.53301441483883827,0.26462515505682244,0.544047619047619,0.77500000000000002,0.54426859803179484,0.053309199443486222,0.010871663904452877,True,microsoft/phi-4,0.4916996949882867,-0.052568903043508142,-4.5426240624896197e-05,True,,,False,0.26128074844061044,0.11083758736313094
google/gemma-3-12b-it,content_deletion,20260836,0.20000000000000001,vector_fitted,0.54276304231516015,0.27088280202570092,0.54047619047619044,0.77857142857142858,0.54426859803179484,0.053309199443486222,0.010871663904452877,True,microsoft/phi-4,0.4916996949882867,-0.052568903043508142,-4.5426240624896197e-05,True,,,False,0.26128074844061044,0.11083758736313094
google/gemma-3-12b-it,content_deletion,20260836,0.29999999999999999,vector_fitted,0.55971438470833001,0.28187184255725667,0.5178571428571429,0.7678571428571429,0.54426859803179484,0.053309199443486222,0.010871663904452877,True,microsoft/phi-4,0.4916996949882867,-0.052568903043508142,-4.5426240624896197e-05,True,,,False,0.26128074844061044,0.11083758736313094
google/gemma-3-12b-it,content_deletion,20260836,0.40000000000000002,vector_fitted,0.56958017387006599,0.28675765316710283,0.50952380952380949,0.7761904761904761,0.54426859803179484,0.053309199443486222,0.010871663904452877,True,microsoft/phi-4,0.4916996949882867,-0.052568903043508142,-4.5426240624896197e-05,True,,,False,0.26128074844061044,0.11083758736313094
google/gemma-3-12b-it,content_deletion,20260837,0,scalar_fitted,0.52298294285294145,0.2609233752040388,0.51071428571428568,0.75,0.56338536238066883,0.069506105993687006,0.01784245748770899,True,microsoft/phi-4,0.50904010458628646,-0.054345257794382373,0.0035560392910647942,False,,,False,0.24919325292885558,0.11592358534237814
google/gemma-3-12b-it,content_deletion,20260837,0.10000000000000001,scalar_fitted,0.55797316421043408,0.28026648238884239,0.50952380952380949,0.74404761904761907,0.56338536238066883,0.069506105993687006,0.01784245748770899,True,microsoft/phi-4,0.50904010458628646,-0.054345257794382373,0.0035560392910647942,False,,,False,0.24919325292885558,0.11592358534237814
google/gemma-3-12b-it,content_deletion,20260837,0.20000000000000001,scalar_fitted,0.56304566129390088,0.28158435601813242,0.52380952380952372,0.76428571428571423,0.56338536238066883,0.069506105993687006,0.01784245748770899,True,microsoft/phi-4,0.50904010458628646,-0.054345257794382373,0.0035560392910647942,False,,,False,0.24919325292885558,0.11592358534237814
google/gemma-3-12b-it,content_deletion,20260837,0.29999999999999999,scalar_fitted,0.58043599469943918,0.29191919591815729,0.49642857142857144,0.75,0.56338536238066883,0.069506105993687006,0.01784245748770899,True,microsoft/phi-4,0.50904010458628646,-0.054345257794382373,0.0035560392910647942,False,,,False,0.24919325292885558,0.11592358534237814
google/gemma-3-12b-it,content_deletion,20260837,0.40000000000000002,scalar_fitted,0.59248904884662845,0.29897412186348432,0.48690476190476184,0.73452380952380958,0.56338536238066883,0.069506105993687006,0.01784245748770899,True,microsoft/phi-4,0.50904010458628646,-0.054345257794382373,0.0035560392910647942,False,,,False,0.24919325292885558,0.11592358534237814
google/gemma-3-12b-it,content_deletion,20260837,0,vector_fitted,0.52227064854412275,0.26078001154654362,0.50714285714285712,0.74642857142857144,0.5634101464698924,0.071844900136395329,0.01784245748770899,True,microsoft/phi-4,0.50904010458628646,-0.054370041883605946,0.0035560392910647942,False,,,False,0.24919325292885558,0.11592358534237814
google/gemma-3-12b-it,content_deletion,20260837,0.10000000000000001,vector_fitted,0.55654267930212376,0.27961854481813647,0.50952380952380949,0.73571428571428577,0.5634101464698924,0.071844900136395329,0.01784245748770899,True,microsoft/phi-4,0.50904010458628646,-0.054370041883605946,0.0035560392910647942,False,,,False,0.24919325292885558,0.11592358534237814
google/gemma-3-12b-it,content_deletion,20260837,0.20000000000000001,vector_fitted,0.56252966139543348,0.28138600627665866,0.51190476190476186,0.75238095238095237,0.5634101464698924,0.071844900136395329,0.01784245748770899,True,microsoft/phi-4,0.50904010458628646,-0.054370041883605946,0.0035560392910647942,False,,,False,0.24919325292885558,0.11592358534237814
google/gemma-3-12b-it,content_deletion,20260837,0.29999999999999999,vector_fitted,0.58159219442726395,0.29206063810284244,0.49642857142857144,0.74523809523809526,0.5634101464698924,0.071844900136395329,0.01784245748770899,True,microsoft/phi-4,0.50904010458628646,-0.054370041883605946,0.0035560392910647942,False,,,False,0.24919325292885558,0.11592358534237814
google/gemma-3-12b-it,content_deletion,20260837,0.40000000000000002,vector_fitted,0.59411554868051808,0.29957345036750088,0.48452380952380947,0.73452380952380947,0.5634101464698924,0.071844900136395329,0.01784245748770899,True,microsoft/phi-4,0.50904010458628646,-0.054370041883605946,0.0035560392910647942,False,,,False,0.24919325292885558,0.11592358534237814
google/gemma-3-12b-it,irrelevant_context,20260828,0,scalar_fitted,0.51316965203344456,0.25966892822113513,0.56428571428571428,0.75357142857142856,0.532695221557003,0.028041566925713246,0.0092921428132443085,True,microsoft/phi-4,0.46404729849823656,-0.068647923058766436,0.0080964108952900071,False,,,False,0.22795790139682776,0.12368805010224804
google/gemma-3-12b-it,irrelevant_context,20260828,64,scalar_fitted,0.52977928247414441,0.26413009123434611,0.56666666666666665,0.75238095238095237,0.532695221557003,0.028041566925713246,0.0092921428132443085,True,microsoft/phi-4,0.46404729849823656,-0.068647923058766436,0.0080964108952900071,False,,,False,0.22795790139682776,0.12368805010224804
google/gemma-3-12b-it,irrelevant_context,20260828,128,scalar_fitted,0.5385043852556457,0.27150230289024402,0.5630952380952382,0.74880952380952381,0.532695221557003,0.028041566925713246,0.0092921428132443085,True,microsoft/phi-4,0.46404729849823656,-0.068647923058766436,0.0080964108952900071,False,,,False,0.22795790139682776,0.12368805010224804
google/gemma-3-12b-it,irrelevant_context,20260828,256,scalar_fitted,0.54081156906262218,0.27141082374474151,0.54761904761904767,0.72142857142857142,0.532695221557003,0.028041566925713246,0.0092921428132443085,True,microsoft/phi-4,0.46404729849823656,-0.068647923058766436,0.0080964108952900071,False,,,False,0.22795790139682776,0.12368805010224804
google/gemma-3-12b-it,irrelevant_context,20260828,512,scalar_fitted,0.5412112189591578,0.2714610063649231,0.54761904761904756,0.72261904761904761,0.532695221557003,0.028041566925713246,0.0092921428132443085,True,microsoft/phi-4,0.46404729849823656,-0.068647923058766436,0.0080964108952900071,False,,,False,0.22795790139682776,0.12368805010224804
google/gemma-3-12b-it,irrelevant_context,20260828,0,vector_fitted,0.51122901867928316,0.25676530137616332,0.56428571428571428,0.75,0.53228577882508066,0.028593597166331697,0.0092921428132443085,True,microsoft/phi-4,0.46404729849823656,-0.068238480326844098,0.0080964108952900071,False,,,False,0.22795790139682776,0.12368805010224804
google/gemma-3-12b-it,irrelevant_context,20260828,64,vector_fitted,0.53085648078018521,0.26321371205886357,0.56785714285714284,0.75714285714285712,0.53228577882508066,0.028593597166331697,0.0092921428132443085,True,microsoft/phi-4,0.46404729849823656,-0.068238480326844098,0.0080964108952900071,False,,,False,0.22795790139682776,0.12368805010224804
google/gemma-3-12b-it,irrelevant_context,20260828,128,vector_fitted,0.53950110206506041,0.27030429934573136,0.57619047619047614,0.75238095238095248,0.53228577882508066,0.028593597166331697,0.0092921428132443085,True,microsoft/phi-4,0.46404729849823656,-0.068238480326844098,0.0080964108952900071,False,,,False,0.22795790139682776,0.12368805010224804
google/gemma-3-12b-it,irrelevant_context,20260828,256,vector_fitted,0.54001967675525953,0.26912941000863494,0.55119047619047612,0.72380952380952379,0.53228577882508066,0.028593597166331697,0.0092921428132443085,True,microsoft/phi-4,0.46404729849823656,-0.068238480326844098,0.0080964108952900071,False,,,False,0.22795790139682776,0.12368805010224804
google/gemma-3-12b-it,irrelevant_context,20260828,512,vector_fitted,0.53982261584561486,0.26919346416129508,0.54523809523809519,0.71904761904761894,0.53228577882508066,0.028593597166331697,0.0092921428132443085,True,microsoft/phi-4,0.46404729849823656,-0.068238480326844098,0.0080964108952900071,False,,,False,0.22795790139682776,0.12368805010224804
google/gemma-3-12b-it,irrelevant_context,20260829,0,scalar_fitted,0.50786465504558842,0.25365582527279862,0.5357142857142857,0.73571428571428577,0.52780065926494557,0.028638559123099983,0.0081966678800578507,True,microsoft/phi-4,0.45850868224496893,-0.069291977019976636,0.011219348676293539,False,,,False,0.28879511038522554,0.1188435036072954
google/gemma-3-12b-it,irrelevant_context,20260829,64,scalar_fitted,0.52773004864959783,0.2633745417897852,0.56785714285714284,0.77261904761904765,0.52780065926494557,0.028638559123099983,0.0081966678800578507,True,microsoft/phi-4,0.45850868224496893,-0.069291977019976636,0.011219348676293539,False,,,False,0.28879511038522554,0.1188435036072954
google/gemma-3-12b-it,irrelevant_context,20260829,128,scalar_fitted,0.53180890982943485,0.26544231617132141,0.56785714285714284,0.76190476190476197,0.52780065926494557,0.028638559123099983,0.0081966678800578507,True,microsoft/phi-4,0.45850868224496893,-0.069291977019976636,0.011219348676293539,False,,,False,0.28879511038522554,0.1188435036072954
google/gemma-3-12b-it,irrelevant_context,20260829,256,scalar_fitted,0.53509646863141835,0.26682016339967662,0.55833333333333335,0.76190476190476197,0.52780065926494557,0.028638559123099983,0.0081966678800578507,True,microsoft/phi-4,0.45850868224496893,-0.069291977019976636,0.011219348676293539,False,,,False,0.28879511038522554,0.1188435036072954
google/gemma-3-12b-it,irrelevant_context,20260829,512,scalar_fitted,0.5365032141686884,0.26751874707464313,0.54523809523809519,0.75238095238095237,0.52780065926494557,0.028638559123099983,0.0081966678800578507,True,microsoft/phi-4,0.45850868224496893,-0.069291977019976636,0.011219348676293539,False,,,False,0.28879511038522554,0.1188435036072954
google/gemma-3-12b-it,irrelevant_context,20260829,0,vector_fitted,0.50110022524430831,0.25059232685869753,0.55000000000000004,0.75,0.51955829758266381,0.026065687962879558,0.0081966678800578507,True,microsoft/phi-4,0.45850868224496893,-0.061049615337694874,0.011219348676293539,False,,,False,0.28879511038522554,0.1188435036072954
google/gemma-3-12b-it,irrelevant_context,20260829,64,vector_fitted,0.52028677817254632,0.26028237841459034,0.57499999999999996,0.77380952380952384,0.51955829758266381,0.026065687962879558,0.0081966678800578507,True,microsoft/phi-4,0.45850868224496893,-0.061049615337694874,0.011219348676293539,False,,,False,0.28879511038522554,0.1188435036072954
google/gemma-3-12b-it,irrelevant_context,20260829,128,vector_fitted,0.5229386946239748,0.26160215377823726,0.57619047619047614,0.7678571428571429,0.51955829758266381,0.026065687962879558,0.0081966678800578507,True,microsoft/phi-4,0.45850868224496893,-0.061049615337694874,0.011219348676293539,False,,,False,0.28879511038522554,0.1188435036072954
google/gemma-3-12b-it,irrelevant_context,20260829,256,vector_fitted,0.52629987666530187,0.26282641503384202,0.55595238095238086,0.76071428571428568,0.51955829758266381,0.026065687962879558,0.0081966678800578507,True,microsoft/phi-4,0.45850868224496893,-0.061049615337694874,0.011219348676293539,False,,,False,0.28879511038522554,0.1188435036072954
google/gemma-3-12b-it,irrelevant_context,20260829,512,vector_fitted,0.52716591320718786,0.26338319381193287,0.55119047619047612,0.75714285714285712,0.51955829758266381,0.026065687962879558,0.0081966678800578507,True,microsoft/phi-4,0.45850868224496893,-0.061049615337694874,0.011219348676293539,False,,,False,0.28879511038522554,0.1188435036072954
google/gemma-3-12b-it,irrelevant_context,20260830,0,scalar_fitted,0.53248332639075169,0.26645631046457863,0.53928571428571426,0.77142857142857146,0.54854172722813344,0.021459701833655087,0.010862181168544982,True,microsoft/phi-4,0.46192324170091592,-0.086618485527217515,0.014803015988396673,False,,,False,0.20198904266186585,0.080306429044533723
google/gemma-3-12b-it,irrelevant_context,20260830,64,scalar_fitted,0.54621653843805884,0.27033619461364811,0.55833333333333335,0.77261904761904765,0.54854172722813344,0.021459701833655087,0.010862181168544982,True,microsoft/phi-4,0.46192324170091592,-0.086618485527217515,0.014803015988396673,False,,,False,0.20198904266186585,0.080306429044533723
google/gemma-3-12b-it,irrelevant_context,20260830,128,scalar_fitted,0.55249299708481869,0.27511150810654206,0.55476190476190468,0.7583333333333333,0.54854172722813344,0.021459701833655087,0.010862181168544982,True,microsoft/phi-4,0.46192324170091592,-0.086618485527217515,0.014803015988396673,False,,,False,0.20198904266186585,0.080306429044533723
google/gemma-3-12b-it,irrelevant_context,20260830,256,scalar_fitted,0.55757274600263129,0.27693955683746208,0.53333333333333321,0.7583333333333333,0.54854172722813344,0.021459701833655087,0.010862181168544982,True,microsoft/phi-4,0.46192324170091592,-0.086618485527217515,0.014803015988396673,False,,,False,0.20198904266186585,0.080306429044533723
google/gemma-3-12b-it,irrelevant_context,20260830,512,scalar_fitted,0.55394302822440677,0.27529912718212951,0.52976190476190466,0.76071428571428568,0.54854172722813344,0.021459701833655087,0.010862181168544982,True,microsoft/phi-4,0.46192324170091592,-0.086618485527217515,0.014803015988396673,False,,,False,0.20198904266186585,0.080306429044533723
google/gemma-3-12b-it,irrelevant_context,20260830,0,vector_fitted,0.52971695407118935,0.26457512071211847,0.53928571428571426,0.78214285714285714,0.54467021432870755,0.018997254115413087,0.010862181168544982,True,microsoft/phi-4,0.46192324170091592,-0.082746972627791626,0.014803015988396673,False,,,False,0.20198904266186585,0.080306429044533723
google/gemma-3-12b-it,irrelevant_context,20260830,64,vector_fitted,0.54314141712508701,0.2680341782947856,0.5630952380952382,0.77500000000000002,0.54467021432870755,0.018997254115413087,0.010862181168544982,True,microsoft/phi-4,0.46192324170091592,-0.082746972627791626,0.014803015988396673,False,,,False,0.20198904266186585,0.080306429044533723
google/gemma-3-12b-it,irrelevant_context,20260830,128,vector_fitted,0.54831850106903246,0.27233653936870145,0.55595238095238098,0.7595238095238096,0.54467021432870755,0.018997254115413087,0.010862181168544982,True,microsoft/phi-4,0.46192324170091592,-0.082746972627791626,0.014803015988396673,False,,,False,0.20198904266186585,0.080306429044533723
google/gemma-3-12b-it,irrelevant_context,20260830,256,vector_fitted,0.55345999119162614,0.27405080318242975,0.53095238095238106,0.76309523809523816,0.54467021432870755,0.018997254115413087,0.010862181168544982,True,microsoft/phi-4,0.46192324170091592,-0.082746972627791626,0.014803015988396673,False,,,False,0.20198904266186585,0.080306429044533723
google/gemma-3-12b-it,irrelevant_context,20260830,512,vector_fitted,0.54871420818660244,0.2717772935046544,0.53333333333333321,0.76547619047619053,0.54467021432870755,0.018997254115413087,0.010862181168544982,True,microsoft/phi-4,0.46192324170091592,-0.082746972627791626,0.014803015988396673,False,,,False,0.20198904266186585,0.080306429044533723
google/gemma-3-12b-it,irrelevant_context,20260831,0,scalar_fitted,0.51162984870738382,0.25507817843347796,0.56785714285714284,0.76071428571428568,0.54367372870795039,0.036356677026681439,0.020753526853129034,True,microsoft/phi-4,0.44912549791159667,-0.094548230796353716,0.013011143692765736,False,,,False,0.28174627353425097,0.15563311975420493
google/gemma-3-12b-it,irrelevant_context,20260831,64,scalar_fitted,0.5491976496933324,0.27284892352265006,0.57261904761904769,0.7678571428571429,0.54367372870795039,0.036356677026681439,0.020753526853129034,True,microsoft/phi-4,0.44912549791159667,-0.094548230796353716,0.013011143692765736,False,,,False,0.28174627353425097,0.15563311975420493
google/gemma-3-12b-it,irrelevant_context,20260831,128,scalar_fitted,0.55478664093188346,0.27686327461530652,0.56904761904761914,0.75952380952380949,0.54367372870795039,0.036356677026681439,0.020753526853129034,True,microsoft/phi-4,0.44912549791159667,-0.094548230796353716,0.013011143692765736,False,,,False,0.28174627353425097,0.15563311975420493
google/gemma-3-12b-it,irrelevant_context,20260831,256,scalar_fitted,0.55476797847308745,0.27619365397055112,0.5619047619047618,0.76190476190476186,0.54367372870795039,0.036356677026681439,0.020753526853129034,True,microsoft/phi-4,0.44912549791159667,-0.094548230796353716,0.013011143692765736,False,,,False,0.28174627353425097,0.15563311975420493
google/gemma-3-12b-it,irrelevant_context,20260831,512,scalar_fitted,0.54798652573406526,0.2713097969504914,0.5619047619047618,0.75595238095238104,0.54367372870795039,0.036356677026681439,0.020753526853129034,True,microsoft/phi-4,0.44912549791159667,-0.094548230796353716,0.013011143692765736,False,,,False,0.28174627353425097,0.15563311975420493
google/gemma-3-12b-it,irrelevant_context,20260831,0,vector_fitted,0.50469067665898926,0.25084711798784481,0.56071428571428572,0.76428571428571423,0.53101252027416468,0.027558071510078386,0.020753526853129034,True,microsoft/phi-4,0.44912549791159667,-0.081887022362568007,0.013011143692765736,False,,,False,0.28174627353425097,0.15563311975420493
google/gemma-3-12b-it,irrelevant_context,20260831,64,vector_fitted,0.53687315072745012,0.26593840593429852,0.5714285714285714,0.77500000000000002,0.53101252027416468,0.027558071510078386,0.020753526853129034,True,microsoft/phi-4,0.44912549791159667,-0.081887022362568007,0.013011143692765736,False,,,False,0.28174627353425097,0.15563311975420493
google/gemma-3-12b-it,irrelevant_context,20260831,128,vector_fitted,0.54031924123140829,0.26911698530770473,0.57619047619047614,0.76071428571428568,0.53101252027416468,0.027558071510078386,0.020753526853129034,True,microsoft/phi-4,0.44912549791159667,-0.081887022362568007,0.013011143692765736,False,,,False,0.28174627353425097,0.15563311975420493
google/gemma-3-12b-it,irrelevant_context,20260831,256,vector_fitted,0.54093078458390786,0.26871019708300015,0.56666666666666676,0.76547619047619053,0.53101252027416468,0.027558071510078386,0.020753526853129034,True,microsoft/phi-4,0.44912549791159667,-0.081887022362568007,0.013011143692765736,False,,,False,0.28174627353425097,0.15563311975420493
google/gemma-3-12b-it,irrelevant_context,20260831,512,vector_fitted,0.53224874816906764,0.26278281798271225,0.56428571428571428,0.75714285714285712,0.53101252027416468,0.027558071510078386,0.020753526853129034,True,microsoft/phi-4,0.44912549791159667,-0.081887022362568007,0.013011143692765736,False,,,False,0.28174627353425097,0.15563311975420493
google/gemma-3-12b-it,irrelevant_context,20260832,0,scalar_fitted,0.49166703950269469,0.24368183276298566,0.58214285714285718,0.74642857142857144,0.52414962651703934,0.039635189549247551,0.014292041772174108,True,microsoft/phi-4,0.45045817060477322,-0.073691455912266113,0.0060957368819927749,False,,,False,0.26423647811037188,0.12007573228057886
google/gemma-3-12b-it,irrelevant_context,20260832,64,scalar_fitted,0.52809338702196473,0.26247554360412695,0.57261904761904769,0.74642857142857144,0.52414962651703934,0.039635189549247551,0.014292041772174108,True,microsoft/phi-4,0.45045817060477322,-0.073691455912266113,0.0060957368819927749,False,,,False,0.26423647811037188,0.12007573228057886
google/gemma-3-12b-it,irrelevant_context,20260832,128,scalar_fitted,0.532515071517355,0.26531872159280678,0.57499999999999996,0.74642857142857144,0.52414962651703934,0.039635189549247551,0.014292041772174108,True,microsoft/phi-4,0.45045817060477322,-0.073691455912266113,0.0060957368819927749,False,,,False,0.26423647811037188,0.12007573228057886
google/gemma-3-12b-it,irrelevant_context,20260832,256,scalar_fitted,0.53717040549123996,0.26791048489454572,0.54880952380952375,0.7321428571428571,0.52414962651703934,0.039635189549247551,0.014292041772174108,True,microsoft/phi-4,0.45045817060477322,-0.073691455912266113,0.0060957368819927749,False,,,False,0.26423647811037188,0.12007573228057886
google/gemma-3-12b-it,irrelevant_context,20260832,512,scalar_fitted,0.53130222905194224,0.264489833303859,0.56904761904761902,0.74523809523809526,0.52414962651703934,0.039635189549247551,0.014292041772174108,True,microsoft/phi-4,0.45045817060477322,-0.073691455912266113,0.0060957368819927749,False,,,False,0.26423647811037188,0.12007573228057886
google/gemma-3-12b-it,irrelevant_context,20260832,0,vector_fitted,0.49606459977491135,0.24459099488970759,0.56785714285714284,0.74642857142857144,0.52751722362321374,0.038618845534458046,0.014292041772174108,True,microsoft/phi-4,0.45045817060477322,-0.077059053018440515,0.0060957368819927749,False,,,False,0.26423647811037188,0.12007573228057886
google/gemma-3-12b-it,irrelevant_context,20260832,64,vector_fitted,0.53180675917060627,0.26315300625034582,0.58214285714285718,0.75833333333333341,0.52751722362321374,0.038618845534458046,0.014292041772174108,True,microsoft/phi-4,0.45045817060477322,-0.077059053018440515,0.0060957368819927749,False,,,False,0.26423647811037188,0.12007573228057886
google/gemma-3-12b-it,irrelevant_context,20260832,128,vector_fitted,0.53519447378562679,0.26567309353705354,0.57857142857142863,0.75833333333333341,0.52751722362321374,0.038618845534458046,0.014292041772174108,True,microsoft/phi-4,0.45045817060477322,-0.077059053018440515,0.0060957368819927749,False,,,False,0.26423647811037188,0.12007573228057886
google/gemma-3-12b-it,irrelevant_context,20260832,256,vector_fitted,0.53983684007555521,0.26799115537807111,0.55238095238095231,0.75119047619047619,0.52751722362321374,0.038618845534458046,0.014292041772174108,True,microsoft/phi-4,0.45045817060477322,-0.077059053018440515,0.0060957368819927749,False,,,False,0.26423647811037188,0.12007573228057886
google/gemma-3-12b-it,irrelevant_context,20260832,512,vector_fitted,0.5346834453093694,0.2650738901280541,0.56071428571428572,0.75357142857142856,0.52751722362321374,0.038618845534458046,0.014292041772174108,True,microsoft/phi-4,0.45045817060477322,-0.077059053018440515,0.0060957368819927749,False,,,False,0.26423647811037188,0.12007573228057886
google/gemma-3-12b-it,irrelevant_context,20260833,0,scalar_fitted,0.52008420037467962,0.25731600698315454,0.56071428571428572,0.75357142857142856,0.54561569139904909,0.030347660559308487,0.018118518563922936,True,microsoft/phi-4,0.46964002283912371,-0.07597566855992538,0.0099202480054933484,False,,,False,0.37965769506466102,0.15584372861804571
google/gemma-3-12b-it,irrelevant_context,20260833,64,scalar_fitted,0.55361922551544984,0.27563466553162908,0.54523809523809519,0.72857142857142854,0.54561569139904909,0.030347660559308487,0.018118518563922936,True,microsoft/phi-4,0.46964002283912371,-0.07597566855992538,0.0099202480054933484,False,,,False,0.37965769506466102,0.15584372861804571
google/gemma-3-12b-it,irrelevant_context,20260833,128,scalar_fitted,0.55191137536597634,0.2747451827013328,0.56428571428571428,0.73690476190476184,0.54561569139904909,0.030347660559308487,0.018118518563922936,True,microsoft/phi-4,0.46964002283912371,-0.07597566855992538,0.0099202480054933484,False,,,False,0.37965769506466102,0.15584372861804571
google/gemma-3-12b-it,irrelevant_context,20260833,256,scalar_fitted,0.5520317948051513,0.27322325398319181,0.55119047619047612,0.7321428571428571,0.54561569139904909,0.030347660559308487,0.018118518563922936,True,microsoft/phi-4,0.46964002283912371,-0.07597566855992538,0.0099202480054933484,False,,,False,0.37965769506466102,0.15584372861804571
google/gemma-3-12b-it,irrelevant_context,20260833,512,scalar_fitted,0.5504318609339881,0.27155393137368539,0.54285714285714282,0.7321428571428571,0.54561569139904909,0.030347660559308487,0.018118518563922936,True,microsoft/phi-4,0.46964002283912371,-0.07597566855992538,0.0099202480054933484,False,,,False,0.37965769506466102,0.15584372861804571
google/gemma-3-12b-it,irrelevant_context,20260833,0,vector_fitted,0.51508903104139858,0.25354429282006857,0.5714285714285714,0.76071428571428568,0.53633060587894277,0.023944265022549538,0.018118518563922936,True,microsoft/phi-4,0.46964002283912371,-0.066690583039819062,0.0099202480054933484,False,,,False,0.37965769506466102,0.15584372861804571
google/gemma-3-12b-it,irrelevant_context,20260833,64,vector_fitted,0.54362864997333871,0.26905681557178968,0.5535714285714286,0.73928571428571432,0.53633060587894277,0.023944265022549538,0.018118518563922936,True,microsoft/phi-4,0.46964002283912371,-0.066690583039819062,0.0099202480054933484,False,,,False,0.37965769506466102,0.15584372861804571
google/gemma-3-12b-it,irrelevant_context,20260833,128,vector_fitted,0.54184159565346079,0.26847260197528239,0.56785714285714284,0.74642857142857144,0.53633060587894277,0.023944265022549538,0.018118518563922936,True,microsoft/phi-4,0.46964002283912371,-0.066690583039819062,0.0099202480054933484,False,,,False,0.37965769506466102,0.15584372861804571
google/gemma-3-12b-it,irrelevant_context,20260833,256,vector_fitted,0.54206045666256764,0.26719540170314843,0.54880952380952375,0.7321428571428571,0.53633060587894277,0.023944265022549538,0.018118518563922936,True,microsoft/phi-4,0.46964002283912371,-0.066690583039819062,0.0099202480054933484,False,,,False,0.37965769506466102,0.15584372861804571
google/gemma-3-12b-it,irrelevant_context,20260833,512,vector_fitted,0.53903329606394812,0.26488544615463361,0.55000000000000004,0.73690476190476184,0.53633060587894277,0.023944265022549538,0.018118518563922936,True,microsoft/phi-4,0.46964002283912371,-0.066690583039819062,0.0099202480054933484,False,,,False,0.37965769506466102,0.15584372861804571
google/gemma-3-12b-it,irrelevant_context,20260834,0,scalar_fitted,0.5260268398609268,0.2659399665872958,0.54642857142857137,0.75,0.54419770701011905,0.021103052962147539,0.012358201859478612,True,microsoft/phi-4,0.46418076979361561,-0.080016937216503436,0.025491657236159315,False,,,False,0.29292348384967748,0.12270229823151196
google/gemma-3-12b-it,irrelevant_context,20260834,64,scalar_fitted,0.54065995182669113,0.2696643457983055,0.5619047619047618,0.76190476190476197,0.54419770701011905,0.021103052962147539,0.012358201859478612,True,microsoft/phi-4,0.46418076979361561,-0.080016937216503436,0.025491657236159315,False,,,False,0.29292348384967748,0.12270229823151196
google/gemma-3-12b-it,irrelevant_context,20260834,128,scalar_fitted,0.55342032182879852,0.27820780429333231,0.54880952380952375,0.75,0.54419770701011905,0.021103052962147539,0.012358201859478612,True,microsoft/phi-4,0.46418076979361561,-0.080016937216503436,0.025491657236159315,False,,,False,0.29292348384967748,0.12270229823151196
google/gemma-3-12b-it,irrelevant_context,20260834,256,scalar_fitted,0.55375152871110478,0.2765071674814365,0.5357142857142857,0.73095238095238102,0.54419770701011905,0.021103052962147539,0.012358201859478612,True,microsoft/phi-4,0.46418076979361561,-0.080016937216503436,0.025491657236159315,False,,,False,0.29292348384967748,0.12270229823151196
google/gemma-3-12b-it,irrelevant_context,20260834,512,scalar_fitted,0.54712989282307434,0.27266787712818785,0.54285714285714282,0.7416666666666667,0.54419770701011905,0.021103052962147539,0.012358201859478612,True,microsoft/phi-4,0.46418076979361561,-0.080016937216503436,0.025491657236159315,False,,,False,0.29292348384967748,0.12270229823151196
google/gemma-3-12b-it,irrelevant_context,20260834,0,vector_fitted,0.51875749948562999,0.26080286927484891,0.54642857142857137,0.73571428571428577,0.53638873968256118,0.020335110151468161,0.012358201859478612,True,microsoft/phi-4,0.46418076979361561,-0.072207969888945567,0.025491657236159315,False,,,False,0.29292348384967748,0.12270229823151196
google/gemma-3-12b-it,irrelevant_context,20260834,64,vector_fitted,0.53357954265306273,0.26486435269249475,0.5619047619047618,0.75357142857142856,0.53638873968256118,0.020335110151468161,0.012358201859478612,True,microsoft/phi-4,0.46418076979361561,-0.072207969888945567,0.025491657236159315,False,,,False,0.29292348384967748,0.12270229823151196
google/gemma-3-12b-it,irrelevant_context,20260834,128,vector_fitted,0.54534152112026868,0.27266820365696859,0.55238095238095231,0.74285714285714288,0.53638873968256118,0.020335110151468161,0.012358201859478612,True,microsoft/phi-4,0.46418076979361561,-0.072207969888945567,0.025491657236159315,False,,,False,0.29292348384967748,0.12270229823151196
google/gemma-3-12b-it,irrelevant_context,20260834,256,vector_fitted,0.54517252551674622,0.27081495448950521,0.53928571428571426,0.7321428571428571,0.53638873968256118,0.020335110151468161,0.012358201859478612,True,microsoft/phi-4,0.46418076979361561,-0.072207969888945567,0.025491657236159315,False,,,False,0.29292348384967748,0.12270229823151196
google/gemma-3-12b-it,irrelevant_context,20260834,512,vector_fitted,0.53909260963709815,0.26716252921889555,0.54642857142857137,0.73571428571428577,0.53638873968256118,0.020335110151468161,0.012358201859478612,True,microsoft/phi-4,0.46418076979361561,-0.072207969888945567,0.025491657236159315,False,,,False,0.29292348384967748,0.12270229823151196
google/gemma-3-12b-it,irrelevant_context,20260835,0,scalar_fitted,0.5280641822338451,0.27215870211827281,0.51071428571428568,0.73928571428571432,0.5520056254557445,0.024709740896346477,0.016384431443270564,True,microsoft/phi-4,0.50738180022221568,-0.044623825233528813,0.0087634886102772036,False,,,False,0.2409161061982279,0.10973731349666876
google/gemma-3-12b-it,irrelevant_context,20260835,64,scalar_fitted,0.55403820140044446,0.28141192643878093,0.51428571428571423,0.73095238095238102,0.5520056254557445,0.024709740896346477,0.016384431443270564,True,microsoft/phi-4,0.50738180022221568,-0.044623825233528813,0.0087634886102772036,False,,,False,0.2409161061982279,0.10973731349666876
google/gemma-3-12b-it,irrelevant_context,20260835,128,scalar_fitted,0.56104575844186966,0.28647773866533122,0.49285714285714288,0.7142857142857143,0.5520056254557445,0.024709740896346477,0.016384431443270564,True,microsoft/phi-4,0.50738180022221568,-0.044623825233528813,0.0087634886102772036,False,,,False,0.2409161061982279,0.10973731349666876
google/gemma-3-12b-it,irrelevant_context,20260835,256,scalar_fitted,0.56410606207237157,0.28576184363566443,0.47976190476190467,0.70476190476190481,0.5520056254557445,0.024709740896346477,0.016384431443270564,True,microsoft/phi-4,0.50738180022221568,-0.044623825233528813,0.0087634886102772036,False,,,False,0.2409161061982279,0.10973731349666876
google/gemma-3-12b-it,irrelevant_context,20260835,512,scalar_fitted,0.55277392313019158,0.27831947907856908,0.50238095238095248,0.70714285714285718,0.5520056254557445,0.024709740896346477,0.016384431443270564,True,microsoft/phi-4,0.50738180022221568,-0.044623825233528813,0.0087634886102772036,False,,,False,0.2409161061982279,0.10973731349666876
google/gemma-3-12b-it,irrelevant_context,20260835,0,vector_fitted,0.53125746646704908,0.27193841313985451,0.50714285714285712,0.73928571428571432,0.55292163317165688,0.021015417750674947,0.016384431443270564,True,microsoft/phi-4,0.50738180022221568,-0.045539832949441195,0.0087634886102772036,False,,,False,0.2409161061982279,0.10973731349666876
google/gemma-3-12b-it,irrelevant_context,20260835,64,vector_fitted,0.5548173777447104,0.2803574540294918,0.51428571428571423,0.73452380952380947,0.55292163317165688,0.021015417750674947,0.016384431443270564,True,microsoft/phi-4,0.50738180022221568,-0.045539832949441195,0.0087634886102772036,False,,,False,0.2409161061982279,0.10973731349666876
google/gemma-3-12b-it,irrelevant_context,20260835,128,vector_fitted,0.56208250002951599,0.28546988744740459,0.5,0.7142857142857143,0.55292163317165688,0.021015417750674947,0.016384431443270564,True,microsoft/phi-4,0.50738180022221568,-0.045539832949441195,0.0087634886102772036,False,,,False,0.2409161061982279,0.10973731349666876
google/gemma-3-12b-it,irrelevant_context,20260835,256,vector_fitted,0.56417793739928512,0.28449425283425894,0.48333333333333328,0.70952380952380956,0.55292163317165688,0.021015417750674947,0.016384431443270564,True,microsoft/phi-4,0.50738180022221568,-0.045539832949441195,0.0087634886102772036,False,,,False,0.2409161061982279,0.10973731349666876
google/gemma-3-12b-it,irrelevant_context,20260835,512,vector_fitted,0.55227288421772402,0.27663007660097411,0.51071428571428568,0.72142857142857142,0.55292163317165688,0.021015417750674947,0.016384431443270564,True,microsoft/phi-4,0.50738180022221568,-0.045539832949441195,0.0087634886102772036,False,,,False,0.2409161061982279,0.10973731349666876
google/gemma-3-12b-it,irrelevant_context,20260836,0,scalar_fitted,0.52720719850677655,0.26403804536670988,0.52857142857142858,0.7678571428571429,0.5569454276342698,0.035953599956415561,0.02410613267332784,True,microsoft/phi-4,0.47158683766380943,-0.085358589970460363,-0.004880352068436955,True,,,False,0.42270455394168821,0.17154465762479559
google/gemma-3-12b-it,irrelevant_context,20260836,64,scalar_fitted,0.55925826484180086,0.28121417052251435,0.52738095238095239,0.74047619047619051,0.5569454276342698,0.035953599956415561,0.02410613267332784,True,microsoft/phi-4,0.47158683766380943,-0.085358589970460363,-0.004880352068436955,True,,,False,0.42270455394168821,0.17154465762479559
google/gemma-3-12b-it,irrelevant_context,20260836,128,scalar_fitted,0.56655064095594576,0.28659724194450292,0.5261904761904761,0.75476190476190474,0.5569454276342698,0.035953599956415561,0.02410613267332784,True,microsoft/phi-4,0.47158683766380943,-0.085358589970460363,-0.004880352068436955,True,,,False,0.42270455394168821,0.17154465762479559
google/gemma-3-12b-it,irrelevant_context,20260836,256,scalar_fitted,0.56855023540363381,0.28580352142562726,0.50595238095238093,0.7321428571428571,0.5569454276342698,0.035953599956415561,0.02410613267332784,True,microsoft/phi-4,0.47158683766380943,-0.085358589970460363,-0.004880352068436955,True,,,False,0.42270455394168821,0.17154465762479559
google/gemma-3-12b-it,irrelevant_context,20260836,512,scalar_fitted,0.56316079846319211,0.28179604240754375,0.50476190476190474,0.72738095238095235,0.5569454276342698,0.035953599956415561,0.02410613267332784,True,microsoft/phi-4,0.47158683766380943,-0.085358589970460363,-0.004880352068436955,True,,,False,0.42270455394168821,0.17154465762479559
google/gemma-3-12b-it,irrelevant_context,20260836,0,vector_fitted,0.52123824156595799,0.25909350845110179,0.53928571428571426,0.78928571428571426,0.54701873245605914,0.030023242212611323,0.02410613267332784,True,microsoft/phi-4,0.47158683766380943,-0.07543189479224971,-0.004880352068436955,True,,,False,0.42270455394168821,0.17154465762479559
google/gemma-3-12b-it,irrelevant_context,20260836,64,vector_fitted,0.54999904446848968,0.27371599878075847,0.53333333333333321,0.76190476190476197,0.54701873245605914,0.030023242212611323,0.02410613267332784,True,microsoft/phi-4,0.47158683766380943,-0.07543189479224971,-0.004880352068436955,True,,,False,0.42270455394168821,0.17154465762479559
google/gemma-3-12b-it,irrelevant_context,20260836,128,vector_fitted,0.55532081718041337,0.27872610249161461,0.54285714285714282,0.7678571428571429,0.54701873245605914,0.030023242212611323,0.02410613267332784,True,microsoft/phi-4,0.47158683766380943,-0.07543189479224971,-0.004880352068436955,True,,,False,0.42270455394168821,0.17154465762479559
google/gemma-3-12b-it,irrelevant_context,20260836,256,vector_fitted,0.5572740752868649,0.27788424458446093,0.51309523809523805,0.74404761904761896,0.54701873245605914,0.030023242212611323,0.02410613267332784,True,microsoft/phi-4,0.47158683766380943,-0.07543189479224971,-0.004880352068436955,True,,,False,0.42270455394168821,0.17154465762479559
google/gemma-3-12b-it,irrelevant_context,20260836,512,vector_fitted,0.55126148377856932,0.27387480972083234,0.51547619047619042,0.74285714285714288,0.54701873245605914,0.030023242212611323,0.02410613267332784,True,microsoft/phi-4,0.47158683766380943,-0.07543189479224971,-0.004880352068436955,True,,,False,0.42270455394168821,0.17154465762479559
google/gemma-3-12b-it,irrelevant_context,20260837,0,scalar_fitted,0.53026202403239553,0.26500230476706782,0.53214285714285714,0.77142857142857146,0.56710042347785561,0.050542899533278729,0.025026577064132027,True,microsoft/phi-4,0.4852588994303943,-0.081841524047461311,0.0028537717512638339,False,,,False,0.37949225577533069,0.16432738700271368
google/gemma-3-12b-it,irrelevant_context,20260837,64,scalar_fitted,0.56735139918766242,0.28433347652945234,0.5357142857142857,0.75952380952380949,0.56710042347785561,0.050542899533278729,0.025026577064132027,True,microsoft/phi-4,0.4852588994303943,-0.081841524047461311,0.0028537717512638339,False,,,False,0.37949225577533069,0.16432738700271368
google/gemma-3-12b-it,irrelevant_context,20260837,128,scalar_fitted,0.57455531921532688,0.28887639049020675,0.52976190476190466,0.74523809523809526,0.56710042347785561,0.050542899533278729,0.025026577064132027,True,microsoft/phi-4,0.4852588994303943,-0.081841524047461311,0.0028537717512638339,False,,,False,0.37949225577533069,0.16432738700271368
google/gemma-3-12b-it,irrelevant_context,20260837,256,scalar_fitted,0.58252845138821929,0.29177559191532876,0.50952380952380949,0.74404761904761896,0.56710042347785561,0.050542899533278729,0.025026577064132027,True,microsoft/phi-4,0.4852588994303943,-0.081841524047461311,0.0028537717512638339,False,,,False,0.37949225577533069,0.16432738700271368
google/gemma-3-12b-it,irrelevant_context,20260837,512,scalar_fitted,0.58080492356567426,0.2919972943452302,0.50357142857142856,0.75,0.56710042347785561,0.050542899533278729,0.025026577064132027,True,microsoft/phi-4,0.4852588994303943,-0.081841524047461311,0.0028537717512638339,False,,,False,0.37949225577533069,0.16432738700271368
google/gemma-3-12b-it,irrelevant_context,20260837,0,vector_fitted,0.52291099194653856,0.26091675900617234,0.52500000000000002,0.7678571428571429,0.5550879204819511,0.043937401539492216,0.025026577064132027,True,microsoft/phi-4,0.4852588994303943,-0.069829021051556805,0.0028537717512638339,False,,,False,0.37949225577533069,0.16432738700271368
google/gemma-3-12b-it,irrelevant_context,20260837,64,vector_fitted,0.5549995707788461,0.27722046853311527,0.54285714285714282,0.76904761904761898,0.5550879204819511,0.043937401539492216,0.025026577064132027,True,microsoft/phi-4,0.4852588994303943,-0.069829021051556805,0.0028537717512638339,False,,,False,0.37949225577533069,0.16432738700271368
google/gemma-3-12b-it,irrelevant_context,20260837,128,vector_fitted,0.56118697924253824,0.28160667820644342,0.544047619047619,0.75357142857142856,0.5550879204819511,0.043937401539492216,0.025026577064132027,True,microsoft/phi-4,0.4852588994303943,-0.069829021051556805,0.0028537717512638339,False,,,False,0.37949225577533069,0.16432738700271368
google/gemma-3-12b-it,irrelevant_context,20260837,256,vector_fitted,0.56949366695580184,0.28440707712276736,0.51547619047619053,0.74880952380952381,0.5550879204819511,0.043937401539492216,0.025026577064132027,True,microsoft/phi-4,0.4852588994303943,-0.069829021051556805,0.0028537717512638339,False,,,False,0.37949225577533069,0.16432738700271368
google/gemma-3-12b-it,irrelevant_context,20260837,512,vector_fitted,0.56684839348603078,0.28452103216149432,0.51547619047619042,0.75,0.5550879204819511,0.043937401539492216,0.025026577064132027,True,microsoft/phi-4,0.4852588994303943,-0.069829021051556805,0.0028537717512638339,False,,,False,0.37949225577533069,0.16432738700271368
ibm-granite/granite-3.3-8b-instruct,content_deletion,20260828,0,scalar_fitted,0.46483191936848822,0.20285608335925645,0.5357142857142857,0.77500000000000002,0.48312617235094046,0.02894831688174665,-0.0018052766247552698,False,mistralai/Mistral-Nemo-Instruct-2407,0.51195192665758937,0.02882575430664891,0.012877792018228751,True,,,False,0.26931638111643291,0.12122398355307339
ibm-granite/granite-3.3-8b-instruct,content_deletion,20260828,0.10000000000000001,scalar_fitted,0.48079293573832699,0.20774919687847745,0.51309523809523805,0.76904761904761909,0.48312617235094046,0.02894831688174665,-0.0018052766247552698,False,mistralai/Mistral-Nemo-Instruct-2407,0.51195192665758937,0.02882575430664891,0.012877792018228751,True,,,False,0.26931638111643291,0.12122398355307339
ibm-granite/granite-3.3-8b-instruct,content_deletion,20260828,0.20000000000000001,scalar_fitted,0.48496308556575735,0.20942156608134721,0.50357142857142856,0.79285714285714282,0.48312617235094046,0.02894831688174665,-0.0018052766247552698,False,mistralai/Mistral-Nemo-Instruct-2407,0.51195192665758937,0.02882575430664891,0.012877792018228751,True,,,False,0.26931638111643291,0.12122398355307339
ibm-granite/granite-3.3-8b-instruct,content_deletion,20260828,0.29999999999999999,scalar_fitted,0.49126268483189495,0.2104061883997233,0.50595238095238093,0.77976190476190477,0.48312617235094046,0.02894831688174665,-0.0018052766247552698,False,mistralai/Mistral-Nemo-Instruct-2407,0.51195192665758937,0.02882575430664891,0.012877792018228751,True,,,False,0.26931638111643291,0.12122398355307339
ibm-granite/granite-3.3-8b-instruct,content_deletion,20260828,0.40000000000000002,scalar_fitted,0.49378023625023487,0.21159177240746052,0.4904761904761904,0.76904761904761898,0.48312617235094046,0.02894831688174665,-0.0018052766247552698,False,mistralai/Mistral-Nemo-Instruct-2407,0.51195192665758937,0.02882575430664891,0.012877792018228751,True,,,False,0.26931638111643291,0.12122398355307339
ibm-granite/granite-3.3-8b-instruct,content_deletion,20260828,0,vector_fitted,0.46151338654580615,0.20099001121595961,0.55000000000000004,0.7678571428571429,0.48033680887418306,0.030295381058574766,-0.0018052766247552698,False,mistralai/Mistral-Nemo-Instruct-2407,0.51195192665758937,0.03161511778340631,0.012877792018228751,True,,,False,0.26931638111643291,0.12122398355307339
ibm-granite/granite-3.3-8b-instruct,content_deletion,20260828,0.10000000000000001,vector_fitted,0.47769822190780614,0.20548188718819838,0.51666666666666661,0.75833333333333341,0.48033680887418306,0.030295381058574766,-0.0018052766247552698,False,mistralai/Mistral-Nemo-Instruct-2407,0.51195192665758937,0.03161511778340631,0.012877792018228751,True,,,False,0.26931638111643291,0.12122398355307339
ibm-granite/granite-3.3-8b-instruct,content_deletion,20260828,0.20000000000000001,vector_fitted,0.48101492081072966,0.20669431950013692,0.52380952380952372,0.7857142857142857,0.48033680887418306,0.030295381058574766,-0.0018052766247552698,False,mistralai/Mistral-Nemo-Instruct-2407,0.51195192665758937,0.03161511778340631,0.012877792018228751,True,,,False,0.26931638111643291,0.12122398355307339
ibm-granite/granite-3.3-8b-instruct,content_deletion,20260828,0.29999999999999999,vector_fitted,0.48964874750219262,0.20880178823168494,0.52023809523809517,0.77976190476190477,0.48033680887418306,0.030295381058574766,-0.0018052766247552698,False,mistralai/Mistral-Nemo-Instruct-2407,0.51195192665758937,0.03161511778340631,0.012877792018228751,True,,,False,0.26931638111643291,0.12122398355307339
ibm-granite/granite-3.3-8b-instruct,content_deletion,20260828,0.40000000000000002,vector_fitted,0.49180876760438091,0.20991346674694142,0.51428571428571423,0.77380952380952384,0.48033680887418306,0.030295381058574766,-0.0018052766247552698,False,mistralai/Mistral-Nemo-Instruct-2407,0.51195192665758937,0.03161511778340631,0.012877792018228751,True,,,False,0.26931638111643291,0.12122398355307339
ibm-granite/granite-3.3-8b-instruct,content_deletion,20260829,0,scalar_fitted,0.45612750394071255,0.20229372669534262,0.56071428571428572,0.77857142857142858,0.45376684689542757,0.00062698513878961526,-0.011200000913065111,False,mistralai/Mistral-Nemo-Instruct-2407,0.47065511780646646,0.016888270911038894,0.02339287792030445,True,,,False,0.3557040174786722,0.1565175353057518
ibm-granite/granite-3.3-8b-instruct,content_deletion,20260829,0.10000000000000001,scalar_fitted,0.45235714656153275,0.19605333785800663,0.55000000000000004,0.76547619047619053,0.45376684689542757,0.00062698513878961526,-0.011200000913065111,False,mistralai/Mistral-Nemo-Instruct-2407,0.47065511780646646,0.016888270911038894,0.02339287792030445,True,,,False,0.3557040174786722,0.1565175353057518
ibm-granite/granite-3.3-8b-instruct,content_deletion,20260829,0.20000000000000001,scalar_fitted,0.44590107883377617,0.18947883149687317,0.56309523809523809,0.79047619047619055,0.45376684689542757,0.00062698513878961526,-0.011200000913065111,False,mistralai/Mistral-Nemo-Instruct-2407,0.47065511780646646,0.016888270911038894,0.02339287792030445,True,,,False,0.3557040174786722,0.1565175353057518
ibm-granite/granite-3.3-8b-instruct,content_deletion,20260829,0.29999999999999999,scalar_fitted,0.45769401606161397,0.19643380444477693,0.52738095238095239,0.77261904761904765,0.45376684689542757,0.00062698513878961526,-0.011200000913065111,False,mistralai/Mistral-Nemo-Instruct-2407,0.47065511780646646,0.016888270911038894,0.02339287792030445,True,,,False,0.3557040174786722,0.1565175353057518
ibm-granite/granite-3.3-8b-instruct,content_deletion,20260829,0.40000000000000002,scalar_fitted,0.45675448907950217,0.19509692373529205,0.54404761904761911,0.77500000000000002,0.45376684689542757,0.00062698513878961526,-0.011200000913065111,False,mistralai/Mistral-Nemo-Instruct-2407,0.47065511780646646,0.016888270911038894,0.02339287792030445,True,,,False,0.3557040174786722,0.1565175353057518
ibm-granite/granite-3.3-8b-instruct,content_deletion,20260829,0,vector_fitted,0.45389785356815954,0.20030775616685667,0.55714285714285716,0.75357142857142856,0.45347037046962074,0.0036399559142211158,-0.011200000913065111,False,mistralai/Mistral-Nemo-Instruct-2407,0.47065511780646646,0.017184747336845718,0.02339287792030445,True,,,False,0.3557040174786722,0.1565175353057518
ibm-granite/granite-3.3-8b-instruct,content_deletion,20260829,0.10000000000000001,vector_fitted,0.45170769037397335,0.19482683704465065,0.5535714285714286,0.76904761904761898,0.45347037046962074,0.0036399559142211158,-0.011200000913065111,False,mistralai/Mistral-Nemo-Instruct-2407,0.47065511780646646,0.017184747336845718,0.02339287792030445,True,,,False,0.3557040174786722,0.1565175353057518
ibm-granite/granite-3.3-8b-instruct,content_deletion,20260829,0.20000000000000001,vector_fitted,0.44528016531398329,0.18850904810559801,0.5714285714285714,0.78928571428571437,0.45347037046962074,0.0036399559142211158,-0.011200000913065111,False,mistralai/Mistral-Nemo-Instruct-2407,0.47065511780646646,0.017184747336845718,0.02339287792030445,True,,,False,0.3557040174786722,0.1565175353057518
ibm-granite/granite-3.3-8b-instruct,content_deletion,20260829,0.29999999999999999,vector_fitted,0.45892833360960678,0.19650923736236234,0.53809523809523807,0.77023809523809517,0.45347037046962074,0.0036399559142211158,-0.011200000913065111,False,mistralai/Mistral-Nemo-Instruct-2407,0.47065511780646646,0.017184747336845718,0.02339287792030445,True,,,False,0.3557040174786722,0.1565175353057518
ibm-granite/granite-3.3-8b-instruct,content_deletion,20260829,0.40000000000000002,vector_fitted,0.45753780948238065,0.19451331054020327,0.54761904761904756,0.77261904761904754,0.45347037046962074,0.0036399559142211158,-0.011200000913065111,False,mistralai/Mistral-Nemo-Instruct-2407,0.47065511780646646,0.017184747336845718,0.02339287792030445,True,,,False,0.3557040174786722,0.1565175353057518
ibm-granite/granite-3.3-8b-instruct,content_deletion,20260830,0,scalar_fitted,0.47051700375445993,0.20542306477251765,0.54285714285714282,0.79642857142857137,0.47410913368989699,0.0041879116964299024,-0.018852837908824222,False,mistralai/Mistral-Nemo-Instruct-2407,0.51077271479571695,0.036663581105819965,0.013914217921919853,True,,,False,0.34357122506132853,0.15461899291501957
ibm-granite/granite-3.3-8b-instruct,content_deletion,20260830,0.10000000000000001,scalar_fitted,0.47913784238766938,0.2068943279888405,0.4952380952380952,0.76904761904761909,0.47410913368989699,0.0041879116964299024,-0.018852837908824222,False,mistralai/Mistral-Nemo-Instruct-2407,0.51077271479571695,0.036663581105819965,0.013914217921919853,True,,,False,0.34357122506132853,0.15461899291501957
ibm-granite/granite-3.3-8b-instruct,content_deletion,20260830,0.20000000000000001,scalar_fitted,0.47071816500566133,0.20011891731501358,0.50476190476190474,0.79642857142857137,0.47410913368989699,0.0041879116964299024,-0.018852837908824222,False,mistralai/Mistral-Nemo-Instruct-2407,0.51077271479571695,0.036663581105819965,0.013914217921919853,True,,,False,0.34357122506132853,0.15461899291501957
ibm-granite/granite-3.3-8b-instruct,content_deletion,20260830,0.29999999999999999,scalar_fitted,0.47546774185080454,0.20076011803994084,0.5,0.79285714285714282,0.47410913368989699,0.0041879116964299024,-0.018852837908824222,False,mistralai/Mistral-Nemo-Instruct-2407,0.51077271479571695,0.036663581105819965,0.013914217921919853,True,,,False,0.34357122506132853,0.15461899291501957
ibm-granite/granite-3.3-8b-instruct,content_deletion,20260830,0.40000000000000002,scalar_fitted,0.47470491545088983,0.20016254756756321,0.51071428571428568,0.79642857142857137,0.47410913368989699,0.0041879116964299024,-0.018852837908824222,False,mistralai/Mistral-Nemo-Instruct-2407,0.51077271479571695,0.036663581105819965,0.013914217921919853,True,,,False,0.34357122506132853,0.15461899291501957
ibm-granite/granite-3.3-8b-instruct,content_deletion,20260830,0,vector_fitted,0.46805464925755391,0.20189024606096884,0.55000000000000004,0.79285714285714282,0.47256217407811868,0.0065393860923739777,-0.018852837908824222,False,mistralai/Mistral-Nemo-Instruct-2407,0.51077271479571695,0.038210540717598274,0.013914217921919853,True,,,False,0.34357122506132853,0.15461899291501957
ibm-granite/granite-3.3-8b-instruct,content_deletion,20260830,0.10000000000000001,vector_fitted,0.47620647118422366,0.20343080849506992,0.50595238095238093,0.77500000000000002,0.47256217407811868,0.0065393860923739777,-0.018852837908824222,False,mistralai/Mistral-Nemo-Instruct-2407,0.51077271479571695,0.038210540717598274,0.013914217921919853,True,,,False,0.34357122506132853,0.15461899291501957
ibm-granite/granite-3.3-8b-instruct,content_deletion,20260830,0.20000000000000001,vector_fitted,0.46844664425512428,0.19752030491025785,0.5178571428571429,0.80119047619047623,0.47256217407811868,0.0065393860923739777,-0.018852837908824222,False,mistralai/Mistral-Nemo-Instruct-2407,0.51077271479571695,0.038210540717598274,0.013914217921919853,True,,,False,0.34357122506132853,0.15461899291501957
ibm-granite/granite-3.3-8b-instruct,content_deletion,20260830,0.29999999999999999,vector_fitted,0.4755090703437635,0.19912853608938713,0.50595238095238093,0.7952380952380953,0.47256217407811868,0.0065393860923739777,-0.018852837908824222,False,mistralai/Mistral-Nemo-Instruct-2407,0.51077271479571695,0.038210540717598274,0.013914217921919853,True,,,False,0.34357122506132853,0.15461899291501957
ibm-granite/granite-3.3-8b-instruct,content_deletion,20260830,0.40000000000000002,vector_fitted,0.47459403534992789,0.19850760813470861,0.52023809523809517,0.80119047619047623,0.47256217407811868,0.0065393860923739777,-0.018852837908824222,False,mistralai/Mistral-Nemo-Instruct-2407,0.51077271479571695,0.038210540717598274,0.013914217921919853,True,,,False,0.34357122506132853,0.15461899291501957
ibm-granite/granite-3.3-8b-instruct,content_deletion,20260831,0,scalar_fitted,0.4757080443852309,0.21127461581379497,0.50714285714285712,0.7678571428571429,0.47937065686471714,0.0073515591670364477,-0.020009614109338547,False,mistralai/Mistral-Nemo-Instruct-2407,0.51664241382971376,0.037271756964996627,0.0088410501286153298,True,,,False,0.2535122624187392,0.10538209405045557
ibm-granite/granite-3.3-8b-instruct,content_deletion,20260831,0.10000000000000001,scalar_fitted,0.4843483552831479,0.21287474385365709,0.49761904761904757,0.76666666666666672,0.47937065686471714,0.0073515591670364477,-0.020009614109338547,False,mistralai/Mistral-Nemo-Instruct-2407,0.51664241382971376,0.037271756964996627,0.0088410501286153298,True,,,False,0.2535122624187392,0.10538209405045557
ibm-granite/granite-3.3-8b-instruct,content_deletion,20260831,0.20000000000000001,scalar_fitted,0.47596616861533203,0.20634113089751699,0.51666666666666661,0.78690476190476188,0.47937065686471714,0.0073515591670364477,-0.020009614109338547,False,mistralai/Mistral-Nemo-Instruct-2407,0.51664241382971376,0.037271756964996627,0.0088410501286153298,True,,,False,0.2535122624187392,0.10538209405045557
ibm-granite/granite-3.3-8b-instruct,content_deletion,20260831,0.29999999999999999,scalar_fitted,0.47777111248760756,0.20603237603080293,0.51071428571428568,0.78690476190476188,0.47937065686471714,0.0073515591670364477,-0.020009614109338547,False,mistralai/Mistral-Nemo-Instruct-2407,0.51664241382971376,0.037271756964996627,0.0088410501286153298,True,,,False,0.2535122624187392,0.10538209405045557
ibm-granite/granite-3.3-8b-instruct,content_deletion,20260831,0.40000000000000002,scalar_fitted,0.48305960355226735,0.20956790906961606,0.51904761904761898,0.7952380952380953,0.47937065686471714,0.0073515591670364477,-0.020009614109338547,False,mistralai/Mistral-Nemo-Instruct-2407,0.51664241382971376,0.037271756964996627,0.0088410501286153298,True,,,False,0.2535122624187392,0.10538209405045557
ibm-granite/granite-3.3-8b-instruct,content_deletion,20260831,0,vector_fitted,0.47546405465846348,0.21021470292288247,0.50357142857142856,0.73571428571428577,0.48026813007034336,0.0099206249898726173,-0.020009614109338547,False,mistralai/Mistral-Nemo-Instruct-2407,0.51664241382971376,0.036374283759370407,0.0088410501286153298,True,,,False,0.2535122624187392,0.10538209405045557
ibm-granite/granite-3.3-8b-instruct,content_deletion,20260831,0.10000000000000001,vector_fitted,0.48441305462488427,0.21188732657182613,0.50119047619047608,0.76309523809523816,0.48026813007034336,0.0099206249898726173,-0.020009614109338547,False,mistralai/Mistral-Nemo-Instruct-2407,0.51664241382971376,0.036374283759370407,0.0088410501286153298,True,,,False,0.2535122624187392,0.10538209405045557
ibm-granite/granite-3.3-8b-instruct,content_deletion,20260831,0.20000000000000001,vector_fitted,0.4762983493718782,0.20556562634259276,0.52261904761904754,0.79047619047619044,0.48026813007034336,0.0099206249898726173,-0.020009614109338547,False,mistralai/Mistral-Nemo-Instruct-2407,0.51664241382971376,0.036374283759370407,0.0088410501286153298,True,,,False,0.2535122624187392,0.10538209405045557
ibm-granite/granite-3.3-8b-instruct,content_deletion,20260831,0.29999999999999999,vector_fitted,0.47978051204815458,0.20590272460101414,0.53452380952380962,0.79285714285714282,0.48026813007034336,0.0099206249898726173,-0.020009614109338547,False,mistralai/Mistral-Nemo-Instruct-2407,0.51664241382971376,0.036374283759370407,0.0088410501286153298,True,,,False,0.2535122624187392,0.10538209405045557
ibm-granite/granite-3.3-8b-instruct,content_deletion,20260831,0.40000000000000002,vector_fitted,0.48538467964833609,0.20982892127802844,0.52976190476190477,0.79880952380952375,0.48026813007034336,0.0099206249898726173,-0.020009614109338547,False,mistralai/Mistral-Nemo-Instruct-2407,0.51664241382971376,0.036374283759370407,0.0088410501286153298,True,,,False,0.2535122624187392,0.10538209405045557
ibm-granite/granite-3.3-8b-instruct,content_deletion,20260832,0,scalar_fitted,0.46692904817145425,0.20226796902718402,0.53214285714285714,0.8035714285714286,0.47349429326945069,0.013196146244036533,-0.0096711763496502845,False,mistralai/Mistral-Nemo-Instruct-2407,0.50577722147663651,0.032282928207185813,0.014070367052861965,True,,,False,0.24949040221856786,0.12805043938747668
ibm-granite/granite-3.3-8b-instruct,content_deletion,20260832,0.10000000000000001,scalar_fitted,0.46489924213818562,0.19981242206440744,0.51190476190476186,0.78333333333333321,0.47349429326945069,0.013196146244036533,-0.0096711763496502845,False,mistralai/Mistral-Nemo-Instruct-2407,0.50577722147663651,0.032282928207185813,0.014070367052861965,True,,,False,0.24949040221856786,0.12805043938747668
ibm-granite/granite-3.3-8b-instruct,content_deletion,20260832,0.20000000000000001,scalar_fitted,0.47578193593961354,0.20477904622419688,0.50119047619047608,0.77976190476190477,0.47349429326945069,0.013196146244036533,-0.0096711763496502845,False,mistralai/Mistral-Nemo-Instruct-2407,0.50577722147663651,0.032282928207185813,0.014070367052861965,True,,,False,0.24949040221856786,0.12805043938747668
ibm-granite/granite-3.3-8b-instruct,content_deletion,20260832,0.29999999999999999,scalar_fitted,0.47973604568250899,0.20598323727822573,0.51547619047619053,0.79285714285714282,0.47349429326945069,0.013196146244036533,-0.0096711763496502845,False,mistralai/Mistral-Nemo-Instruct-2407,0.50577722147663651,0.032282928207185813,0.014070367052861965,True,,,False,0.24949040221856786,0.12805043938747668
ibm-granite/granite-3.3-8b-instruct,content_deletion,20260832,0.40000000000000002,scalar_fitted,0.48012519441549079,0.20565694741492987,0.52857142857142858,0.7857142857142857,0.47349429326945069,0.013196146244036533,-0.0096711763496502845,False,mistralai/Mistral-Nemo-Instruct-2407,0.50577722147663651,0.032282928207185813,0.014070367052861965,True,,,False,0.24949040221856786,0.12805043938747668
ibm-granite/granite-3.3-8b-instruct,content_deletion,20260832,0,vector_fitted,0.46476983238228886,0.19979697545194039,0.54285714285714282,0.79642857142857137,0.47271160808351587,0.016473967917032539,-0.0096711763496502845,False,mistralai/Mistral-Nemo-Instruct-2407,0.50577722147663651,0.033065613393120641,0.014070367052861965,True,,,False,0.24949040221856786,0.12805043938747668
ibm-granite/granite-3.3-8b-instruct,content_deletion,20260832,0.10000000000000001,vector_fitted,0.46339838096499886,0.19753248241842458,0.51904761904761898,0.78928571428571426,0.47271160808351587,0.016473967917032539,-0.0096711763496502845,False,mistralai/Mistral-Nemo-Instruct-2407,0.50577722147663651,0.033065613393120641,0.014070367052861965,True,,,False,0.24949040221856786,0.12805043938747668
ibm-granite/granite-3.3-8b-instruct,content_deletion,20260832,0.20000000000000001,vector_fitted,0.47440096711997248,0.20292393561975239,0.52380952380952372,0.79880952380952375,0.47271160808351587,0.016473967917032539,-0.0096711763496502845,False,mistralai/Mistral-Nemo-Instruct-2407,0.50577722147663651,0.033065613393120641,0.014070367052861965,True,,,False,0.24949040221856786,0.12805043938747668
ibm-granite/granite-3.3-8b-instruct,content_deletion,20260832,0.29999999999999999,vector_fitted,0.47974505965099762,0.20475058636769203,0.52261904761904754,0.79404761904761911,0.47271160808351587,0.016473967917032539,-0.0096711763496502845,False,mistralai/Mistral-Nemo-Instruct-2407,0.50577722147663651,0.033065613393120641,0.014070367052861965,True,,,False,0.24949040221856786,0.12805043938747668
ibm-granite/granite-3.3-8b-instruct,content_deletion,20260832,0.40000000000000002,vector_fitted,0.4812438002993214,0.20505595012064295,0.53214285714285714,0.79166666666666674,0.47271160808351587,0.016473967917032539,-0.0096711763496502845,False,mistralai/Mistral-Nemo-Instruct-2407,0.50577722147663651,0.033065613393120641,0.014070367052861965,True,,,False,0.24949040221856786,0.12805043938747668
ibm-granite/granite-3.3-8b-instruct,content_deletion,20260833,0,scalar_fitted,0.46797030307148274,0.2054228972923289,0.53214285714285714,0.76428571428571423,0.46510529557662739,-0.0081855696770820607,-0.03927037551757917,True,mistralai/Mistral-Nemo-Instruct-2407,0.49574477324684291,0.03063947767021552,0.0043814153181582771,True,,,False,0.43446756800220754,0.20100273886612396
ibm-granite/granite-3.3-8b-instruct,content_deletion,20260833,0.10000000000000001,scalar_fitted,0.47010440834267586,0.20433083330192328,0.51428571428571423,0.74880952380952381,0.46510529557662739,-0.0081855696770820607,-0.03927037551757917,True,mistralai/Mistral-Nemo-Instruct-2407,0.49574477324684291,0.03063947767021552,0.0043814153181582771,True,,,False,0.43446756800220754,0.20100273886612396
ibm-granite/granite-3.3-8b-instruct,content_deletion,20260833,0.20000000000000001,scalar_fitted,0.46573125955525452,0.19936418706280126,0.51547619047619042,0.77261904761904765,0.46510529557662739,-0.0081855696770820607,-0.03927037551757917,True,mistralai/Mistral-Nemo-Instruct-2407,0.49574477324684291,0.03063947767021552,0.0043814153181582771,True,,,False,0.43446756800220754,0.20100273886612396
ibm-granite/granite-3.3-8b-instruct,content_deletion,20260833,0.29999999999999999,scalar_fitted,0.46193577351932313,0.19680528322731067,0.49880952380952376,0.75833333333333341,0.46510529557662739,-0.0081855696770820607,-0.03927037551757917,True,mistralai/Mistral-Nemo-Instruct-2407,0.49574477324684291,0.03063947767021552,0.0043814153181582771,True,,,False,0.43446756800220754,0.20100273886612396
ibm-granite/granite-3.3-8b-instruct,content_deletion,20260833,0.40000000000000002,scalar_fitted,0.45978473339440068,0.19425497909384221,0.52380952380952372,0.77857142857142858,0.46510529557662739,-0.0081855696770820607,-0.03927037551757917,True,mistralai/Mistral-Nemo-Instruct-2407,0.49574477324684291,0.03063947767021552,0.0043814153181582771,True,,,False,0.43446756800220754,0.20100273886612396
ibm-granite/granite-3.3-8b-instruct,content_deletion,20260833,0,vector_fitted,0.47148413132991374,0.20451337659519117,0.5357142857142857,0.74285714285714288,0.46966721213799917,-0.0066109654904472626,-0.03927037551757917,True,mistralai/Mistral-Nemo-Instruct-2407,0.49574477324684291,0.026077561108843739,0.0043814153181582771,True,,,False,0.43446756800220754,0.20100273886612396
ibm-granite/granite-3.3-8b-instruct,content_deletion,20260833,0.10000000000000001,vector_fitted,0.47399439169163288,0.20440134426101345,0.51904761904761898,0.75476190476190474,0.46966721213799917,-0.0066109654904472626,-0.03927037551757917,True,mistralai/Mistral-Nemo-Instruct-2407,0.49574477324684291,0.026077561108843739,0.0043814153181582771,True,,,False,0.43446756800220754,0.20100273886612396
ibm-granite/granite-3.3-8b-instruct,content_deletion,20260833,0.20000000000000001,vector_fitted,0.46967452268802734,0.19994721405721927,0.52500000000000002,0.78095238095238106,0.46966721213799917,-0.0066109654904472626,-0.03927037551757917,True,mistralai/Mistral-Nemo-Instruct-2407,0.49574477324684291,0.026077561108843739,0.0043814153181582771,True,,,False,0.43446756800220754,0.20100273886612396
ibm-granite/granite-3.3-8b-instruct,content_deletion,20260833,0.29999999999999999,vector_fitted,0.46830984914095525,0.19797708260068636,0.51547619047619042,0.77261904761904765,0.46966721213799917,-0.0066109654904472626,-0.03927037551757917,True,mistralai/Mistral-Nemo-Instruct-2407,0.49574477324684291,0.026077561108843739,0.0043814153181582771,True,,,False,0.43446756800220754,0.20100273886612396
ibm-granite/granite-3.3-8b-instruct,content_deletion,20260833,0.40000000000000002,vector_fitted,0.46487316583946647,0.1946094885351142,0.53214285714285714,0.77976190476190477,0.46966721213799917,-0.0066109654904472626,-0.03927037551757917,True,mistralai/Mistral-Nemo-Instruct-2407,0.49574477324684291,0.026077561108843739,0.0043814153181582771,True,,,False,0.43446756800220754,0.20100273886612396
ibm-granite/granite-3.3-8b-instruct,content_deletion,20260834,0,scalar_fitted,0.46421349920664068,0.2010527883354763,0.52857142857142858,0.75,0.46950990881461252,0.011834164037718031,-0.010527226777110904,False,mistralai/Mistral-Nemo-Instruct-2407,0.50517463430017595,0.035664725485563431,-0.00079500083187913906,False,,,False,0.26506618207159105,0.12830159342759564
ibm-granite/granite-3.3-8b-instruct,content_deletion,20260834,0.10000000000000001,scalar_fitted,0.46510642746125713,0.19829293270395679,0.52738095238095239,0.7583333333333333,0.46950990881461252,0.011834164037718031,-0.010527226777110904,False,mistralai/Mistral-Nemo-Instruct-2407,0.50517463430017595,0.035664725485563431,-0.00079500083187913906,False,,,False,0.26506618207159105,0.12830159342759564
ibm-granite/granite-3.3-8b-instruct,content_deletion,20260834,0.20000000000000001,scalar_fitted,0.46508477108491086,0.19673082528004784,0.54047619047619044,0.79285714285714282,0.46950990881461252,0.011834164037718031,-0.010527226777110904,False,mistralai/Mistral-Nemo-Instruct-2407,0.50517463430017595,0.035664725485563431,-0.00079500083187913906,False,,,False,0.26506618207159105,0.12830159342759564
ibm-granite/granite-3.3-8b-instruct,content_deletion,20260834,0.29999999999999999,scalar_fitted,0.47709718307589527,0.20144274515236091,0.51547619047619042,0.78333333333333321,0.46950990881461252,0.011834164037718031,-0.010527226777110904,False,mistralai/Mistral-Nemo-Instruct-2407,0.50517463430017595,0.035664725485563431,-0.00079500083187913906,False,,,False,0.26506618207159105,0.12830159342759564
ibm-granite/granite-3.3-8b-instruct,content_deletion,20260834,0.40000000000000002,scalar_fitted,0.47604766324435871,0.20065920262926282,0.51904761904761898,0.78095238095238095,0.46950990881461252,0.011834164037718031,-0.010527226777110904,False,mistralai/Mistral-Nemo-Instruct-2407,0.50517463430017595,0.035664725485563431,-0.00079500083187913906,False,,,False,0.26506618207159105,0.12830159342759564
ibm-granite/granite-3.3-8b-instruct,content_deletion,20260834,0,vector_fitted,0.46671870200750659,0.20150460719345337,0.5178571428571429,0.72499999999999998,0.47184271370909753,0.010747313003148962,-0.010527226777110904,False,mistralai/Mistral-Nemo-Instruct-2407,0.50517463430017595,0.033331920591078423,-0.00079500083187913906,False,,,False,0.26506618207159105,0.12830159342759564
ibm-granite/granite-3.3-8b-instruct,content_deletion,20260834,0.10000000000000001,vector_fitted,0.4685450788387176,0.19961899226865945,0.52738095238095239,0.76309523809523816,0.47184271370909753,0.010747313003148962,-0.010527226777110904,False,mistralai/Mistral-Nemo-Instruct-2407,0.50517463430017595,0.033331920591078423,-0.00079500083187913906,False,,,False,0.26506618207159105,0.12830159342759564
ibm-granite/granite-3.3-8b-instruct,content_deletion,20260834,0.20000000000000001,vector_fitted,0.46767634333403346,0.19770429752519569,0.53809523809523807,0.79523809523809519,0.47184271370909753,0.010747313003148962,-0.010527226777110904,False,mistralai/Mistral-Nemo-Instruct-2407,0.50517463430017595,0.033331920591078423,-0.00079500083187913906,False,,,False,0.26506618207159105,0.12830159342759564
ibm-granite/granite-3.3-8b-instruct,content_deletion,20260834,0.29999999999999999,vector_fitted,0.47880742935457454,0.20167597780157059,0.5261904761904761,0.78333333333333333,0.47184271370909753,0.010747313003148962,-0.010527226777110904,False,mistralai/Mistral-Nemo-Instruct-2407,0.50517463430017595,0.033331920591078423,-0.00079500083187913906,False,,,False,0.26506618207159105,0.12830159342759564
ibm-granite/granite-3.3-8b-instruct,content_deletion,20260834,0.40000000000000002,vector_fitted,0.47746601501065555,0.20057577929704867,0.52380952380952372,0.77380952380952372,0.47184271370909753,0.010747313003148962,-0.010527226777110904,False,mistralai/Mistral-Nemo-Instruct-2407,0.50517463430017595,0.033331920591078423,-0.00079500083187913906,False,,,False,0.26506618207159105,0.12830159342759564
ibm-granite/granite-3.3-8b-instruct,content_deletion,20260835,0,scalar_fitted,0.46868427006885216,0.20191195153066782,0.56785714285714284,0.77500000000000002,0.47778413263789171,0.018203423618016024,-0.012240080468544107,False,mistralai/Mistral-Nemo-Instruct-2407,0.49802280814158362,0.020238675503691905,-0.0043455283289086932,False,,,False,0.16510365194520457,0.074064118705469362
ibm-granite/granite-3.3-8b-instruct,content_deletion,20260835,0.10000000000000001,scalar_fitted,0.47051660132681489,0.20102873926405423,0.54523809523809519,0.75714285714285712,0.47778413263789171,0.018203423618016024,-0.012240080468544107,False,mistralai/Mistral-Nemo-Instruct-2407,0.49802280814158362,0.020238675503691905,-0.0043455283289086932,False,,,False,0.16510365194520457,0.074064118705469362
ibm-granite/granite-3.3-8b-instruct,content_deletion,20260835,0.20000000000000001,scalar_fitted,0.47578383567313226,0.20138366638484065,0.53928571428571426,0.78452380952380962,0.47778413263789171,0.018203423618016024,-0.012240080468544107,False,mistralai/Mistral-Nemo-Instruct-2407,0.49802280814158362,0.020238675503691905,-0.0043455283289086932,False,,,False,0.16510365194520457,0.074064118705469362
ibm-granite/granite-3.3-8b-instruct,content_deletion,20260835,0.29999999999999999,scalar_fitted,0.48704826243379135,0.20638639669507158,0.50952380952380949,0.78809523809523818,0.47778413263789171,0.018203423618016024,-0.012240080468544107,False,mistralai/Mistral-Nemo-Instruct-2407,0.49802280814158362,0.020238675503691905,-0.0043455283289086932,False,,,False,0.16510365194520457,0.074064118705469362
ibm-granite/granite-3.3-8b-instruct,content_deletion,20260835,0.40000000000000002,scalar_fitted,0.48688769368686818,0.20511155358148908,0.50952380952380949,0.78214285714285714,0.47778413263789171,0.018203423618016024,-0.012240080468544107,False,mistralai/Mistral-Nemo-Instruct-2407,0.49802280814158362,0.020238675503691905,-0.0043455283289086932,False,,,False,0.16510365194520457,0.074064118705469362
ibm-granite/granite-3.3-8b-instruct,content_deletion,20260835,0,vector_fitted,0.46827197673826482,0.20204514425226833,0.56428571428571428,0.77500000000000002,0.47781359085877595,0.017901527553511376,-0.012240080468544107,False,mistralai/Mistral-Nemo-Instruct-2407,0.49802280814158362,0.020209217282807668,-0.0043455283289086932,False,,,False,0.16510365194520457,0.074064118705469362
ibm-granite/granite-3.3-8b-instruct,content_deletion,20260835,0.10000000000000001,vector_fitted,0.4710060225405644,0.20153454728216877,0.5357142857142857,0.75,0.47781359085877595,0.017901527553511376,-0.012240080468544107,False,mistralai/Mistral-Nemo-Instruct-2407,0.49802280814158362,0.020209217282807668,-0.0043455283289086932,False,,,False,0.16510365194520457,0.074064118705469362
ibm-granite/granite-3.3-8b-instruct,content_deletion,20260835,0.20000000000000001,vector_fitted,0.47647035319919645,0.20205614792576421,0.53095238095238095,0.77976190476190477,0.47781359085877595,0.017901527553511376,-0.012240080468544107,False,mistralai/Mistral-Nemo-Instruct-2407,0.49802280814158362,0.020209217282807668,-0.0043455283289086932,False,,,False,0.16510365194520457,0.074064118705469362
ibm-granite/granite-3.3-8b-instruct,content_deletion,20260835,0.29999999999999999,vector_fitted,0.48714609752407767,0.20672440986298168,0.51190476190476186,0.78095238095238095,0.47781359085877595,0.017901527553511376,-0.012240080468544107,False,mistralai/Mistral-Nemo-Instruct-2407,0.49802280814158362,0.020209217282807668,-0.0043455283289086932,False,,,False,0.16510365194520457,0.074064118705469362
ibm-granite/granite-3.3-8b-instruct,content_deletion,20260835,0.40000000000000002,vector_fitted,0.48617350429177619,0.2047079733623289,0.51666666666666661,0.77500000000000002,0.47781359085877595,0.017901527553511376,-0.012240080468544107,False,mistralai/Mistral-Nemo-Instruct-2407,0.49802280814158362,0.020209217282807668,-0.0043455283289086932,False,,,False,0.16510365194520457,0.074064118705469362
ibm-granite/granite-3.3-8b-instruct,content_deletion,20260836,0,scalar_fitted,0.47496541462556902,0.20901912222137331,0.52142857142857146,0.76071428571428568,0.48129407074175184,0.0096151448919311044,-0.012938766357895259,False,mistralai/Mistral-Nemo-Instruct-2407,0.50776294245890585,0.026468871717154008,-0.0053065604198009042,False,,,False,0.16857476356564965,0.083767551957231651
ibm-granite/granite-3.3-8b-instruct,content_deletion,20260836,0.10000000000000001,scalar_fitted,0.48076460142119259,0.20779835264981383,0.48928571428571427,0.74642857142857144,0.48129407074175184,0.0096151448919311044,-0.012938766357895259,False,mistralai/Mistral-Nemo-Instruct-2407,0.50776294245890585,0.026468871717154008,-0.0053065604198009042,False,,,False,0.16857476356564965,0.083767551957231651
ibm-granite/granite-3.3-8b-instruct,content_deletion,20260836,0.20000000000000001,scalar_fitted,0.48157154343625513,0.20715651393816273,0.48333333333333328,0.76309523809523816,0.48129407074175184,0.0096151448919311044,-0.012938766357895259,False,mistralai/Mistral-Nemo-Instruct-2407,0.50776294245890585,0.026468871717154008,-0.0053065604198009042,False,,,False,0.16857476356564965,0.083767551957231651
ibm-granite/granite-3.3-8b-instruct,content_deletion,20260836,0.29999999999999999,scalar_fitted,0.4845882347082423,0.20788339515679674,0.48333333333333328,0.77261904761904754,0.48129407074175184,0.0096151448919311044,-0.012938766357895259,False,mistralai/Mistral-Nemo-Instruct-2407,0.50776294245890585,0.026468871717154008,-0.0053065604198009042,False,,,False,0.16857476356564965,0.083767551957231651
ibm-granite/granite-3.3-8b-instruct,content_deletion,20260836,0.40000000000000002,scalar_fitted,0.48458055951750012,0.20699281824004162,0.49166666666666664,0.78214285714285714,0.48129407074175184,0.0096151448919311044,-0.012938766357895259,False,mistralai/Mistral-Nemo-Instruct-2407,0.50776294245890585,0.026468871717154008,-0.0053065604198009042,False,,,False,0.16857476356564965,0.083767551957231651
ibm-granite/granite-3.3-8b-instruct,content_deletion,20260836,0,vector_fitted,0.47526898943191215,0.20792306442579828,0.52142857142857146,0.75357142857142856,0.48144029455695014,0.0095945275207597325,-0.012938766357895259,False,mistralai/Mistral-Nemo-Instruct-2407,0.50776294245890585,0.026322647901955709,-0.0053065604198009042,False,,,False,0.16857476356564965,0.083767551957231651
ibm-granite/granite-3.3-8b-instruct,content_deletion,20260836,0.10000000000000001,vector_fitted,0.48064639913996998,0.20667971486585554,0.49880952380952387,0.75476190476190474,0.48144029455695014,0.0095945275207597325,-0.012938766357895259,False,mistralai/Mistral-Nemo-Instruct-2407,0.50776294245890585,0.026322647901955709,-0.0053065604198009042,False,,,False,0.16857476356564965,0.083767551957231651
ibm-granite/granite-3.3-8b-instruct,content_deletion,20260836,0.20000000000000001,vector_fitted,0.48153066942898654,0.20621014772100399,0.48928571428571427,0.76904761904761909,0.48144029455695014,0.0095945275207597325,-0.012938766357895259,False,mistralai/Mistral-Nemo-Instruct-2407,0.50776294245890585,0.026322647901955709,-0.0053065604198009042,False,,,False,0.16857476356564965,0.083767551957231651
ibm-granite/granite-3.3-8b-instruct,content_deletion,20260836,0.29999999999999999,vector_fitted,0.48489189783120989,0.20686024945832351,0.4952380952380952,0.7761904761904761,0.48144029455695014,0.0095945275207597325,-0.012938766357895259,False,mistralai/Mistral-Nemo-Instruct-2407,0.50776294245890585,0.026322647901955709,-0.0053065604198009042,False,,,False,0.16857476356564965,0.083767551957231651
ibm-granite/granite-3.3-8b-instruct,content_deletion,20260836,0.40000000000000002,vector_fitted,0.48486351695267188,0.20600050844381751,0.4904761904761904,0.77619047619047621,0.48144029455695014,0.0095945275207597325,-0.012938766357895259,False,mistralai/Mistral-Nemo-Instruct-2407,0.50776294245890585,0.026322647901955709,-0.0053065604198009042,False,,,False,0.16857476356564965,0.083767551957231651
ibm-granite/granite-3.3-8b-instruct,content_deletion,20260837,0,scalar_fitted,0.47688886597622665,0.20776863418763905,0.52142857142857146,0.77857142857142858,0.48228174456766365,0.0045938873509105971,-0.013898014414636173,False,mistralai/Mistral-Nemo-Instruct-2407,0.50511822382471094,0.022836479257047293,0.0030226175920500253,True,,,False,0.26158468023200082,0.12850226035669282
ibm-granite/granite-3.3-8b-instruct,content_deletion,20260837,0.10000000000000001,scalar_fitted,0.48519961393002148,0.20735219366691271,0.49166666666666664,0.76547619047619042,0.48228174456766365,0.0045938873509105971,-0.013898014414636173,False,mistralai/Mistral-Nemo-Instruct-2407,0.50511822382471094,0.022836479257047293,0.0030226175920500253,True,,,False,0.26158468023200082,0.12850226035669282
ibm-granite/granite-3.3-8b-instruct,content_deletion,20260837,0.20000000000000001,scalar_fitted,0.48255848646853011,0.20255543993368111,0.5,0.77976190476190488,0.48228174456766365,0.0045938873509105971,-0.013898014414636173,False,mistralai/Mistral-Nemo-Instruct-2407,0.50511822382471094,0.022836479257047293,0.0030226175920500253,True,,,False,0.26158468023200082,0.12850226035669282
ibm-granite/granite-3.3-8b-instruct,content_deletion,20260837,0.29999999999999999,scalar_fitted,0.48527900313640282,0.20231229215220881,0.49166666666666664,0.77261904761904754,0.48228174456766365,0.0045938873509105971,-0.013898014414636173,False,mistralai/Mistral-Nemo-Instruct-2407,0.50511822382471094,0.022836479257047293,0.0030226175920500253,True,,,False,0.26158468023200082,0.12850226035669282
ibm-granite/granite-3.3-8b-instruct,content_deletion,20260837,0.40000000000000002,scalar_fitted,0.48148275332713725,0.20057246550064833,0.49642857142857144,0.77023809523809528,0.48228174456766365,0.0045938873509105971,-0.013898014414636173,False,mistralai/Mistral-Nemo-Instruct-2407,0.50511822382471094,0.022836479257047293,0.0030226175920500253,True,,,False,0.26158468023200082,0.12850226035669282
ibm-granite/granite-3.3-8b-instruct,content_deletion,20260837,0,vector_fitted,0.48113771126012028,0.20990615429254947,0.5178571428571429,0.77142857142857146,0.48531262495442834,0.0035073321489509923,-0.013898014414636173,False,mistralai/Mistral-Nemo-Instruct-2407,0.50511822382471094,0.019805598870282604,0.0030226175920500253,True,,,False,0.26158468023200082,0.12850226035669282
ibm-granite/granite-3.3-8b-instruct,content_deletion,20260837,0.10000000000000001,vector_fitted,0.4878453010030912,0.20852173338825664,0.49166666666666664,0.76190476190476197,0.48531262495442834,0.0035073321489509923,-0.013898014414636173,False,mistralai/Mistral-Nemo-Instruct-2407,0.50511822382471094,0.019805598870282604,0.0030226175920500253,True,,,False,0.26158468023200082,0.12850226035669282
ibm-granite/granite-3.3-8b-instruct,content_deletion,20260837,0.20000000000000001,vector_fitted,0.48456651144205654,0.20371054736510583,0.49880952380952376,0.77142857142857146,0.48531262495442834,0.0035073321489509923,-0.013898014414636173,False,mistralai/Mistral-Nemo-Instruct-2407,0.50511822382471094,0.019805598870282604,0.0030226175920500253,True,,,False,0.26158468023200082,0.12850226035669282
ibm-granite/granite-3.3-8b-instruct,content_deletion,20260837,0.29999999999999999,vector_fitted,0.48836855765780252,0.20373925551273264,0.50595238095238104,0.76309523809523816,0.48531262495442834,0.0035073321489509923,-0.013898014414636173,False,mistralai/Mistral-Nemo-Instruct-2407,0.50511822382471094,0.019805598870282604,0.0030226175920500253,True,,,False,0.26158468023200082,0.12850226035669282
ibm-granite/granite-3.3-8b-instruct,content_deletion,20260837,0.40000000000000002,vector_fitted,0.48464504340907127,0.20187198291952627,0.51309523809523805,0.77142857142857146,0.48531262495442834,0.0035073321489509923,-0.013898014414636173,False,mistralai/Mistral-Nemo-Instruct-2407,0.50511822382471094,0.019805598870282604,0.0030226175920500253,True,,,False,0.26158468023200082,0.12850226035669282
ibm-granite/granite-3.3-8b-instruct,irrelevant_context,20260828,0,scalar_fitted,0.46022765386746511,0.20076634979868563,0.53214285714285714,0.77500000000000002,0.46575454331708299,-0.013165756291154962,-0.0092199528002851749,True,mistralai/Mistral-Nemo-Instruct-2407,0.48776799775728696,0.022013454440203972,0.012361741915498659,True,,,False,0.36101263647713777,0.16409478920201892
ibm-granite/granite-3.3-8b-instruct,irrelevant_context,20260828,64,scalar_fitted,0.48637166886987676,0.20934053929086868,0.50119047619047619,0.77261904761904765,0.46575454331708299,-0.013165756291154962,-0.0092199528002851749,True,mistralai/Mistral-Nemo-Instruct-2407,0.48776799775728696,0.022013454440203972,0.012361741915498659,True,,,False,0.36101263647713777,0.16409478920201892
ibm-granite/granite-3.3-8b-instruct,irrelevant_context,20260828,128,scalar_fitted,0.47860880992273597,0.20167632117358739,0.53214285714285714,0.78690476190476188,0.46575454331708299,-0.013165756291154962,-0.0092199528002851749,True,mistralai/Mistral-Nemo-Instruct-2407,0.48776799775728696,0.022013454440203972,0.012361741915498659,True,,,False,0.36101263647713777,0.16409478920201892
ibm-granite/granite-3.3-8b-instruct,irrelevant_context,20260828,256,scalar_fitted,0.45650268634902691,0.18601845177271681,0.52261904761904765,0.77619047619047621,0.46575454331708299,-0.013165756291154962,-0.0092199528002851749,True,mistralai/Mistral-Nemo-Instruct-2407,0.48776799775728696,0.022013454440203972,0.012361741915498659,True,,,False,0.36101263647713777,0.16409478920201892
ibm-granite/granite-3.3-8b-instruct,irrelevant_context,20260828,512,scalar_fitted,0.44706189757631015,0.18039339280501865,0.55000000000000004,0.79642857142857137,0.46575454331708299,-0.013165756291154962,-0.0092199528002851749,True,mistralai/Mistral-Nemo-Instruct-2407,0.48776799775728696,0.022013454440203972,0.012361741915498659,True,,,False,0.36101263647713777,0.16409478920201892
ibm-granite/granite-3.3-8b-instruct,irrelevant_context,20260828,0,vector_fitted,0.46079320223089076,0.20069955025814323,0.5535714285714286,0.7678571428571429,0.4694559341703391,-0.0073721617592699129,-0.0092199528002851749,True,mistralai/Mistral-Nemo-Instruct-2407,0.48776799775728696,0.018312063586947869,0.012361741915498659,True,,,False,0.36101263647713777,0.16409478920201892
ibm-granite/granite-3.3-8b-instruct,irrelevant_context,20260828,64,vector_fitted,0.48926567322248105,0.20939655680317465,0.52380952380952384,0.78690476190476188,0.4694559341703391,-0.0073721617592699129,-0.0092199528002851749,True,mistralai/Mistral-Nemo-Instruct-2407,0.48776799775728696,0.018312063586947869,0.012361741915498659,True,,,False,0.36101263647713777,0.16409478920201892
ibm-granite/granite-3.3-8b-instruct,irrelevant_context,20260828,128,vector_fitted,0.48237936368101514,0.20237915887213156,0.54047619047619044,0.78452380952380962,0.4694559341703391,-0.0073721617592699129,-0.0092199528002851749,True,mistralai/Mistral-Nemo-Instruct-2407,0.48776799775728696,0.018312063586947869,0.012361741915498659,True,,,False,0.36101263647713777,0.16409478920201892
ibm-granite/granite-3.3-8b-instruct,irrelevant_context,20260828,256,vector_fitted,0.46142039124568757,0.18807030181841777,0.54642857142857137,0.78214285714285714,0.4694559341703391,-0.0073721617592699129,-0.0092199528002851749,True,mistralai/Mistral-Nemo-Instruct-2407,0.48776799775728696,0.018312063586947869,0.012361741915498659,True,,,False,0.36101263647713777,0.16409478920201892
ibm-granite/granite-3.3-8b-instruct,irrelevant_context,20260828,512,vector_fitted,0.45342104047162085,0.1827380097214224,0.54404761904761911,0.78452380952380951,0.4694559341703391,-0.0073721617592699129,-0.0092199528002851749,True,mistralai/Mistral-Nemo-Instruct-2407,0.48776799775728696,0.018312063586947869,0.012361741915498659,True,,,False,0.36101263647713777,0.16409478920201892
ibm-granite/granite-3.3-8b-instruct,irrelevant_context,20260829,0,scalar_fitted,0.45509406578902095,0.20177732785504082,0.56071428571428572,0.78214285714285714,0.44823664473707103,-0.028544386877357719,-0.016445899252234913,True,mistralai/Mistral-Nemo-Instruct-2407,0.46269407121786887,0.014457426480797841,-0.00054174754093291866,False,,,False,0.31281780707663032,0.13477167470181314
ibm-granite/granite-3.3-8b-instruct,irrelevant_context,20260829,64,scalar_fitted,0.46925324442668109,0.20383283458230878,0.53452380952380951,0.7583333333333333,0.44823664473707103,-0.028544386877357719,-0.016445899252234913,True,mistralai/Mistral-Nemo-Instruct-2407,0.46269407121786887,0.014457426480797841,-0.00054174754093291866,False,,,False,0.31281780707663032,0.13477167470181314
ibm-granite/granite-3.3-8b-instruct,irrelevant_context,20260829,128,scalar_fitted,0.45523962447696587,0.19245344881428744,0.56785714285714284,0.77619047619047621,0.44823664473707103,-0.028544386877357719,-0.016445899252234913,True,mistralai/Mistral-Nemo-Instruct-2407,0.46269407121786887,0.014457426480797841,-0.00054174754093291866,False,,,False,0.31281780707663032,0.13477167470181314
ibm-granite/granite-3.3-8b-instruct,irrelevant_context,20260829,256,scalar_fitted,0.43504661008102369,0.17885358675372678,0.56666666666666665,0.77142857142857146,0.44823664473707103,-0.028544386877357719,-0.016445899252234913,True,mistralai/Mistral-Nemo-Instruct-2407,0.46269407121786887,0.014457426480797841,-0.00054174754093291866,False,,,False,0.31281780707663032,0.13477167470181314
ibm-granite/granite-3.3-8b-instruct,irrelevant_context,20260829,512,scalar_fitted,0.42654967891166323,0.17354715094380496,0.57619047619047625,0.79761904761904756,0.44823664473707103,-0.028544386877357719,-0.016445899252234913,True,mistralai/Mistral-Nemo-Instruct-2407,0.46269407121786887,0.014457426480797841,-0.00054174754093291866,False,,,False,0.31281780707663032,0.13477167470181314
ibm-granite/granite-3.3-8b-instruct,irrelevant_context,20260829,0,vector_fitted,0.45367041871591413,0.20003660767392029,0.5714285714285714,0.76428571428571423,0.45023200865671437,-0.022811743666054818,-0.016445899252234913,True,mistralai/Mistral-Nemo-Instruct-2407,0.46269407121786887,0.012462062561154508,-0.00054174754093291866,False,,,False,0.31281780707663032,0.13477167470181314
ibm-granite/granite-3.3-8b-instruct,irrelevant_context,20260829,64,vector_fitted,0.47148603495131697,0.20377404317406955,0.53214285714285714,0.7595238095238096,0.45023200865671437,-0.022811743666054818,-0.016445899252234913,True,mistralai/Mistral-Nemo-Instruct-2407,0.46269407121786887,0.012462062561154508,-0.00054174754093291866,False,,,False,0.31281780707663032,0.13477167470181314
ibm-granite/granite-3.3-8b-instruct,irrelevant_context,20260829,128,vector_fitted,0.45709202144128863,0.19237857916716697,0.55952380952380953,0.77380952380952384,0.45023200865671437,-0.022811743666054818,-0.016445899252234913,True,mistralai/Mistral-Nemo-Instruct-2407,0.46269407121786887,0.012462062561154508,-0.00054174754093291866,False,,,False,0.31281780707663032,0.13477167470181314
ibm-granite/granite-3.3-8b-instruct,irrelevant_context,20260829,256,vector_fitted,0.43805289312519258,0.17944589790974796,0.56547619047619035,0.77857142857142858,0.45023200865671437,-0.022811743666054818,-0.016445899252234913,True,mistralai/Mistral-Nemo-Instruct-2407,0.46269407121786887,0.012462062561154508,-0.00054174754093291866,False,,,False,0.31281780707663032,0.13477167470181314
ibm-granite/granite-3.3-8b-instruct,irrelevant_context,20260829,512,vector_fitted,0.43085867504985931,0.174700908554655,0.57499999999999996,0.79047619047619044,0.45023200865671437,-0.022811743666054818,-0.016445899252234913,True,mistralai/Mistral-Nemo-Instruct-2407,0.46269407121786887,0.012462062561154508,-0.00054174754093291866,False,,,False,0.31281780707663032,0.13477167470181314
ibm-granite/granite-3.3-8b-instruct,irrelevant_context,20260830,0,scalar_fitted,0.46659899087329981,0.20331973017940805,0.54642857142857137,0.79285714285714282,0.4547110591549573,-0.037805478326792763,-0.024236083746739523,True,mistralai/Mistral-Nemo-Instruct-2407,0.48586724606234777,0.031156186907390471,0.011565467567905441,True,,,False,0.36814202307409372,0.15204160854574614
ibm-granite/granite-3.3-8b-instruct,irrelevant_context,20260830,64,scalar_fitted,0.47956089688462811,0.20740641640431809,0.5083333333333333,0.78095238095238106,0.4547110591549573,-0.037805478326792763,-0.024236083746739523,True,mistralai/Mistral-Nemo-Instruct-2407,0.48586724606234777,0.031156186907390471,0.011565467567905441,True,,,False,0.36814202307409372,0.15204160854574614
ibm-granite/granite-3.3-8b-instruct,irrelevant_context,20260830,128,scalar_fitted,0.4617191637988402,0.19452055032615181,0.54166666666666674,0.78333333333333333,0.4547110591549573,-0.037805478326792763,-0.024236083746739523,True,mistralai/Mistral-Nemo-Instruct-2407,0.48586724606234777,0.031156186907390471,0.011565467567905441,True,,,False,0.36814202307409372,0.15204160854574614
ibm-granite/granite-3.3-8b-instruct,irrelevant_context,20260830,256,scalar_fitted,0.43688273167151109,0.1774879067602555,0.53214285714285714,0.78452380952380962,0.4547110591549573,-0.037805478326792763,-0.024236083746739523,True,mistralai/Mistral-Nemo-Instruct-2407,0.48586724606234777,0.031156186907390471,0.011565467567905441,True,,,False,0.36814202307409372,0.15204160854574614
ibm-granite/granite-3.3-8b-instruct,irrelevant_context,20260830,512,scalar_fitted,0.42879351254650705,0.17234858145120266,0.53809523809523807,0.79285714285714282,0.4547110591549573,-0.037805478326792763,-0.024236083746739523,True,mistralai/Mistral-Nemo-Instruct-2407,0.48586724606234777,0.031156186907390471,0.011565467567905441,True,,,False,0.36814202307409372,0.15204160854574614
ibm-granite/granite-3.3-8b-instruct,irrelevant_context,20260830,0,vector_fitted,0.46553487805060945,0.20093900251794899,0.5535714285714286,0.7857142857142857,0.45748427701733191,-0.032048085941889903,-0.024236083746739523,True,mistralai/Mistral-Nemo-Instruct-2407,0.48586724606234777,0.02838296904501586,0.011565467567905441,True,,,False,0.36814202307409372,0.15204160854574614
ibm-granite/granite-3.3-8b-instruct,irrelevant_context,20260830,64,vector_fitted,0.48259317542494196,0.20696282154651907,0.51071428571428568,0.78690476190476188,0.45748427701733191,-0.032048085941889903,-0.024236083746739523,True,mistralai/Mistral-Nemo-Instruct-2407,0.48586724606234777,0.02838296904501586,0.011565467567905441,True,,,False,0.36814202307409372,0.15204160854574614
ibm-granite/granite-3.3-8b-instruct,irrelevant_context,20260830,128,vector_fitted,0.46479368851475927,0.19422178872699444,0.53690476190476188,0.78928571428571426,0.45748427701733191,-0.032048085941889903,-0.024236083746739523,True,mistralai/Mistral-Nemo-Instruct-2407,0.48586724606234777,0.02838296904501586,0.011565467567905441,True,,,False,0.36814202307409372,0.15204160854574614
ibm-granite/granite-3.3-8b-instruct,irrelevant_context,20260830,256,vector_fitted,0.44101285098762955,0.17799713711505613,0.53928571428571426,0.79404761904761911,0.45748427701733191,-0.032048085941889903,-0.024236083746739523,True,mistralai/Mistral-Nemo-Instruct-2407,0.48586724606234777,0.02838296904501586,0.011565467567905441,True,,,False,0.36814202307409372,0.15204160854574614
ibm-granite/granite-3.3-8b-instruct,irrelevant_context,20260830,512,vector_fitted,0.43348679210871954,0.17278883022695204,0.53095238095238095,0.79523809523809519,0.45748427701733191,-0.032048085941889903,-0.024236083746739523,True,mistralai/Mistral-Nemo-Instruct-2407,0.48586724606234777,0.02838296904501586,0.011565467567905441,True,,,False,0.36814202307409372,0.15204160854574614
ibm-granite/granite-3.3-8b-instruct,irrelevant_context,20260831,0,scalar_fitted,0.47714561555055085,0.21224564859362571,0.5,0.76428571428571423,0.46924701601499752,-0.036369647540750616,-0.02134569215454174,True,mistralai/Mistral-Nemo-Instruct-2407,0.49333460123671663,0.02408758522171911,0.0037624653843186806,True,,,False,0.23063236154631783,0.10971585553959447
ibm-granite/granite-3.3-8b-instruct,irrelevant_context,20260831,64,scalar_fitted,0.49620040728107456,0.21848812765442333,0.48333333333333328,0.74761904761904752,0.46924701601499752,-0.036369647540750616,-0.02134569215454174,True,mistralai/Mistral-Nemo-Instruct-2407,0.49333460123671663,0.02408758522171911,0.0037624653843186806,True,,,False,0.23063236154631783,0.10971585553959447
ibm-granite/granite-3.3-8b-instruct,irrelevant_context,20260831,128,scalar_fitted,0.48032252422726862,0.20560755788271459,0.50714285714285712,0.75238095238095248,0.46924701601499752,-0.036369647540750616,-0.02134569215454174,True,mistralai/Mistral-Nemo-Instruct-2407,0.49333460123671663,0.02408758522171911,0.0037624653843186806,True,,,False,0.23063236154631783,0.10971585553959447
ibm-granite/granite-3.3-8b-instruct,irrelevant_context,20260831,256,scalar_fitted,0.45179056500629294,0.18780017870801372,0.51428571428571423,0.76071428571428568,0.46924701601499752,-0.036369647540750616,-0.02134569215454174,True,mistralai/Mistral-Nemo-Instruct-2407,0.49333460123671663,0.02408758522171911,0.0037624653843186806,True,,,False,0.23063236154631783,0.10971585553959447
ibm-granite/granite-3.3-8b-instruct,irrelevant_context,20260831,512,scalar_fitted,0.44077596800980023,0.18043370515819934,0.54761904761904756,0.79166666666666663,0.46924701601499752,-0.036369647540750616,-0.02134569215454174,True,mistralai/Mistral-Nemo-Instruct-2407,0.49333460123671663,0.02408758522171911,0.0037624653843186806,True,,,False,0.23063236154631783,0.10971585553959447
ibm-granite/granite-3.3-8b-instruct,irrelevant_context,20260831,0,vector_fitted,0.47619655598704796,0.21090857622442657,0.49642857142857144,0.73571428571428577,0.47105871048996983,-0.031536661677855182,-0.02134569215454174,True,mistralai/Mistral-Nemo-Instruct-2407,0.49333460123671663,0.022275890746746796,0.0037624653843186806,True,,,False,0.23063236154631783,0.10971585553959447
ibm-granite/granite-3.3-8b-instruct,irrelevant_context,20260831,64,vector_fitted,0.49703560914591427,0.21760087245817794,0.48095238095238091,0.74761904761904752,0.47105871048996983,-0.031536661677855182,-0.02134569215454174,True,mistralai/Mistral-Nemo-Instruct-2407,0.49333460123671663,0.022275890746746796,0.0037624653843186806,True,,,False,0.23063236154631783,0.10971585553959447
ibm-granite/granite-3.3-8b-instruct,irrelevant_context,20260831,128,vector_fitted,0.48252059471886233,0.20572598238054818,0.50476190476190474,0.75238095238095248,0.47105871048996983,-0.031536661677855182,-0.02134569215454174,True,mistralai/Mistral-Nemo-Instruct-2407,0.49333460123671663,0.022275890746746796,0.0037624653843186806,True,,,False,0.23063236154631783,0.10971585553959447
ibm-granite/granite-3.3-8b-instruct,irrelevant_context,20260831,256,vector_fitted,0.45488089828883194,0.18845394301463533,0.52142857142857146,0.75833333333333341,0.47105871048996983,-0.031536661677855182,-0.02134569215454174,True,mistralai/Mistral-Nemo-Instruct-2407,0.49333460123671663,0.022275890746746796,0.0037624653843186806,True,,,False,0.23063236154631783,0.10971585553959447
ibm-granite/granite-3.3-8b-instruct,irrelevant_context,20260831,512,vector_fitted,0.44465989430919278,0.18138342209502198,0.5452380952380953,0.78690476190476188,0.47105871048996983,-0.031536661677855182,-0.02134569215454174,True,mistralai/Mistral-Nemo-Instruct-2407,0.49333460123671663,0.022275890746746796,0.0037624653843186806,True,,,False,0.23063236154631783,0.10971585553959447
ibm-granite/granite-3.3-8b-instruct,irrelevant_context,20260832,0,scalar_fitted,0.46792342021814398,0.20399730518492307,0.52857142857142858,0.77500000000000002,0.46513385315300904,-0.024096567257106183,-0.010308697767673319,True,mistralai/Mistral-Nemo-Instruct-2407,0.49146048471183068,0.026326631558821645,0.013506535824339611,True,,,False,0.32353991338331628,0.17300332327641324
ibm-granite/granite-3.3-8b-instruct,irrelevant_context,20260832,64,scalar_fitted,0.48247728233794679,0.20701948385242816,0.48095238095238091,0.77142857142857146,0.46513385315300904,-0.024096567257106183,-0.010308697767673319,True,mistralai/Mistral-Nemo-Instruct-2407,0.49146048471183068,0.026326631558821645,0.013506535824339611,True,,,False,0.32353991338331628,0.17300332327641324
ibm-granite/granite-3.3-8b-instruct,irrelevant_context,20260832,128,scalar_fitted,0.47524613084182699,0.20018374429573357,0.50952380952380949,0.77380952380952384,0.46513385315300904,-0.024096567257106183,-0.010308697767673319,True,mistralai/Mistral-Nemo-Instruct-2407,0.49146048471183068,0.026326631558821645,0.013506535824339611,True,,,False,0.32353991338331628,0.17300332327641324
ibm-granite/granite-3.3-8b-instruct,irrelevant_context,20260832,256,scalar_fitted,0.4561955794060894,0.18841530727609893,0.4952380952380952,0.7583333333333333,0.46513385315300904,-0.024096567257106183,-0.010308697767673319,True,mistralai/Mistral-Nemo-Instruct-2407,0.49146048471183068,0.026326631558821645,0.013506535824339611,True,,,False,0.32353991338331628,0.17300332327641324
ibm-granite/granite-3.3-8b-instruct,irrelevant_context,20260832,512,scalar_fitted,0.4438268529610378,0.18147323608183102,0.50357142857142856,0.76666666666666672,0.46513385315300904,-0.024096567257106183,-0.010308697767673319,True,mistralai/Mistral-Nemo-Instruct-2407,0.49146048471183068,0.026326631558821645,0.013506535824339611,True,,,False,0.32353991338331628,0.17300332327641324
ibm-granite/granite-3.3-8b-instruct,irrelevant_context,20260832,0,vector_fitted,0.46503921572680329,0.20037081617770072,0.54642857142857137,0.77857142857142858,0.46210011675191331,-0.023625273025224047,-0.010308697767673319,True,mistralai/Mistral-Nemo-Instruct-2407,0.49146048471183068,0.029360367959917366,0.013506535824339611,True,,,False,0.32353991338331628,0.17300332327641324
ibm-granite/granite-3.3-8b-instruct,irrelevant_context,20260832,64,vector_fitted,0.48040974214630033,0.20334976184855599,0.50952380952380949,0.78333333333333333,0.46210011675191331,-0.023625273025224047,-0.010308697767673319,True,mistralai/Mistral-Nemo-Instruct-2407,0.49146048471183068,0.029360367959917366,0.013506535824339611,True,,,False,0.32353991338331628,0.17300332327641324
ibm-granite/granite-3.3-8b-instruct,irrelevant_context,20260832,128,vector_fitted,0.47113077153206545,0.19570450208237297,0.52976190476190477,0.7857142857142857,0.46210011675191331,-0.023625273025224047,-0.010308697767673319,True,mistralai/Mistral-Nemo-Instruct-2407,0.49146048471183068,0.029360367959917366,0.013506535824339611,True,,,False,0.32353991338331628,0.17300332327641324
ibm-granite/granite-3.3-8b-instruct,irrelevant_context,20260832,256,vector_fitted,0.45250691165281864,0.18452844091581833,0.53333333333333321,0.77976190476190466,0.46210011675191331,-0.023625273025224047,-0.010308697767673319,True,mistralai/Mistral-Nemo-Instruct-2407,0.49146048471183068,0.029360367959917366,0.013506535824339611,True,,,False,0.32353991338331628,0.17300332327641324
ibm-granite/granite-3.3-8b-instruct,irrelevant_context,20260832,512,vector_fitted,0.44141394270157924,0.17841439494059749,0.53928571428571426,0.78928571428571426,0.46210011675191331,-0.023625273025224047,-0.010308697767673319,True,mistralai/Mistral-Nemo-Instruct-2407,0.49146048471183068,0.029360367959917366,0.013506535824339611,True,,,False,0.32353991338331628,0.17300332327641324
ibm-granite/granite-3.3-8b-instruct,irrelevant_context,20260833,0,scalar_fitted,0.46999525209976817,0.20599164484244567,0.52857142857142858,0.7678571428571429,0.46861966196310967,-0.023256525882299983,-0.02148620888580588,True,mistralai/Mistral-Nemo-Instruct-2407,0.49342357425299388,0.024803912289884211,0.0065037662340299285,True,,,False,0.33000197106561213,0.16015694071867298
ibm-granite/granite-3.3-8b-instruct,irrelevant_context,20260833,64,scalar_fitted,0.49165135742585653,0.21565106924477015,0.47857142857142859,0.73809523809523814,0.46861966196310967,-0.023256525882299983,-0.02148620888580588,True,mistralai/Mistral-Nemo-Instruct-2407,0.49342357425299388,0.024803912289884211,0.0065037662340299285,True,,,False,0.33000197106561213,0.16015694071867298
ibm-granite/granite-3.3-8b-instruct,irrelevant_context,20260833,128,scalar_fitted,0.47858197100410088,0.20413871001714143,0.49047619047619051,0.75238095238095248,0.46861966196310967,-0.023256525882299983,-0.02148620888580588,True,mistralai/Mistral-Nemo-Instruct-2407,0.49342357425299388,0.024803912289884211,0.0065037662340299285,True,,,False,0.33000197106561213,0.16015694071867298
ibm-granite/granite-3.3-8b-instruct,irrelevant_context,20260833,256,scalar_fitted,0.4561310030683548,0.18803509233750473,0.48095238095238091,0.74642857142857144,0.46861966196310967,-0.023256525882299983,-0.02148620888580588,True,mistralai/Mistral-Nemo-Instruct-2407,0.49342357425299388,0.024803912289884211,0.0065037662340299285,True,,,False,0.33000197106561213,0.16015694071867298
ibm-granite/granite-3.3-8b-instruct,irrelevant_context,20260833,512,scalar_fitted,0.44673872621746819,0.18328857275716789,0.5083333333333333,0.76071428571428568,0.46861966196310967,-0.023256525882299983,-0.02148620888580588,True,mistralai/Mistral-Nemo-Instruct-2407,0.49342357425299388,0.024803912289884211,0.0065037662340299285,True,,,False,0.33000197106561213,0.16015694071867298
ibm-granite/granite-3.3-8b-instruct,irrelevant_context,20260833,0,vector_fitted,0.47185466566016643,0.20504289746477994,0.5357142857142857,0.76071428571428568,0.47302350806587812,-0.017364544513631397,-0.02148620888580588,True,mistralai/Mistral-Nemo-Instruct-2407,0.49342357425299388,0.020400066187115762,0.0065037662340299285,True,,,False,0.33000197106561213,0.16015694071867298
ibm-granite/granite-3.3-8b-instruct,irrelevant_context,20260833,64,vector_fitted,0.49487919064493563,0.21477907618957029,0.49285714285714288,0.74880952380952392,0.47302350806587812,-0.017364544513631397,-0.02148620888580588,True,mistralai/Mistral-Nemo-Instruct-2407,0.49342357425299388,0.020400066187115762,0.0065037662340299285,True,,,False,0.33000197106561213,0.16015694071867298
ibm-granite/granite-3.3-8b-instruct,irrelevant_context,20260833,128,vector_fitted,0.48256061641813192,0.20414457106207662,0.52500000000000002,0.76309523809523816,0.47302350806587812,-0.017364544513631397,-0.02148620888580588,True,mistralai/Mistral-Nemo-Instruct-2407,0.49342357425299388,0.020400066187115762,0.0065037662340299285,True,,,False,0.33000197106561213,0.16015694071867298
ibm-granite/granite-3.3-8b-instruct,irrelevant_context,20260833,256,vector_fitted,0.46133294645962186,0.18918798220206454,0.50714285714285712,0.75714285714285712,0.47302350806587812,-0.017364544513631397,-0.02148620888580588,True,mistralai/Mistral-Nemo-Instruct-2407,0.49342357425299388,0.020400066187115762,0.0065037662340299285,True,,,False,0.33000197106561213,0.16015694071867298
ibm-granite/granite-3.3-8b-instruct,irrelevant_context,20260833,512,vector_fitted,0.45449012114653503,0.18538485159314907,0.52738095238095239,0.77261904761904765,0.47302350806587812,-0.017364544513631397,-0.02148620888580588,True,mistralai/Mistral-Nemo-Instruct-2407,0.49342357425299388,0.020400066187115762,0.0065037662340299285,True,,,False,0.33000197106561213,0.16015694071867298
ibm-granite/granite-3.3-8b-instruct,irrelevant_context,20260834,0,scalar_fitted,0.46234549533895281,0.20140461246825422,0.51071428571428568,0.74642857142857144,0.45755505029192162,-0.024086615993628158,-0.017286050065244446,True,mistralai/Mistral-Nemo-Instruct-2407,0.4858355745188761,0.028280524226954484,-0.0086088900745246166,False,,,False,0.31957602186221318,0.15839859586028768
ibm-granite/granite-3.3-8b-instruct,irrelevant_context,20260834,64,scalar_fitted,0.47689186369259551,0.20587119647037427,0.50952380952380949,0.75714285714285712,0.45755505029192162,-0.024086615993628158,-0.017286050065244446,True,mistralai/Mistral-Nemo-Instruct-2407,0.4858355745188761,0.028280524226954484,-0.0086088900745246166,False,,,False,0.31957602186221318,0.15839859586028768
ibm-granite/granite-3.3-8b-instruct,irrelevant_context,20260834,128,scalar_fitted,0.46387194020878908,0.19573985651929293,0.52023809523809517,0.75357142857142856,0.45755505029192162,-0.024086615993628158,-0.017286050065244446,True,mistralai/Mistral-Nemo-Instruct-2407,0.4858355745188761,0.028280524226954484,-0.0086088900745246166,False,,,False,0.31957602186221318,0.15839859586028768
ibm-granite/granite-3.3-8b-instruct,irrelevant_context,20260834,256,scalar_fitted,0.44640707287394604,0.18279583077489672,0.52142857142857146,0.76309523809523816,0.45755505029192162,-0.024086615993628158,-0.017286050065244446,True,mistralai/Mistral-Nemo-Instruct-2407,0.4858355745188761,0.028280524226954484,-0.0086088900745246166,False,,,False,0.31957602186221318,0.15839859586028768
ibm-granite/granite-3.3-8b-instruct,irrelevant_context,20260834,512,scalar_fitted,0.43825887934532465,0.17657435054796153,0.51666666666666661,0.76904761904761898,0.45755505029192162,-0.024086615993628158,-0.017286050065244446,True,mistralai/Mistral-Nemo-Instruct-2407,0.4858355745188761,0.028280524226954484,-0.0086088900745246166,False,,,False,0.31957602186221318,0.15839859586028768
ibm-granite/granite-3.3-8b-instruct,irrelevant_context,20260834,0,vector_fitted,0.46529958352202427,0.20116018414211712,0.53214285714285714,0.73928571428571432,0.46037909503727104,-0.023356307192179737,-0.017286050065244446,True,mistralai/Mistral-Nemo-Instruct-2407,0.4858355745188761,0.025456479481605065,-0.0086088900745246166,False,,,False,0.31957602186221318,0.15839859586028768
ibm-granite/granite-3.3-8b-instruct,irrelevant_context,20260834,64,vector_fitted,0.47875006967944406,0.20459510359571118,0.54880952380952375,0.78690476190476188,0.46037909503727104,-0.023356307192179737,-0.017286050065244446,True,mistralai/Mistral-Nemo-Instruct-2407,0.4858355745188761,0.025456479481605065,-0.0086088900745246166,False,,,False,0.31957602186221318,0.15839859586028768
ibm-granite/granite-3.3-8b-instruct,irrelevant_context,20260834,128,vector_fitted,0.46654638607302862,0.19496327754111009,0.56904761904761902,0.79285714285714282,0.46037909503727104,-0.023356307192179737,-0.017286050065244446,True,mistralai/Mistral-Nemo-Instruct-2407,0.4858355745188761,0.025456479481605065,-0.0086088900745246166,False,,,False,0.31957602186221318,0.15839859586028768
ibm-granite/granite-3.3-8b-instruct,irrelevant_context,20260834,256,vector_fitted,0.44935615958201369,0.18234174192775626,0.55833333333333335,0.794047619047619,0.46037909503727104,-0.023356307192179737,-0.017286050065244446,True,mistralai/Mistral-Nemo-Instruct-2407,0.4858355745188761,0.025456479481605065,-0.0086088900745246166,False,,,False,0.31957602186221318,0.15839859586028768
ibm-granite/granite-3.3-8b-instruct,irrelevant_context,20260834,512,vector_fitted,0.44194327632984454,0.17647170558060848,0.54523809523809519,0.79047619047619055,0.46037909503727104,-0.023356307192179737,-0.017286050065244446,True,mistralai/Mistral-Nemo-Instruct-2407,0.4858355745188761,0.025456479481605065,-0.0086088900745246166,False,,,False,0.31957602186221318,0.15839859586028768
ibm-granite/granite-3.3-8b-instruct,irrelevant_context,20260835,0,scalar_fitted,0.46388416446442654,0.20038894135235702,0.58571428571428574,0.79642857142857137,0.46278810492654171,-0.022236365038265815,-0.016443538905165811,True,mistralai/Mistral-Nemo-Instruct-2407,0.48118962379944891,0.018401518872907197,0.00083673893616600936,True,,,False,0.34417435656125694,0.16111552631147541
ibm-granite/granite-3.3-8b-instruct,irrelevant_context,20260835,64,scalar_fitted,0.48505874086477102,0.20968991537385037,0.50714285714285712,0.75595238095238104,0.46278810492654171,-0.022236365038265815,-0.016443538905165811,True,mistralai/Mistral-Nemo-Instruct-2407,0.48118962379944891,0.018401518872907197,0.00083673893616600936,True,,,False,0.34417435656125694,0.16111552631147541
ibm-granite/granite-3.3-8b-instruct,irrelevant_context,20260835,128,scalar_fitted,0.47226945215978194,0.19991590994497543,0.54047619047619044,0.77738095238095239,0.46278810492654171,-0.022236365038265815,-0.016443538905165811,True,mistralai/Mistral-Nemo-Instruct-2407,0.48118962379944891,0.018401518872907197,0.00083673893616600936,True,,,False,0.34417435656125694,0.16111552631147541
ibm-granite/granite-3.3-8b-instruct,irrelevant_context,20260835,256,scalar_fitted,0.45108036771756854,0.18435502838675716,0.53928571428571426,0.76547619047619053,0.46278810492654171,-0.022236365038265815,-0.016443538905165811,True,mistralai/Mistral-Nemo-Instruct-2407,0.48118962379944891,0.018401518872907197,0.00083673893616600936,True,,,False,0.34417435656125694,0.16111552631147541
ibm-granite/granite-3.3-8b-instruct,irrelevant_context,20260835,512,scalar_fitted,0.44164779942616073,0.1788831571332172,0.54047619047619044,0.78214285714285714,0.46278810492654171,-0.022236365038265815,-0.016443538905165811,True,mistralai/Mistral-Nemo-Instruct-2407,0.48118962379944891,0.018401518872907197,0.00083673893616600936,True,,,False,0.34417435656125694,0.16111552631147541
ibm-granite/granite-3.3-8b-instruct,irrelevant_context,20260835,0,vector_fitted,0.46560700814742334,0.2007032854717459,0.55714285714285716,0.77142857142857146,0.46597926303632686,-0.020469797073472462,-0.016443538905165811,True,mistralai/Mistral-Nemo-Instruct-2407,0.48118962379944891,0.015210360763122044,0.00083673893616600936,True,,,False,0.34417435656125694,0.16111552631147541
ibm-granite/granite-3.3-8b-instruct,irrelevant_context,20260835,64,vector_fitted,0.48924497346428281,0.21032985937623519,0.51190476190476186,0.76428571428571423,0.46597926303632686,-0.020469797073472462,-0.016443538905165811,True,mistralai/Mistral-Nemo-Instruct-2407,0.48118962379944891,0.015210360763122044,0.00083673893616600936,True,,,False,0.34417435656125694,0.16111552631147541
ibm-granite/granite-3.3-8b-instruct,irrelevant_context,20260835,128,vector_fitted,0.47637010107726163,0.20096824958868495,0.53928571428571426,0.77142857142857146,0.46597926303632686,-0.020469797073472462,-0.016443538905165811,True,mistralai/Mistral-Nemo-Instruct-2407,0.48118962379944891,0.015210360763122044,0.00083673893616600936,True,,,False,0.34417435656125694,0.16111552631147541
ibm-granite/granite-3.3-8b-instruct,irrelevant_context,20260835,256,vector_fitted,0.45353702141871594,0.18507208531065372,0.53928571428571426,0.7678571428571429,0.46597926303632686,-0.020469797073472462,-0.016443538905165811,True,mistralai/Mistral-Nemo-Instruct-2407,0.48118962379944891,0.015210360763122044,0.00083673893616600936,True,,,False,0.34417435656125694,0.16111552631147541
ibm-granite/granite-3.3-8b-instruct,irrelevant_context,20260835,512,vector_fitted,0.44513721107395088,0.17978650855501779,0.54047619047619044,0.77738095238095239,0.46597926303632686,-0.020469797073472462,-0.016443538905165811,True,mistralai/Mistral-Nemo-Instruct-2407,0.48118962379944891,0.015210360763122044,0.00083673893616600936,True,,,False,0.34417435656125694,0.16111552631147541
ibm-granite/granite-3.3-8b-instruct,irrelevant_context,20260836,0,scalar_fitted,0.47498785366254281,0.21025871153834305,0.5178571428571429,0.76428571428571423,0.46933143184221005,-0.027171147194920697,-0.017911060945053792,True,mistralai/Mistral-Nemo-Instruct-2407,0.48892045941106793,0.019589027568857886,-0.0060166400120157115,False,,,False,0.24796079139925806,0.1074055887631345
ibm-granite/granite-3.3-8b-instruct,irrelevant_context,20260836,64,scalar_fitted,0.48984731541521548,0.21287090697326944,0.49166666666666664,0.7595238095238096,0.46933143184221005,-0.027171147194920697,-0.017911060945053792,True,mistralai/Mistral-Nemo-Instruct-2407,0.48892045941106793,0.019589027568857886,-0.0060166400120157115,False,,,False,0.24796079139925806,0.1074055887631345
ibm-granite/granite-3.3-8b-instruct,irrelevant_context,20260836,128,scalar_fitted,0.47702261733584023,0.20257516516409188,0.51190476190476186,0.75833333333333341,0.46933143184221005,-0.027171147194920697,-0.017911060945053792,True,mistralai/Mistral-Nemo-Instruct-2407,0.48892045941106793,0.019589027568857886,-0.0060166400120157115,False,,,False,0.24796079139925806,0.1074055887631345
ibm-granite/granite-3.3-8b-instruct,irrelevant_context,20260836,256,scalar_fitted,0.45698266632982948,0.18918955188749401,0.52261904761904754,0.77023809523809528,0.46933143184221005,-0.027171147194920697,-0.017911060945053792,True,mistralai/Mistral-Nemo-Instruct-2407,0.48892045941106793,0.019589027568857886,-0.0060166400120157115,False,,,False,0.24796079139925806,0.1074055887631345
ibm-granite/granite-3.3-8b-instruct,irrelevant_context,20260836,512,scalar_fitted,0.44781670646762212,0.18391281952035479,0.53095238095238095,0.7857142857142857,0.46933143184221005,-0.027171147194920697,-0.017911060945053792,True,mistralai/Mistral-Nemo-Instruct-2407,0.48892045941106793,0.019589027568857886,-0.0060166400120157115,False,,,False,0.24796079139925806,0.1074055887631345
ibm-granite/granite-3.3-8b-instruct,irrelevant_context,20260836,0,vector_fitted,0.47523647968045413,0.20844916268072816,0.52857142857142858,0.75714285714285712,0.47093679933230559,-0.02485017925688271,-0.017911060945053792,True,mistralai/Mistral-Nemo-Instruct-2407,0.48892045941106793,0.017983660078762342,-0.0060166400120157115,False,,,False,0.24796079139925806,0.1074055887631345
ibm-granite/granite-3.3-8b-instruct,irrelevant_context,20260836,64,vector_fitted,0.49030448592550052,0.21097380329399479,0.49761904761904757,0.7583333333333333,0.47093679933230559,-0.02485017925688271,-0.017911060945053792,True,mistralai/Mistral-Nemo-Instruct-2407,0.48892045941106793,0.017983660078762342,-0.0060166400120157115,False,,,False,0.24796079139925806,0.1074055887631345
ibm-granite/granite-3.3-8b-instruct,irrelevant_context,20260836,128,vector_fitted,0.47941480424575339,0.20212578135183992,0.53095238095238095,0.76904761904761898,0.47093679933230559,-0.02485017925688271,-0.017911060945053792,True,mistralai/Mistral-Nemo-Instruct-2407,0.48892045941106793,0.017983660078762342,-0.0060166400120157115,False,,,False,0.24796079139925806,0.1074055887631345
ibm-granite/granite-3.3-8b-instruct,irrelevant_context,20260836,256,vector_fitted,0.45934192638624877,0.18903583501011537,0.53809523809523807,0.78452380952380962,0.47093679933230559,-0.02485017925688271,-0.017911060945053792,True,mistralai/Mistral-Nemo-Instruct-2407,0.48892045941106793,0.017983660078762342,-0.0060166400120157115,False,,,False,0.24796079139925806,0.1074055887631345
ibm-granite/granite-3.3-8b-instruct,irrelevant_context,20260836,512,vector_fitted,0.45038630042357142,0.18372921571030493,0.54523809523809519,0.79523809523809519,0.47093679933230559,-0.02485017925688271,-0.017911060945053792,True,mistralai/Mistral-Nemo-Instruct-2407,0.48892045941106793,0.017983660078762342,-0.0060166400120157115,False,,,False,0.24796079139925806,0.1074055887631345
ibm-granite/granite-3.3-8b-instruct,irrelevant_context,20260837,0,scalar_fitted,0.47765787350395866,0.20804916151769598,0.52500000000000002,0.79285714285714282,0.46566915377482321,-0.034144445342748408,-0.015140309088309739,True,mistralai/Mistral-Nemo-Instruct-2407,0.47414027823285776,0.0084711244580345513,0.00022969967421335169,True,,,False,0.33166828333342141,0.14665434390824356
ibm-granite/granite-3.3-8b-instruct,irrelevant_context,20260837,64,scalar_fitted,0.48303910704346636,0.20596888897954874,0.5083333333333333,0.78333333333333333,0.46566915377482321,-0.034144445342748408,-0.015140309088309739,True,mistralai/Mistral-Nemo-Instruct-2407,0.47414027823285776,0.0084711244580345513,0.00022969967421335169,True,,,False,0.33166828333342141,0.14665434390824356
ibm-granite/granite-3.3-8b-instruct,irrelevant_context,20260837,128,scalar_fitted,0.47142668481603045,0.19542025834198457,0.54285714285714282,0.80000000000000004,0.46566915377482321,-0.034144445342748408,-0.015140309088309739,True,mistralai/Mistral-Nemo-Instruct-2407,0.47414027823285776,0.0084711244580345513,0.00022969967421335169,True,,,False,0.33166828333342141,0.14665434390824356
ibm-granite/granite-3.3-8b-instruct,irrelevant_context,20260837,256,scalar_fitted,0.45270867534945053,0.18282999365000885,0.55000000000000004,0.79285714285714282,0.46566915377482321,-0.034144445342748408,-0.015140309088309739,True,mistralai/Mistral-Nemo-Instruct-2407,0.47414027823285776,0.0084711244580345513,0.00022969967421335169,True,,,False,0.33166828333342141,0.14665434390824356
ibm-granite/granite-3.3-8b-instruct,irrelevant_context,20260837,512,scalar_fitted,0.44351342816121025,0.1763078378757727,0.54642857142857137,0.79285714285714282,0.46566915377482321,-0.034144445342748408,-0.015140309088309739,True,mistralai/Mistral-Nemo-Instruct-2407,0.47414027823285776,0.0084711244580345513,0.00022969967421335169,True,,,False,0.33166828333342141,0.14665434390824356
ibm-granite/granite-3.3-8b-instruct,irrelevant_context,20260837,0,vector_fitted,0.48201943422371868,0.20993129899071597,0.52500000000000002,0.77500000000000002,0.47211109847073729,-0.030468354728995339,-0.015140309088309739,True,mistralai/Mistral-Nemo-Instruct-2407,0.47414027823285776,0.0020291797621204699,0.00022969967421335169,True,,,False,0.33166828333342141,0.14665434390824356
ibm-granite/granite-3.3-8b-instruct,irrelevant_context,20260837,64,vector_fitted,0.48967975074813819,0.20805402936882525,0.50238095238095237,0.77857142857142858,0.47211109847073729,-0.030468354728995339,-0.015140309088309739,True,mistralai/Mistral-Nemo-Instruct-2407,0.47414027823285776,0.0020291797621204699,0.00022969967421335169,True,,,False,0.33166828333342141,0.14665434390824356
ibm-granite/granite-3.3-8b-instruct,irrelevant_context,20260837,128,vector_fitted,0.47831878458090227,0.19796200354525126,0.54642857142857137,0.79285714285714282,0.47211109847073729,-0.030468354728995339,-0.015140309088309739,True,mistralai/Mistral-Nemo-Instruct-2407,0.47414027823285776,0.0020291797621204699,0.00022969967421335169,True,,,False,0.33166828333342141,0.14665434390824356
ibm-granite/granite-3.3-8b-instruct,irrelevant_context,20260837,256,vector_fitted,0.45898644330620392,0.18558356184473901,0.54761904761904756,0.79166666666666674,0.47211109847073729,-0.030468354728995339,-0.015140309088309739,True,mistralai/Mistral-Nemo-Instruct-2407,0.47414027823285776,0.0020291797621204699,0.00022969967421335169,True,,,False,0.33166828333342141,0.14665434390824356
ibm-granite/granite-3.3-8b-instruct,irrelevant_context,20260837,512,vector_fitted,0.45155107949472334,0.17953434861497691,0.54880952380952375,0.7952380952380953,0.47211109847073729,-0.030468354728995339,-0.015140309088309739,True,mistralai/Mistral-Nemo-Instruct-2407,0.47414027823285776,0.0020291797621204699,0.00022969967421335169,True,,,False,0.33166828333342141,0.14665434390824356
microsoft/Phi-4-reasoning-plus,content_deletion,20260828,0,scalar_fitted,0.31995519127462352,0.10470885367910422,0.6607142857142857,0.81785714285714284,0.34924091993507017,0.053520910731573446,0.01155649809186382,True,mistralai/Mistral-Nemo-Instruct-2407,0.42772929238826601,0.078488372453195843,0.040484524562072077,True,0.020459240187133076,0.0054135159253161091,True,0.14043211633355449,0.058502899638299022
microsoft/Phi-4-reasoning-plus,content_deletion,20260828,0.10000000000000001,scalar_fitted,0.33568157530503323,0.11102406679736655,0.59166666666666667,0.77976190476190477,0.34924091993507017,0.053520910731573446,0.01155649809186382,True,mistralai/Mistral-Nemo-Instruct-2407,0.42772929238826601,0.078488372453195843,0.040484524562072077,True,0.020459240187133076,0.0054135159253161091,True,0.14043211633355449,0.058502899638299022
microsoft/Phi-4-reasoning-plus,content_deletion,20260828,0.20000000000000001,scalar_fitted,0.35183924413138395,0.11789621129115047,0.55119047619047612,0.76309523809523816,0.34924091993507017,0.053520910731573446,0.01155649809186382,True,mistralai/Mistral-Nemo-Instruct-2407,0.42772929238826601,0.078488372453195843,0.040484524562072077,True,0.020459240187133076,0.0054135159253161091,True,0.14043211633355449,0.058502899638299022
microsoft/Phi-4-reasoning-plus,content_deletion,20260828,0.29999999999999999,scalar_fitted,0.36525248695811313,0.12384349570240834,0.5178571428571429,0.74761904761904763,0.34924091993507017,0.053520910731573446,0.01155649809186382,True,mistralai/Mistral-Nemo-Instruct-2407,0.42772929238826601,0.078488372453195843,0.040484524562072077,True,0.020459240187133076,0.0054135159253161091,True,0.14043211633355449,0.058502899638299022
microsoft/Phi-4-reasoning-plus,content_deletion,20260828,0.40000000000000002,scalar_fitted,0.37347610200619696,0.12663812937125826,0.51190476190476186,0.75833333333333341,0.34924091993507017,0.053520910731573446,0.01155649809186382,True,mistralai/Mistral-Nemo-Instruct-2407,0.42772929238826601,0.078488372453195843,0.040484524562072077,True,0.020459240187133076,0.0054135159253161091,True,0.14043211633355449,0.058502899638299022
microsoft/Phi-4-reasoning-plus,content_deletion,20260828,0,vector_fitted,0.32040715221176497,0.10445686928928309,0.6428571428571429,0.8035714285714286,0.34787337344818392,0.050952660111952042,0.01155649809186382,True,mistralai/Mistral-Nemo-Instruct-2407,0.42772929238826601,0.079855918940082093,0.040484524562072077,True,0.020459240187133076,0.0054135159253161091,True,0.14043211633355449,0.058502899638299022
microsoft/Phi-4-reasoning-plus,content_deletion,20260828,0.10000000000000001,vector_fitted,0.33388102954209964,0.10995579283728385,0.59642857142857142,0.78333333333333333,0.34787337344818392,0.050952660111952042,0.01155649809186382,True,mistralai/Mistral-Nemo-Instruct-2407,0.42772929238826601,0.079855918940082093,0.040484524562072077,True,0.020459240187133076,0.0054135159253161091,True,0.14043211633355449,0.058502899638299022
microsoft/Phi-4-reasoning-plus,content_deletion,20260828,0.20000000000000001,vector_fitted,0.35009291991164238,0.1168642562342659,0.54523809523809519,0.75833333333333341,0.34787337344818392,0.050952660111952042,0.01155649809186382,True,mistralai/Mistral-Nemo-Instruct-2407,0.42772929238826601,0.079855918940082093,0.040484524562072077,True,0.020459240187133076,0.0054135159253161091,True,0.14043211633355449,0.058502899638299022
microsoft/Phi-4-reasoning-plus,content_deletion,20260828,0.29999999999999999,vector_fitted,0.36362595325169544,0.12267758349746163,0.52023809523809517,0.75595238095238093,0.34787337344818392,0.050952660111952042,0.01155649809186382,True,mistralai/Mistral-Nemo-Instruct-2407,0.42772929238826601,0.079855918940082093,0.040484524562072077,True,0.020459240187133076,0.0054135159253161091,True,0.14043211633355449,0.058502899638299022
microsoft/Phi-4-reasoning-plus,content_deletion,20260828,0.40000000000000002,vector_fitted,0.37135981232371701,0.12560008275515766,0.50595238095238093,0.76309523809523816,0.34787337344818392,0.050952660111952042,0.01155649809186382,True,mistralai/Mistral-Nemo-Instruct-2407,0.42772929238826601,0.079855918940082093,0.040484524562072077,True,0.020459240187133076,0.0054135159253161091,True,0.14043211633355449,0.058502899638299022
microsoft/Phi-4-reasoning-plus,content_deletion,20260829,0,scalar_fitted,0.30416967940723771,0.097984317976907487,0.69285714285714284,0.84999999999999998,0.33517496175716388,0.057544268541404209,0.017316632281491939,True,mistralai/Mistral-Nemo-Instruct-2407,0.41391436427635331,0.078739402519189428,0.043530631433799843,True,0.022209655106658399,0.0082949733607146914,True,0.0853372437063592,0.042283189477459467
microsoft/Phi-4-reasoning-plus,content_deletion,20260829,0.10000000000000001,scalar_fitted,0.31860464841921793,0.10427010600166578,0.63214285714285712,0.82619047619047625,0.33517496175716388,0.057544268541404209,0.017316632281491939,True,mistralai/Mistral-Nemo-Instruct-2407,0.41391436427635331,0.078739402519189428,0.043530631433799843,True,0.022209655106658399,0.0082949733607146914,True,0.0853372437063592,0.042283189477459467
microsoft/Phi-4-reasoning-plus,content_deletion,20260829,0.20000000000000001,scalar_fitted,0.33712417898753011,0.1138845132274291,0.5892857142857143,0.7857142857142857,0.33517496175716388,0.057544268541404209,0.017316632281491939,True,mistralai/Mistral-Nemo-Instruct-2407,0.41391436427635331,0.078739402519189428,0.043530631433799843,True,0.022209655106658399,0.0082949733607146914,True,0.0853372437063592,0.042283189477459467
microsoft/Phi-4-reasoning-plus,content_deletion,20260829,0.29999999999999999,scalar_fitted,0.35426235402319151,0.12062832955739411,0.55476190476190468,0.78095238095238106,0.33517496175716388,0.057544268541404209,0.017316632281491939,True,mistralai/Mistral-Nemo-Instruct-2407,0.41391436427635331,0.078739402519189428,0.043530631433799843,True,0.022209655106658399,0.0082949733607146914,True,0.0853372437063592,0.042283189477459467
microsoft/Phi-4-reasoning-plus,content_deletion,20260829,0.40000000000000002,scalar_fitted,0.36171394794864192,0.12360814941350937,0.52976190476190466,0.7678571428571429,0.33517496175716388,0.057544268541404209,0.017316632281491939,True,mistralai/Mistral-Nemo-Instruct-2407,0.41391436427635331,0.078739402519189428,0.043530631433799843,True,0.022209655106658399,0.0082949733607146914,True,0.0853372437063592,0.042283189477459467
microsoft/Phi-4-reasoning-plus,content_deletion,20260829,0,vector_fitted,0.30643781793704672,0.098706376024520578,0.67500000000000004,0.83571428571428574,0.33583509540122614,0.054664973024909302,0.017316632281491939,True,mistralai/Mistral-Nemo-Instruct-2407,0.41391436427635331,0.078079268875127172,0.043530631433799843,True,0.022209655106658399,0.0082949733607146914,True,0.0853372437063592,0.042283189477459467
microsoft/Phi-4-reasoning-plus,content_deletion,20260829,0.10000000000000001,vector_fitted,0.32001548917701417,0.10451675688135055,0.6333333333333333,0.82976190476190481,0.33583509540122614,0.054664973024909302,0.017316632281491939,True,mistralai/Mistral-Nemo-Instruct-2407,0.41391436427635331,0.078079268875127172,0.043530631433799843,True,0.022209655106658399,0.0082949733607146914,True,0.0853372437063592,0.042283189477459467
microsoft/Phi-4-reasoning-plus,content_deletion,20260829,0.20000000000000001,vector_fitted,0.33755530773718462,0.11379898570199198,0.57857142857142863,0.77976190476190477,0.33583509540122614,0.054664973024909302,0.017316632281491939,True,mistralai/Mistral-Nemo-Instruct-2407,0.41391436427635331,0.078079268875127172,0.043530631433799843,True,0.022209655106658399,0.0082949733607146914,True,0.0853372437063592,0.042283189477459467
microsoft/Phi-4-reasoning-plus,content_deletion,20260829,0.29999999999999999,vector_fitted,0.35406407119292937,0.12030464047358877,0.55238095238095231,0.78690476190476188,0.33583509540122614,0.054664973024909302,0.017316632281491939,True,mistralai/Mistral-Nemo-Instruct-2407,0.41391436427635331,0.078079268875127172,0.043530631433799843,True,0.022209655106658399,0.0082949733607146914,True,0.0853372437063592,0.042283189477459467
microsoft/Phi-4-reasoning-plus,content_deletion,20260829,0.40000000000000002,vector_fitted,0.36110279096195602,0.12323331917219178,0.52976190476190466,0.76547619047619042,0.33583509540122614,0.054664973024909302,0.017316632281491939,True,mistralai/Mistral-Nemo-Instruct-2407,0.41391436427635331,0.078079268875127172,0.043530631433799843,True,0.022209655106658399,0.0082949733607146914,True,0.0853372437063592,0.042283189477459467
microsoft/Phi-4-reasoning-plus,content_deletion,20260830,0,scalar_fitted,0.31375960396454727,0.10084449971542116,0.6428571428571429,0.8571428571428571,0.3462635299978305,0.058898697940688582,0.012898434764435002,True,mistralai/Mistral-Nemo-Instruct-2407,0.42122993341024334,0.074966403412412841,0.045746492532713956,True,0.017062362477698101,0.0088481956496287151,True,0.096938693678908089,0.053848374119259579
microsoft/Phi-4-reasoning-plus,content_deletion,20260830,0.10000000000000001,scalar_fitted,0.3319939834685906,0.10762261782929278,0.59047619047619038,0.8214285714285714,0.3462635299978305,0.058898697940688582,0.012898434764435002,True,mistralai/Mistral-Nemo-Instruct-2407,0.42122993341024334,0.074966403412412841,0.045746492532713956,True,0.017062362477698101,0.0088481956496287151,True,0.096938693678908089,0.053848374119259579
microsoft/Phi-4-reasoning-plus,content_deletion,20260830,0.20000000000000001,scalar_fitted,0.34923357221647883,0.11661788811593579,0.52857142857142858,0.79285714285714282,0.3462635299978305,0.058898697940688582,0.012898434764435002,True,mistralai/Mistral-Nemo-Instruct-2407,0.42122993341024334,0.074966403412412841,0.045746492532713956,True,0.017062362477698101,0.0088481956496287151,True,0.096938693678908089,0.053848374119259579
microsoft/Phi-4-reasoning-plus,content_deletion,20260830,0.29999999999999999,scalar_fitted,0.36367218843429988,0.12282590195358491,0.51666666666666661,0.80714285714285716,0.3462635299978305,0.058898697940688582,0.012898434764435002,True,mistralai/Mistral-Nemo-Instruct-2407,0.42122993341024334,0.074966403412412841,0.045746492532713956,True,0.017062362477698101,0.0088481956496287151,True,0.096938693678908089,0.053848374119259579
microsoft/Phi-4-reasoning-plus,content_deletion,20260830,0.40000000000000002,scalar_fitted,0.37265830190523586,0.12708464677057443,0.48452380952380958,0.79880952380952386,0.3462635299978305,0.058898697940688582,0.012898434764435002,True,mistralai/Mistral-Nemo-Instruct-2407,0.42122993341024334,0.074966403412412841,0.045746492532713956,True,0.017062362477698101,0.0088481956496287151,True,0.096938693678908089,0.053848374119259579
microsoft/Phi-4-reasoning-plus,content_deletion,20260830,0,vector_fitted,0.3092781867075875,0.098923171580261857,0.6607142857142857,0.86785714285714288,0.34380606913760259,0.062249783998645447,0.012898434764435002,True,mistralai/Mistral-Nemo-Instruct-2407,0.42122993341024334,0.077423864272640752,0.045746492532713956,True,0.017062362477698101,0.0088481956496287151,True,0.096938693678908089,0.053848374119259579
microsoft/Phi-4-reasoning-plus,content_deletion,20260830,0.10000000000000001,vector_fitted,0.32908203509495976,0.10635496685881549,0.60952380952380947,0.83333333333333337,0.34380606913760259,0.062249783998645447,0.012898434764435002,True,mistralai/Mistral-Nemo-Instruct-2407,0.42122993341024334,0.077423864272640752,0.045746492532713956,True,0.017062362477698101,0.0088481956496287151,True,0.096938693678908089,0.053848374119259579
microsoft/Phi-4-reasoning-plus,content_deletion,20260830,0.20000000000000001,vector_fitted,0.34683815691801961,0.11559199399804772,0.54880952380952386,0.80833333333333335,0.34380606913760259,0.062249783998645447,0.012898434764435002,True,mistralai/Mistral-Nemo-Instruct-2407,0.42122993341024334,0.077423864272640752,0.045746492532713956,True,0.017062362477698101,0.0088481956496287151,True,0.096938693678908089,0.053848374119259579
microsoft/Phi-4-reasoning-plus,content_deletion,20260830,0.29999999999999999,vector_fitted,0.36230399626121307,0.12205405406493795,0.52738095238095239,0.81428571428571428,0.34380606913760259,0.062249783998645447,0.012898434764435002,True,mistralai/Mistral-Nemo-Instruct-2407,0.42122993341024334,0.077423864272640752,0.045746492532713956,True,0.017062362477698101,0.0088481956496287151,True,0.096938693678908089,0.053848374119259579
microsoft/Phi-4-reasoning-plus,content_deletion,20260830,0.40000000000000002,vector_fitted,0.37152797070623295,0.12636079747050369,0.49285714285714288,0.80119047619047623,0.34380606913760259,0.062249783998645447,0.012898434764435002,True,mistralai/Mistral-Nemo-Instruct-2407,0.42122993341024334,0.077423864272640752,0.045746492532713956,True,0.017062362477698101,0.0088481956496287151,True,0.096938693678908089,0.053848374119259579
microsoft/Phi-4-reasoning-plus,content_deletion,20260831,0,scalar_fitted,0.3165886146029161,0.10413723839797195,0.6607142857142857,0.83571428571428574,0.34229606682578639,0.052281849894602772,0.0083343304005289442,True,mistralai/Mistral-Nemo-Instruct-2407,0.40941941120909792,0.067123344383311523,0.034570770236131504,True,0.022923433873373866,0.01169745445920306,True,0.17118403074836189,0.084887697932344103
microsoft/Phi-4-reasoning-plus,content_deletion,20260831,0.10000000000000001,scalar_fitted,0.32662839082042272,0.10871734335791659,0.62142857142857144,0.81666666666666676,0.34229606682578639,0.052281849894602772,0.0083343304005289442,True,mistralai/Mistral-Nemo-Instruct-2407,0.40941941120909792,0.067123344383311523,0.034570770236131504,True,0.022923433873373866,0.01169745445920306,True,0.17118403074836189,0.084887697932344103
microsoft/Phi-4-reasoning-plus,content_deletion,20260831,0.20000000000000001,scalar_fitted,0.34126623811386514,0.11595901421951678,0.58571428571428574,0.80595238095238098,0.34229606682578639,0.052281849894602772,0.0083343304005289442,True,mistralai/Mistral-Nemo-Instruct-2407,0.40941941120909792,0.067123344383311523,0.034570770236131504,True,0.022923433873373866,0.01169745445920306,True,0.17118403074836189,0.084887697932344103
microsoft/Phi-4-reasoning-plus,content_deletion,20260831,0.29999999999999999,scalar_fitted,0.35812662609420898,0.12362439237336158,0.53452380952380951,0.79047619047619055,0.34229606682578639,0.052281849894602772,0.0083343304005289442,True,mistralai/Mistral-Nemo-Instruct-2407,0.40941941120909792,0.067123344383311523,0.034570770236131504,True,0.022923433873373866,0.01169745445920306,True,0.17118403074836189,0.084887697932344103
microsoft/Phi-4-reasoning-plus,content_deletion,20260831,0.40000000000000002,scalar_fitted,0.36887046449751887,0.12763116059921292,0.51190476190476186,0.78809523809523818,0.34229606682578639,0.052281849894602772,0.0083343304005289442,True,mistralai/Mistral-Nemo-Instruct-2407,0.40941941120909792,0.067123344383311523,0.034570770236131504,True,0.022923433873373866,0.01169745445920306,True,0.17118403074836189,0.084887697932344103
microsoft/Phi-4-reasoning-plus,content_deletion,20260831,0,vector_fitted,0.31046288923649579,0.10115506952974049,0.65714285714285714,0.83571428571428574,0.33788029746670262,0.054833757875793754,0.0083343304005289442,True,mistralai/Mistral-Nemo-Instruct-2407,0.40941941120909792,0.071539113742395299,0.034570770236131504,True,0.022923433873373866,0.01169745445920306,True,0.17118403074836189,0.084887697932344103
microsoft/Phi-4-reasoning-plus,content_deletion,20260831,0.10000000000000001,vector_fitted,0.32216298752269745,0.10629142206269658,0.62976190476190474,0.82619047619047625,0.33788029746670262,0.054833757875793754,0.0083343304005289442,True,mistralai/Mistral-Nemo-Instruct-2407,0.40941941120909792,0.071539113742395299,0.034570770236131504,True,0.022923433873373866,0.01169745445920306,True,0.17118403074836189,0.084887697932344103
microsoft/Phi-4-reasoning-plus,content_deletion,20260831,0.20000000000000001,vector_fitted,0.33717002976865129,0.11352578073954223,0.59523809523809534,0.80714285714285716,0.33788029746670262,0.054833757875793754,0.0083343304005289442,True,mistralai/Mistral-Nemo-Instruct-2407,0.40941941120909792,0.071539113742395299,0.034570770236131504,True,0.022923433873373866,0.01169745445920306,True,0.17118403074836189,0.084887697932344103
microsoft/Phi-4-reasoning-plus,content_deletion,20260831,0.29999999999999999,vector_fitted,0.35430893369337896,0.12117779255691791,0.54166666666666663,0.79047619047619044,0.33788029746670262,0.054833757875793754,0.0083343304005289442,True,mistralai/Mistral-Nemo-Instruct-2407,0.40941941120909792,0.071539113742395299,0.034570770236131504,True,0.022923433873373866,0.01169745445920306,True,0.17118403074836189,0.084887697932344103
microsoft/Phi-4-reasoning-plus,content_deletion,20260831,0.40000000000000002,vector_fitted,0.36529664711228954,0.12552281570583257,0.52023809523809517,0.79761904761904756,0.33788029746670262,0.054833757875793754,0.0083343304005289442,True,mistralai/Mistral-Nemo-Instruct-2407,0.40941941120909792,0.071539113742395299,0.034570770236131504,True,0.022923433873373866,0.01169745445920306,True,0.17118403074836189,0.084887697932344103
microsoft/Phi-4-reasoning-plus,content_deletion,20260832,0,scalar_fitted,0.31524902290022955,0.10278161807413203,0.65357142857142858,0.81428571428571428,0.34501421415133898,0.05564147949846987,0.00075576129131088576,True,mistralai/Mistral-Nemo-Instruct-2407,0.41199835661098455,0.066984142459645568,0.035518954883918014,True,0.020257235510075244,0.0078227048645780894,True,0.13638424432310725,0.067668166065277729
microsoft/Phi-4-reasoning-plus,content_deletion,20260832,0.10000000000000001,scalar_fitted,0.32882276188349541,0.11008580447772172,0.61309523809523814,0.79761904761904767,0.34501421415133898,0.05564147949846987,0.00075576129131088576,True,mistralai/Mistral-Nemo-Instruct-2407,0.41199835661098455,0.066984142459645568,0.035518954883918014,True,0.020257235510075244,0.0078227048645780894,True,0.13638424432310725,0.067668166065277729
microsoft/Phi-4-reasoning-plus,content_deletion,20260832,0.20000000000000001,scalar_fitted,0.34915348817462483,0.11874656750945051,0.57261904761904758,0.78095238095238106,0.34501421415133898,0.05564147949846987,0.00075576129131088576,True,mistralai/Mistral-Nemo-Instruct-2407,0.41199835661098455,0.066984142459645568,0.035518954883918014,True,0.020257235510075244,0.0078227048645780894,True,0.13638424432310725,0.067668166065277729
microsoft/Phi-4-reasoning-plus,content_deletion,20260832,0.29999999999999999,scalar_fitted,0.36095529539964577,0.12332095690190578,0.53809523809523807,0.79285714285714282,0.34501421415133898,0.05564147949846987,0.00075576129131088576,True,mistralai/Mistral-Nemo-Instruct-2407,0.41199835661098455,0.066984142459645568,0.035518954883918014,True,0.020257235510075244,0.0078227048645780894,True,0.13638424432310725,0.067668166065277729
microsoft/Phi-4-reasoning-plus,content_deletion,20260832,0.40000000000000002,scalar_fitted,0.37089050239869942,0.1267960435811977,0.51071428571428568,0.77261904761904765,0.34501421415133898,0.05564147949846987,0.00075576129131088576,True,mistralai/Mistral-Nemo-Instruct-2407,0.41199835661098455,0.066984142459645568,0.035518954883918014,True,0.020257235510075244,0.0078227048645780894,True,0.13638424432310725,0.067668166065277729
microsoft/Phi-4-reasoning-plus,content_deletion,20260832,0,vector_fitted,0.31159104776570018,0.10087411798600215,0.66428571428571426,0.82499999999999996,0.34112610090528478,0.054938848177774335,0.00075576129131088576,True,mistralai/Mistral-Nemo-Instruct-2407,0.41199835661098455,0.070872255705699772,0.035518954883918014,True,0.020257235510075244,0.0078227048645780894,True,0.13638424432310725,0.067668166065277729
microsoft/Phi-4-reasoning-plus,content_deletion,20260832,0.10000000000000001,vector_fitted,0.32524370652263984,0.10797179781442463,0.61309523809523814,0.80119047619047623,0.34112610090528478,0.054938848177774335,0.00075576129131088576,True,mistralai/Mistral-Nemo-Instruct-2407,0.41199835661098455,0.070872255705699772,0.035518954883918014,True,0.020257235510075244,0.0078227048645780894,True,0.13638424432310725,0.067668166065277729
microsoft/Phi-4-reasoning-plus,content_deletion,20260832,0.20000000000000001,vector_fitted,0.34522357375778451,0.11642971702281435,0.57023809523809521,0.78214285714285714,0.34112610090528478,0.054938848177774335,0.00075576129131088576,True,mistralai/Mistral-Nemo-Instruct-2407,0.41199835661098455,0.070872255705699772,0.035518954883918014,True,0.020257235510075244,0.0078227048645780894,True,0.13638424432310725,0.067668166065277729
microsoft/Phi-4-reasoning-plus,content_deletion,20260832,0.29999999999999999,vector_fitted,0.3570422805368248,0.12097662878232658,0.53809523809523807,0.78809523809523818,0.34112610090528478,0.054938848177774335,0.00075576129131088576,True,mistralai/Mistral-Nemo-Instruct-2407,0.41199835661098455,0.070872255705699772,0.035518954883918014,True,0.020257235510075244,0.0078227048645780894,True,0.13638424432310725,0.067668166065277729
microsoft/Phi-4-reasoning-plus,content_deletion,20260832,0.40000000000000002,vector_fitted,0.36652989594347452,0.12444705434385034,0.50595238095238093,0.76904761904761898,0.34112610090528478,0.054938848177774335,0.00075576129131088576,True,mistralai/Mistral-Nemo-Instruct-2407,0.41199835661098455,0.070872255705699772,0.035518954883918014,True,0.020257235510075244,0.0078227048645780894,True,0.13638424432310725,0.067668166065277729
microsoft/Phi-4-reasoning-plus,content_deletion,20260833,0,scalar_fitted,0.32609626954555032,0.10524811639223873,0.63928571428571423,0.8214285714285714,0.3504540007828213,0.044890133749000749,-0.004603687691857955,False,mistralai/Mistral-Nemo-Instruct-2407,0.42406806580699358,0.073614065024172282,0.041025079316654472,True,0.021390754802286027,0.010013321120405011,True,0.19411183957976705,0.08889024401315189
microsoft/Phi-4-reasoning-plus,content_deletion,20260833,0.10000000000000001,scalar_fitted,0.33828715277405613,0.11121209511805569,0.59999999999999998,0.81309523809523809,0.3504540007828213,0.044890133749000749,-0.004603687691857955,False,mistralai/Mistral-Nemo-Instruct-2407,0.42406806580699358,0.073614065024172282,0.041025079316654472,True,0.021390754802286027,0.010013321120405011,True,0.19411183957976705,0.08889024401315189
microsoft/Phi-4-reasoning-plus,content_deletion,20260833,0.20000000000000001,scalar_fitted,0.35361107456917162,0.11850489711606887,0.55000000000000004,0.77976190476190477,0.3504540007828213,0.044890133749000749,-0.004603687691857955,False,mistralai/Mistral-Nemo-Instruct-2407,0.42406806580699358,0.073614065024172282,0.041025079316654472,True,0.021390754802286027,0.010013321120405011,True,0.19411183957976705,0.08889024401315189
microsoft/Phi-4-reasoning-plus,content_deletion,20260833,0.29999999999999999,scalar_fitted,0.36328910373077744,0.1239671268975079,0.52500000000000002,0.78214285714285714,0.3504540007828213,0.044890133749000749,-0.004603687691857955,False,mistralai/Mistral-Nemo-Instruct-2407,0.42406806580699358,0.073614065024172282,0.041025079316654472,True,0.021390754802286027,0.010013321120405011,True,0.19411183957976705,0.08889024401315189
microsoft/Phi-4-reasoning-plus,content_deletion,20260833,0.40000000000000002,scalar_fitted,0.37098640329455107,0.12682566266611051,0.5178571428571429,0.77976190476190466,0.3504540007828213,0.044890133749000749,-0.004603687691857955,False,mistralai/Mistral-Nemo-Instruct-2407,0.42406806580699358,0.073614065024172282,0.041025079316654472,True,0.021390754802286027,0.010013321120405011,True,0.19411183957976705,0.08889024401315189
microsoft/Phi-4-reasoning-plus,content_deletion,20260833,0,vector_fitted,0.32054330740405051,0.10272053046730181,0.65714285714285714,0.82499999999999996,0.34572079275662432,0.045071934928974045,-0.004603687691857955,False,mistralai/Mistral-Nemo-Instruct-2407,0.42406806580699358,0.078347273050369259,0.041025079316654472,True,0.021390754802286027,0.010013321120405011,True,0.19411183957976705,0.08889024401315189
microsoft/Phi-4-reasoning-plus,content_deletion,20260833,0.10000000000000001,vector_fitted,0.33394705444948308,0.10898356820075479,0.6071428571428571,0.82738095238095244,0.34572079275662432,0.045071934928974045,-0.004603687691857955,False,mistralai/Mistral-Nemo-Instruct-2407,0.42406806580699358,0.078347273050369259,0.041025079316654472,True,0.021390754802286027,0.010013321120405011,True,0.19411183957976705,0.08889024401315189
microsoft/Phi-4-reasoning-plus,content_deletion,20260833,0.20000000000000001,vector_fitted,0.34946652565456748,0.11621534151724262,0.56785714285714284,0.794047619047619,0.34572079275662432,0.045071934928974045,-0.004603687691857955,False,mistralai/Mistral-Nemo-Instruct-2407,0.42406806580699358,0.078347273050369259,0.041025079316654472,True,0.021390754802286027,0.010013321120405011,True,0.19411183957976705,0.08889024401315189
microsoft/Phi-4-reasoning-plus,content_deletion,20260833,0.29999999999999999,vector_fitted,0.35903183394199606,0.12172016753567035,0.53333333333333321,0.78690476190476188,0.34572079275662432,0.045071934928974045,-0.004603687691857955,False,mistralai/Mistral-Nemo-Instruct-2407,0.42406806580699358,0.078347273050369259,0.041025079316654472,True,0.021390754802286027,0.010013321120405011,True,0.19411183957976705,0.08889024401315189
microsoft/Phi-4-reasoning-plus,content_deletion,20260833,0.40000000000000002,vector_fitted,0.36561524233302456,0.12397783149250718,0.52976190476190466,0.79285714285714282,0.34572079275662432,0.045071934928974045,-0.004603687691857955,False,mistralai/Mistral-Nemo-Instruct-2407,0.42406806580699358,0.078347273050369259,0.041025079316654472,True,0.021390754802286027,0.010013321120405011,True,0.19411183957976705,0.08889024401315189
microsoft/Phi-4-reasoning-plus,content_deletion,20260834,0,scalar_fitted,0.31731276163833166,0.10180173722649173,0.625,0.80000000000000004,0.34745590884876743,0.049939820472398089,0.00016321515116565766,True,mistralai/Mistral-Nemo-Instruct-2407,0.43013384788132347,0.082677939032556047,0.050479416894875784,True,0.020697043761819078,0.0083475736896629626,True,0.085215267296230718,0.036830812542884735
microsoft/Phi-4-reasoning-plus,content_deletion,20260834,0.10000000000000001,scalar_fitted,0.33177000188828509,0.10861749851197502,0.59285714285714286,0.79047619047619044,0.34745590884876743,0.049939820472398089,0.00016321515116565766,True,mistralai/Mistral-Nemo-Instruct-2407,0.43013384788132347,0.082677939032556047,0.050479416894875784,True,0.020697043761819078,0.0083475736896629626,True,0.085215267296230718,0.036830812542884735
microsoft/Phi-4-reasoning-plus,content_deletion,20260834,0.20000000000000001,scalar_fitted,0.35617822094554352,0.12045248606875206,0.5357142857142857,0.77023809523809528,0.34745590884876743,0.049939820472398089,0.00016321515116565766,True,mistralai/Mistral-Nemo-Instruct-2407,0.43013384788132347,0.082677939032556047,0.050479416894875784,True,0.020697043761819078,0.0083475736896629626,True,0.085215267296230718,0.036830812542884735
microsoft/Phi-4-reasoning-plus,content_deletion,20260834,0.29999999999999999,scalar_fitted,0.36476597766094709,0.12405012635807357,0.51547619047619042,0.77976190476190477,0.34745590884876743,0.049939820472398089,0.00016321515116565766,True,mistralai/Mistral-Nemo-Instruct-2407,0.43013384788132347,0.082677939032556047,0.050479416894875784,True,0.020697043761819078,0.0083475736896629626,True,0.085215267296230718,0.036830812542884735
microsoft/Phi-4-reasoning-plus,content_deletion,20260834,0.40000000000000002,scalar_fitted,0.36725258211072975,0.12489054112373402,0.50714285714285712,0.77976190476190466,0.34745590884876743,0.049939820472398089,0.00016321515116565766,True,mistralai/Mistral-Nemo-Instruct-2407,0.43013384788132347,0.082677939032556047,0.050479416894875784,True,0.020697043761819078,0.0083475736896629626,True,0.085215267296230718,0.036830812542884735
microsoft/Phi-4-reasoning-plus,content_deletion,20260834,0,vector_fitted,0.31506686361705544,0.10113289583044151,0.62857142857142856,0.80000000000000004,0.34667413264796371,0.052375654828151263,0.00016321515116565766,True,mistralai/Mistral-Nemo-Instruct-2407,0.43013384788132347,0.083459715233359766,0.050479416894875784,True,0.020697043761819078,0.0083475736896629626,True,0.085215267296230718,0.036830812542884735
microsoft/Phi-4-reasoning-plus,content_deletion,20260834,0.10000000000000001,vector_fitted,0.33064985087000709,0.10839064378105594,0.60357142857142854,0.80238095238095242,0.34667413264796371,0.052375654828151263,0.00016321515116565766,True,mistralai/Mistral-Nemo-Instruct-2407,0.43013384788132347,0.083459715233359766,0.050479416894875784,True,0.020697043761819078,0.0083475736896629626,True,0.085215267296230718,0.036830812542884735
microsoft/Phi-4-reasoning-plus,content_deletion,20260834,0.20000000000000001,vector_fitted,0.35587575143746303,0.12042032433865905,0.54285714285714282,0.77619047619047621,0.34667413264796371,0.052375654828151263,0.00016321515116565766,True,mistralai/Mistral-Nemo-Instruct-2407,0.43013384788132347,0.083459715233359766,0.050479416894875784,True,0.020697043761819078,0.0083475736896629626,True,0.085215267296230718,0.036830812542884735
microsoft/Phi-4-reasoning-plus,content_deletion,20260834,0.29999999999999999,vector_fitted,0.36433567887008628,0.12414508801364099,0.52023809523809517,0.78452380952380962,0.34667413264796371,0.052375654828151263,0.00016321515116565766,True,mistralai/Mistral-Nemo-Instruct-2407,0.43013384788132347,0.083459715233359766,0.050479416894875784,True,0.020697043761819078,0.0083475736896629626,True,0.085215267296230718,0.036830812542884735
microsoft/Phi-4-reasoning-plus,content_deletion,20260834,0.40000000000000002,vector_fitted,0.3674425184452067,0.12529490925955103,0.51190476190476186,0.7761904761904761,0.34667413264796371,0.052375654828151263,0.00016321515116565766,True,mistralai/Mistral-Nemo-Instruct-2407,0.43013384788132347,0.083459715233359766,0.050479416894875784,True,0.020697043761819078,0.0083475736896629626,True,0.085215267296230718,0.036830812542884735
microsoft/Phi-4-reasoning-plus,content_deletion,20260835,0,scalar_fitted,0.31676674715599568,0.10321852942193908,0.65000000000000002,0.82857142857142863,0.35391648579300872,0.065399769191551604,0.0085373185539014129,True,mistralai/Mistral-Nemo-Instruct-2407,0.41924099250897379,0.065324506715965069,0.029643220661397351,True,0.016908775347186766,0.00443611524457177,True,0.1803723767864481,0.085195721289940018
microsoft/Phi-4-reasoning-plus,content_deletion,20260835,0.10000000000000001,scalar_fitted,0.33511986359543833,0.11096560831827187,0.59880952380952379,0.79404761904761911,0.35391648579300872,0.065399769191551604,0.0085373185539014129,True,mistralai/Mistral-Nemo-Instruct-2407,0.41924099250897379,0.065324506715965069,0.029643220661397351,True,0.016908775347186766,0.00443611524457177,True,0.1803723767864481,0.085195721289940018
microsoft/Phi-4-reasoning-plus,content_deletion,20260835,0.20000000000000001,scalar_fitted,0.36071318204890829,0.12345085133730878,0.5357142857142857,0.76190476190476197,0.35391648579300872,0.065399769191551604,0.0085373185539014129,True,mistralai/Mistral-Nemo-Instruct-2407,0.41924099250897379,0.065324506715965069,0.029643220661397351,True,0.016908775347186766,0.00443611524457177,True,0.1803723767864481,0.085195721289940018
microsoft/Phi-4-reasoning-plus,content_deletion,20260835,0.29999999999999999,scalar_fitted,0.37481611981715407,0.12894191703004029,0.49761904761904757,0.76190476190476197,0.35391648579300872,0.065399769191551604,0.0085373185539014129,True,mistralai/Mistral-Nemo-Instruct-2407,0.41924099250897379,0.065324506715965069,0.029643220661397351,True,0.016908775347186766,0.00443611524457177,True,0.1803723767864481,0.085195721289940018
microsoft/Phi-4-reasoning-plus,content_deletion,20260835,0.40000000000000002,scalar_fitted,0.38216651634754728,0.13175000015102173,0.48571428571428571,0.76190476190476197,0.35391648579300872,0.065399769191551604,0.0085373185539014129,True,mistralai/Mistral-Nemo-Instruct-2407,0.41924099250897379,0.065324506715965069,0.029643220661397351,True,0.016908775347186766,0.00443611524457177,True,0.1803723767864481,0.085195721289940018
microsoft/Phi-4-reasoning-plus,content_deletion,20260835,0,vector_fitted,0.31275654765886879,0.10137346068809754,0.66428571428571426,0.8392857142857143,0.35053591311946902,0.066266831137387128,0.0085373185539014129,True,mistralai/Mistral-Nemo-Instruct-2407,0.41924099250897379,0.068705079389504764,0.029643220661397351,True,0.016908775347186766,0.00443611524457177,True,0.1803723767864481,0.085195721289940018
microsoft/Phi-4-reasoning-plus,content_deletion,20260835,0.10000000000000001,vector_fitted,0.33108398090440289,0.10882834337695209,0.60595238095238091,0.79880952380952375,0.35053591311946902,0.066266831137387128,0.0085373185539014129,True,mistralai/Mistral-Nemo-Instruct-2407,0.41924099250897379,0.068705079389504764,0.029643220661397351,True,0.016908775347186766,0.00443611524457177,True,0.1803723767864481,0.085195721289940018
microsoft/Phi-4-reasoning-plus,content_deletion,20260835,0.20000000000000001,vector_fitted,0.35761662185519877,0.12154318276115467,0.53452380952380951,0.76428571428571423,0.35053591311946902,0.066266831137387128,0.0085373185539014129,True,mistralai/Mistral-Nemo-Instruct-2407,0.41924099250897379,0.068705079389504764,0.029643220661397351,True,0.016908775347186766,0.00443611524457177,True,0.1803723767864481,0.085195721289940018
microsoft/Phi-4-reasoning-plus,content_deletion,20260835,0.29999999999999999,vector_fitted,0.37219903638261892,0.12732510678910167,0.5,0.76190476190476197,0.35053591311946902,0.066266831137387128,0.0085373185539014129,True,mistralai/Mistral-Nemo-Instruct-2407,0.41924099250897379,0.068705079389504764,0.029643220661397351,True,0.016908775347186766,0.00443611524457177,True,0.1803723767864481,0.085195721289940018
microsoft/Phi-4-reasoning-plus,content_deletion,20260835,0.40000000000000002,vector_fitted,0.37902337879625592,0.13028252200873813,0.48690476190476184,0.76190476190476186,0.35053591311946902,0.066266831137387128,0.0085373185539014129,True,mistralai/Mistral-Nemo-Instruct-2407,0.41924099250897379,0.068705079389504764,0.029643220661397351,True,0.016908775347186766,0.00443611524457177,True,0.1803723767864481,0.085195721289940018
microsoft/Phi-4-reasoning-plus,content_deletion,20260836,0,scalar_fitted,0.31139196465420826,0.10048812844073408,0.63571428571428568,0.8214285714285714,0.34841687736011701,0.064923571217948728,0.012302750396492701,True,mistralai/Mistral-Nemo-Instruct-2407,0.41904258459238353,0.070625707232266521,0.035988842323939202,True,0.018536408356075285,0.0057105990119999117,True,0.14564431480209675,0.074740857431374652
microsoft/Phi-4-reasoning-plus,content_deletion,20260836,0.10000000000000001,scalar_fitted,0.33268764362358583,0.11040259319984069,0.59523809523809523,0.80476190476190468,0.34841687736011701,0.064923571217948728,0.012302750396492701,True,mistralai/Mistral-Nemo-Instruct-2407,0.41904258459238353,0.070625707232266521,0.035988842323939202,True,0.018536408356075285,0.0057105990119999117,True,0.14564431480209675,0.074740857431374652
microsoft/Phi-4-reasoning-plus,content_deletion,20260836,0.20000000000000001,scalar_fitted,0.35186636955549766,0.11848669491456906,0.55119047619047612,0.78452380952380951,0.34841687736011701,0.064923571217948728,0.012302750396492701,True,mistralai/Mistral-Nemo-Instruct-2407,0.41904258459238353,0.070625707232266521,0.035988842323939202,True,0.018536408356075285,0.0057105990119999117,True,0.14564431480209675,0.074740857431374652
microsoft/Phi-4-reasoning-plus,content_deletion,20260836,0.29999999999999999,scalar_fitted,0.36982287309513628,0.12597134780131347,0.50476190476190474,0.77500000000000002,0.34841687736011701,0.064923571217948728,0.012302750396492701,True,mistralai/Mistral-Nemo-Instruct-2407,0.41904258459238353,0.070625707232266521,0.035988842323939202,True,0.018536408356075285,0.0057105990119999117,True,0.14564431480209675,0.074740857431374652
microsoft/Phi-4-reasoning-plus,content_deletion,20260836,0.40000000000000002,scalar_fitted,0.37631553587215699,0.12836664002883483,0.50238095238095237,0.77738095238095239,0.34841687736011701,0.064923571217948728,0.012302750396492701,True,mistralai/Mistral-Nemo-Instruct-2407,0.41904258459238353,0.070625707232266521,0.035988842323939202,True,0.018536408356075285,0.0057105990119999117,True,0.14564431480209675,0.074740857431374652
microsoft/Phi-4-reasoning-plus,content_deletion,20260836,0,vector_fitted,0.30715585487863156,0.098776731700144227,0.65000000000000002,0.83214285714285718,0.34519446793852537,0.066249274081048637,0.012302750396492701,True,mistralai/Mistral-Nemo-Instruct-2407,0.41904258459238353,0.073848116653858153,0.035988842323939202,True,0.018536408356075285,0.0057105990119999117,True,0.14564431480209675,0.074740857431374652
microsoft/Phi-4-reasoning-plus,content_deletion,20260836,0.10000000000000001,vector_fitted,0.32917165206695848,0.10864396909051344,0.6071428571428571,0.81428571428571428,0.34519446793852537,0.066249274081048637,0.012302750396492701,True,mistralai/Mistral-Nemo-Instruct-2407,0.41904258459238353,0.073848116653858153,0.035988842323939202,True,0.018536408356075285,0.0057105990119999117,True,0.14564431480209675,0.074740857431374652
microsoft/Phi-4-reasoning-plus,content_deletion,20260836,0.20000000000000001,vector_fitted,0.34901493704574954,0.11689174275561179,0.55595238095238086,0.79047619047619044,0.34519446793852537,0.066249274081048637,0.012302750396492701,True,mistralai/Mistral-Nemo-Instruct-2407,0.41904258459238353,0.073848116653858153,0.035988842323939202,True,0.018536408356075285,0.0057105990119999117,True,0.14564431480209675,0.074740857431374652
microsoft/Phi-4-reasoning-plus,content_deletion,20260836,0.29999999999999999,vector_fitted,0.36722476674160703,0.1246108326382193,0.50714285714285712,0.77023809523809517,0.34519446793852537,0.066249274081048637,0.012302750396492701,True,mistralai/Mistral-Nemo-Instruct-2407,0.41904258459238353,0.073848116653858153,0.035988842323939202,True,0.018536408356075285,0.0057105990119999117,True,0.14564431480209675,0.074740857431374652
microsoft/Phi-4-reasoning-plus,content_deletion,20260836,0.40000000000000002,vector_fitted,0.3734051289596802,0.12706888713709238,0.50119047619047608,0.77380952380952384,0.34519446793852537,0.066249274081048637,0.012302750396492701,True,mistralai/Mistral-Nemo-Instruct-2407,0.41904258459238353,0.073848116653858153,0.035988842323939202,True,0.018536408356075285,0.0057105990119999117,True,0.14564431480209675,0.074740857431374652
microsoft/Phi-4-reasoning-plus,content_deletion,20260837,0,scalar_fitted,0.32039432639510101,0.10374255915497804,0.64642857142857146,0.83571428571428574,0.35368817199898583,0.057853378218531426,0.012076492798780869,True,mistralai/Mistral-Nemo-Instruct-2407,0.42840262973367854,0.074714457734692707,0.039019383426756177,True,0.022381043107321363,0.011367126853981002,True,0.12732220250935397,0.074534944003073145
microsoft/Phi-4-reasoning-plus,content_deletion,20260837,0.10000000000000001,scalar_fitted,0.33946857055306712,0.11207925840714754,0.58571428571428574,0.80714285714285716,0.35368817199898583,0.057853378218531426,0.012076492798780869,True,mistralai/Mistral-Nemo-Instruct-2407,0.42840262973367854,0.074714457734692707,0.039019383426756177,True,0.022381043107321363,0.011367126853981002,True,0.12732220250935397,0.074534944003073145
microsoft/Phi-4-reasoning-plus,content_deletion,20260837,0.20000000000000001,scalar_fitted,0.35910545899587276,0.12028450730015834,0.5178571428571429,0.7595238095238096,0.35368817199898583,0.057853378218531426,0.012076492798780869,True,mistralai/Mistral-Nemo-Instruct-2407,0.42840262973367854,0.074714457734692707,0.039019383426756177,True,0.022381043107321363,0.011367126853981002,True,0.12732220250935397,0.074534944003073145
microsoft/Phi-4-reasoning-plus,content_deletion,20260837,0.29999999999999999,scalar_fitted,0.37122479943725573,0.12512458674881452,0.47857142857142859,0.75952380952380949,0.35368817199898583,0.057853378218531426,0.012076492798780869,True,mistralai/Mistral-Nemo-Instruct-2407,0.42840262973367854,0.074714457734692707,0.039019383426756177,True,0.022381043107321363,0.011367126853981002,True,0.12732220250935397,0.074534944003073145
microsoft/Phi-4-reasoning-plus,content_deletion,20260837,0.40000000000000002,scalar_fitted,0.37824770461363244,0.12744204900904618,0.48333333333333328,0.77976190476190477,0.35368817199898583,0.057853378218531426,0.012076492798780869,True,mistralai/Mistral-Nemo-Instruct-2407,0.42840262973367854,0.074714457734692707,0.039019383426756177,True,0.022381043107321363,0.011367126853981002,True,0.12732220250935397,0.074534944003073145
microsoft/Phi-4-reasoning-plus,content_deletion,20260837,0,vector_fitted,0.31877379902803865,0.10293904777235492,0.64642857142857146,0.83214285714285718,0.35204328275398089,0.057660776832130167,0.012076492798780869,True,mistralai/Mistral-Nemo-Instruct-2407,0.42840262973367854,0.076359346979697651,0.039019383426756177,True,0.022381043107321363,0.011367126853981002,True,0.12732220250935397,0.074534944003073145
microsoft/Phi-4-reasoning-plus,content_deletion,20260837,0.10000000000000001,vector_fitted,0.33738785657853992,0.11102545661142427,0.58809523809523812,0.80714285714285716,0.35204328275398089,0.057660776832130167,0.012076492798780869,True,mistralai/Mistral-Nemo-Instruct-2407,0.42840262973367854,0.076359346979697651,0.039019383426756177,True,0.022381043107321363,0.011367126853981002,True,0.12732220250935397,0.074534944003073145
microsoft/Phi-4-reasoning-plus,content_deletion,20260837,0.20000000000000001,vector_fitted,0.35754972960875825,0.1192613294839529,0.52380952380952372,0.76904761904761909,0.35204328275398089,0.057660776832130167,0.012076492798780869,True,mistralai/Mistral-Nemo-Instruct-2407,0.42840262973367854,0.076359346979697651,0.039019383426756177,True,0.022381043107321363,0.011367126853981002,True,0.12732220250935397,0.074534944003073145
microsoft/Phi-4-reasoning-plus,content_deletion,20260837,0.29999999999999999,vector_fitted,0.37007045269439881,0.12422844875357394,0.48809523809523808,0.76666666666666672,0.35204328275398089,0.057660776832130167,0.012076492798780869,True,mistralai/Mistral-Nemo-Instruct-2407,0.42840262973367854,0.076359346979697651,0.039019383426756177,True,0.022381043107321363,0.011367126853981002,True,0.12732220250935397,0.074534944003073145
microsoft/Phi-4-reasoning-plus,content_deletion,20260837,0.40000000000000002,vector_fitted,0.37643457586016882,0.12656030440148103,0.48214285714285715,0.78095238095238095,0.35204328275398089,0.057660776832130167,0.012076492798780869,True,mistralai/Mistral-Nemo-Instruct-2407,0.42840262973367854,0.076359346979697651,0.039019383426756177,True,0.022381043107321363,0.011367126853981002,True,0.12732220250935397,0.074534944003073145
microsoft/Phi-4-reasoning-plus,irrelevant_context,20260828,0,scalar_fitted,0.3282276751328671,0.10767200674245669,0.63928571428571423,0.8035714285714286,0.35526740542798796,0.028155130850396948,0.01506917047823042,True,mistralai/Mistral-Nemo-Instruct-2407,0.42144021690224359,0.066172811474255633,0.035428231421750139,True,0.016186871232384659,0.0013924817589150151,True,0.1564709393767767,0.082538252765703229
microsoft/Phi-4-reasoning-plus,irrelevant_context,20260828,64,scalar_fitted,0.36020276113636646,0.12049157185163824,0.55595238095238086,0.74761904761904763,0.35526740542798796,0.028155130850396948,0.01506917047823042,True,mistralai/Mistral-Nemo-Instruct-2407,0.42144021690224359,0.066172811474255633,0.035428231421750139,True,0.016186871232384659,0.0013924817589150151,True,0.1564709393767767,0.082538252765703229
microsoft/Phi-4-reasoning-plus,irrelevant_context,20260828,128,scalar_fitted,0.36601098278296179,0.12300647116960839,0.54761904761904767,0.73095238095238102,0.35526740542798796,0.028155130850396948,0.01506917047823042,True,mistralai/Mistral-Nemo-Instruct-2407,0.42144021690224359,0.066172811474255633,0.035428231421750139,True,0.016186871232384659,0.0013924817589150151,True,0.1564709393767767,0.082538252765703229
microsoft/Phi-4-reasoning-plus,irrelevant_context,20260828,256,scalar_fitted,0.36551280210448045,0.12229251995606465,0.5619047619047618,0.75,0.35526740542798796,0.028155130850396948,0.01506917047823042,True,mistralai/Mistral-Nemo-Instruct-2407,0.42144021690224359,0.066172811474255633,0.035428231421750139,True,0.016186871232384659,0.0013924817589150151,True,0.1564709393767767,0.082538252765703229
microsoft/Phi-4-reasoning-plus,irrelevant_context,20260828,512,scalar_fitted,0.35638280598326405,0.11803896591801469,0.56904761904761902,0.74523809523809526,0.35526740542798796,0.028155130850396948,0.01506917047823042,True,mistralai/Mistral-Nemo-Instruct-2407,0.42144021690224359,0.066172811474255633,0.035428231421750139,True,0.016186871232384659,0.0013924817589150151,True,0.1564709393767767,0.082538252765703229
microsoft/Phi-4-reasoning-plus,irrelevant_context,20260828,0,vector_fitted,0.32482969638586839,0.10607517459509652,0.63571428571428568,0.79642857142857137,0.35294139843089595,0.029622006834119807,0.01506917047823042,True,mistralai/Mistral-Nemo-Instruct-2407,0.42144021690224359,0.068498818471347644,0.035428231421750139,True,0.016186871232384659,0.0013924817589150151,True,0.1564709393767767,0.082538252765703229
microsoft/Phi-4-reasoning-plus,irrelevant_context,20260828,64,vector_fitted,0.35849160304849537,0.11923756919774954,0.55119047619047612,0.74761904761904763,0.35294139843089595,0.029622006834119807,0.01506917047823042,True,mistralai/Mistral-Nemo-Instruct-2407,0.42144021690224359,0.068498818471347644,0.035428231421750139,True,0.016186871232384659,0.0013924817589150151,True,0.1564709393767767,0.082538252765703229
microsoft/Phi-4-reasoning-plus,irrelevant_context,20260828,128,vector_fitted,0.36373139055630538,0.12155166649509168,0.55119047619047612,0.72619047619047616,0.35294139843089595,0.029622006834119807,0.01506917047823042,True,mistralai/Mistral-Nemo-Instruct-2407,0.42144021690224359,0.068498818471347644,0.035428231421750139,True,0.016186871232384659,0.0013924817589150151,True,0.1564709393767767,0.082538252765703229
microsoft/Phi-4-reasoning-plus,irrelevant_context,20260828,256,vector_fitted,0.3632025989438224,0.12095316562071362,0.56071428571428572,0.74285714285714288,0.35294139843089595,0.029622006834119807,0.01506917047823042,True,mistralai/Mistral-Nemo-Instruct-2407,0.42144021690224359,0.068498818471347644,0.035428231421750139,True,0.016186871232384659,0.0013924817589150151,True,0.1564709393767767,0.082538252765703229
microsoft/Phi-4-reasoning-plus,irrelevant_context,20260828,512,vector_fitted,0.3544517032199882,0.11689818677633179,0.56309523809523809,0.73571428571428577,0.35294139843089595,0.029622006834119807,0.01506917047823042,True,mistralai/Mistral-Nemo-Instruct-2407,0.42144021690224359,0.068498818471347644,0.035428231421750139,True,0.016186871232384659,0.0013924817589150151,True,0.1564709393767767,0.082538252765703229
microsoft/Phi-4-reasoning-plus,irrelevant_context,20260829,0,scalar_fitted,0.31243259936509593,0.10148260130157036,0.64642857142857146,0.81071428571428572,0.34493882638262185,0.039154125614704716,0.024684866716144449,True,mistralai/Mistral-Nemo-Instruct-2407,0.41138461890333489,0.066445792520713032,0.038418775190314308,True,0.01708701028923848,0.0045728703854204245,True,0.12601829240441964,0.058015872261567202
microsoft/Phi-4-reasoning-plus,irrelevant_context,20260829,64,scalar_fitted,0.348919809379657,0.11764402330508586,0.57976190476190481,0.79166666666666674,0.34493882638262185,0.039154125614704716,0.024684866716144449,True,mistralai/Mistral-Nemo-Instruct-2407,0.41138461890333489,0.066445792520713032,0.038418775190314308,True,0.01708701028923848,0.0045728703854204245,True,0.12601829240441964,0.058015872261567202
microsoft/Phi-4-reasoning-plus,irrelevant_context,20260829,128,scalar_fitted,0.35588712072178069,0.12064432447635043,0.58333333333333326,0.78214285714285714,0.34493882638262185,0.039154125614704716,0.024684866716144449,True,mistralai/Mistral-Nemo-Instruct-2407,0.41138461890333489,0.066445792520713032,0.038418775190314308,True,0.01708701028923848,0.0045728703854204245,True,0.12601829240441964,0.058015872261567202
microsoft/Phi-4-reasoning-plus,irrelevant_context,20260829,256,scalar_fitted,0.35586787746677523,0.12065133007797298,0.5797619047619047,0.77976190476190477,0.34493882638262185,0.039154125614704716,0.024684866716144449,True,mistralai/Mistral-Nemo-Instruct-2407,0.41138461890333489,0.066445792520713032,0.038418775190314308,True,0.01708701028923848,0.0045728703854204245,True,0.12601829240441964,0.058015872261567202
microsoft/Phi-4-reasoning-plus,irrelevant_context,20260829,512,scalar_fitted,0.35158672497980065,0.11852970441420947,0.59404761904761905,0.76547619047619042,0.34493882638262185,0.039154125614704716,0.024684866716144449,True,mistralai/Mistral-Nemo-Instruct-2407,0.41138461890333489,0.066445792520713032,0.038418775190314308,True,0.01708701028923848,0.0045728703854204245,True,0.12601829240441964,0.058015872261567202
microsoft/Phi-4-reasoning-plus,irrelevant_context,20260829,0,vector_fitted,0.31085862286187893,0.10062742791681667,0.64642857142857146,0.80714285714285716,0.34324686357955037,0.038429270077472821,0.024684866716144449,True,mistralai/Mistral-Nemo-Instruct-2407,0.41138461890333489,0.068137755323784521,0.038418775190314308,True,0.01708701028923848,0.0045728703854204245,True,0.12601829240441964,0.058015872261567202
microsoft/Phi-4-reasoning-plus,irrelevant_context,20260829,64,vector_fitted,0.34787092321205071,0.11678284823013232,0.58690476190476182,0.79285714285714282,0.34324686357955037,0.038429270077472821,0.024684866716144449,True,mistralai/Mistral-Nemo-Instruct-2407,0.41138461890333489,0.068137755323784521,0.038418775190314308,True,0.01708701028923848,0.0045728703854204245,True,0.12601829240441964,0.058015872261567202
microsoft/Phi-4-reasoning-plus,irrelevant_context,20260829,128,vector_fitted,0.3542543134564603,0.1195206128434889,0.58452380952380945,0.78333333333333321,0.34324686357955037,0.038429270077472821,0.024684866716144449,True,mistralai/Mistral-Nemo-Instruct-2407,0.41138461890333489,0.068137755323784521,0.038418775190314308,True,0.01708701028923848,0.0045728703854204245,True,0.12601829240441964,0.058015872261567202
microsoft/Phi-4-reasoning-plus,irrelevant_context,20260829,256,vector_fitted,0.35396256542801013,0.11963983656129609,0.58809523809523812,0.78809523809523818,0.34324686357955037,0.038429270077472821,0.024684866716144449,True,mistralai/Mistral-Nemo-Instruct-2407,0.41138461890333489,0.068137755323784521,0.038418775190314308,True,0.01708701028923848,0.0045728703854204245,True,0.12601829240441964,0.058015872261567202
microsoft/Phi-4-reasoning-plus,irrelevant_context,20260829,512,vector_fitted,0.34928789293935175,0.11741407363619903,0.59999999999999998,0.77261904761904754,0.34324686357955037,0.038429270077472821,0.024684866716144449,True,mistralai/Mistral-Nemo-Instruct-2407,0.41138461890333489,0.068137755323784521,0.038418775190314308,True,0.01708701028923848,0.0045728703854204245,True,0.12601829240441964,0.058015872261567202
microsoft/Phi-4-reasoning-plus,irrelevant_context,20260830,0,scalar_fitted,0.32105213000889116,0.10412929138246425,0.63214285714285712,0.83571428571428574,0.34993566127722175,0.034847093957172448,0.020364939751675776,True,mistralai/Mistral-Nemo-Instruct-2407,0.409227784889035,0.059292123611813241,0.040256496434982775,True,0.014638733454530817,0.0041854514401221399,True,0.1496143454185245,0.076147405012991609
microsoft/Phi-4-reasoning-plus,irrelevant_context,20260830,64,scalar_fitted,0.35430432241834464,0.11779050734178254,0.56785714285714284,0.81071428571428572,0.34993566127722175,0.034847093957172448,0.020364939751675776,True,mistralai/Mistral-Nemo-Instruct-2407,0.409227784889035,0.059292123611813241,0.040256496434982775,True,0.014638733454530817,0.0041854514401221399,True,0.1496143454185245,0.076147405012991609
microsoft/Phi-4-reasoning-plus,irrelevant_context,20260830,128,scalar_fitted,0.35938199069852567,0.12041862322233045,0.56904761904761902,0.79285714285714282,0.34993566127722175,0.034847093957172448,0.020364939751675776,True,mistralai/Mistral-Nemo-Instruct-2407,0.409227784889035,0.059292123611813241,0.040256496434982775,True,0.014638733454530817,0.0041854514401221399,True,0.1496143454185245,0.076147405012991609
microsoft/Phi-4-reasoning-plus,irrelevant_context,20260830,256,scalar_fitted,0.3590406392942837,0.12008610887961006,0.57499999999999996,0.78928571428571426,0.34993566127722175,0.034847093957172448,0.020364939751675776,True,mistralai/Mistral-Nemo-Instruct-2407,0.409227784889035,0.059292123611813241,0.040256496434982775,True,0.014638733454530817,0.0041854514401221399,True,0.1496143454185245,0.076147405012991609
microsoft/Phi-4-reasoning-plus,irrelevant_context,20260830,512,scalar_fitted,0.3558992239660636,0.11788367700657894,0.58690476190476182,0.81190476190476191,0.34993566127722175,0.034847093957172448,0.020364939751675776,True,mistralai/Mistral-Nemo-Instruct-2407,0.409227784889035,0.059292123611813241,0.040256496434982775,True,0.014638733454530817,0.0041854514401221399,True,0.1496143454185245,0.076147405012991609
microsoft/Phi-4-reasoning-plus,irrelevant_context,20260830,0,vector_fitted,0.31321882744314028,0.10040871543795492,0.65000000000000002,0.84999999999999998,0.34491532319871399,0.037810902498662369,0.020364939751675776,True,mistralai/Mistral-Nemo-Instruct-2407,0.409227784889035,0.06431246169032101,0.040256496434982775,True,0.014638733454530817,0.0041854514401221399,True,0.1496143454185245,0.076147405012991609
microsoft/Phi-4-reasoning-plus,irrelevant_context,20260830,64,vector_fitted,0.35028716185388448,0.11581658379728876,0.57857142857142863,0.81666666666666676,0.34491532319871399,0.037810902498662369,0.020364939751675776,True,mistralai/Mistral-Nemo-Instruct-2407,0.409227784889035,0.06431246169032101,0.040256496434982775,True,0.014638733454530817,0.0041854514401221399,True,0.1496143454185245,0.076147405012991609
microsoft/Phi-4-reasoning-plus,irrelevant_context,20260830,128,vector_fitted,0.35512317649115899,0.11858812770149087,0.57619047619047614,0.794047619047619,0.34491532319871399,0.037810902498662369,0.020364939751675776,True,mistralai/Mistral-Nemo-Instruct-2407,0.409227784889035,0.06431246169032101,0.040256496434982775,True,0.014638733454530817,0.0041854514401221399,True,0.1496143454185245,0.076147405012991609
microsoft/Phi-4-reasoning-plus,irrelevant_context,20260830,256,vector_fitted,0.35491772026358359,0.11834572473901964,0.59166666666666679,0.80000000000000004,0.34491532319871399,0.037810902498662369,0.020364939751675776,True,mistralai/Mistral-Nemo-Instruct-2407,0.409227784889035,0.06431246169032101,0.040256496434982775,True,0.014638733454530817,0.0041854514401221399,True,0.1496143454185245,0.076147405012991609
microsoft/Phi-4-reasoning-plus,irrelevant_context,20260830,512,vector_fitted,0.35102972994180265,0.11570987207974974,0.60238095238095235,0.81190476190476191,0.34491532319871399,0.037810902498662369,0.020364939751675776,True,mistralai/Mistral-Nemo-Instruct-2407,0.409227784889035,0.06431246169032101,0.040256496434982775,True,0.014638733454530817,0.0041854514401221399,True,0.1496143454185245,0.076147405012991609
microsoft/Phi-4-reasoning-plus,irrelevant_context,20260831,0,scalar_fitted,0.32119841123880843,0.10678222897463828,0.63928571428571423,0.81428571428571428,0.34620534174009415,0.029034268323461565,0.010320734925984648,True,mistralai/Mistral-Nemo-Instruct-2407,0.40390199716899622,0.057696655428902066,0.035250420049520337,True,0.016053381233447295,0.0042596449302336192,True,0.22440599625707064,0.10783082858702883
microsoft/Phi-4-reasoning-plus,irrelevant_context,20260831,64,scalar_fitted,0.35220464773933996,0.11962562603747072,0.59404761904761905,0.80119047619047623,0.34620534174009415,0.029034268323461565,0.010320734925984648,True,mistralai/Mistral-Nemo-Instruct-2407,0.40390199716899622,0.057696655428902066,0.035250420049520337,True,0.016053381233447295,0.0042596449302336192,True,0.22440599625707064,0.10783082858702883
microsoft/Phi-4-reasoning-plus,irrelevant_context,20260831,128,scalar_fitted,0.3556012508511916,0.12259320192813189,0.59285714285714286,0.7857142857142857,0.34620534174009415,0.029034268323461565,0.010320734925984648,True,mistralai/Mistral-Nemo-Instruct-2407,0.40390199716899622,0.057696655428902066,0.035250420049520337,True,0.016053381233447295,0.0042596449302336192,True,0.22440599625707064,0.10783082858702883
microsoft/Phi-4-reasoning-plus,irrelevant_context,20260831,256,scalar_fitted,0.35178971930886066,0.11965289258548739,0.59880952380952379,0.78690476190476188,0.34620534174009415,0.029034268323461565,0.010320734925984648,True,mistralai/Mistral-Nemo-Instruct-2407,0.40390199716899622,0.057696655428902066,0.035250420049520337,True,0.016053381233447295,0.0042596449302336192,True,0.22440599625707064,0.10783082858702883
microsoft/Phi-4-reasoning-plus,irrelevant_context,20260831,512,scalar_fitted,0.35023267956227,0.11896979680991424,0.61785714285714288,0.79285714285714282,0.34620534174009415,0.029034268323461565,0.010320734925984648,True,mistralai/Mistral-Nemo-Instruct-2407,0.40390199716899622,0.057696655428902066,0.035250420049520337,True,0.016053381233447295,0.0042596449302336192,True,0.22440599625707064,0.10783082858702883
microsoft/Phi-4-reasoning-plus,irrelevant_context,20260831,0,vector_fitted,0.31290389434661597,0.10228265142288472,0.65357142857142858,0.82499999999999996,0.3399048762627907,0.029669908646996646,0.010320734925984648,True,mistralai/Mistral-Nemo-Instruct-2407,0.40390199716899622,0.063997120906205518,0.035250420049520337,True,0.016053381233447295,0.0042596449302336192,True,0.22440599625707064,0.10783082858702883
microsoft/Phi-4-reasoning-plus,irrelevant_context,20260831,64,vector_fitted,0.34757523748493546,0.11664534327934933,0.60357142857142854,0.80119047619047612,0.3399048762627907,0.029669908646996646,0.010320734925984648,True,mistralai/Mistral-Nemo-Instruct-2407,0.40390199716899622,0.063997120906205518,0.035250420049520337,True,0.016053381233447295,0.0042596449302336192,True,0.22440599625707064,0.10783082858702883
microsoft/Phi-4-reasoning-plus,irrelevant_context,20260831,128,vector_fitted,0.35048337584002709,0.11929937958075258,0.59999999999999998,0.78928571428571426,0.3399048762627907,0.029669908646996646,0.010320734925984648,True,mistralai/Mistral-Nemo-Instruct-2407,0.40390199716899622,0.063997120906205518,0.035250420049520337,True,0.016053381233447295,0.0042596449302336192,True,0.22440599625707064,0.10783082858702883
microsoft/Phi-4-reasoning-plus,irrelevant_context,20260831,256,vector_fitted,0.3459880706487623,0.11635180521052642,0.61190476190476195,0.79404761904761911,0.3399048762627907,0.029669908646996646,0.010320734925984648,True,mistralai/Mistral-Nemo-Instruct-2407,0.40390199716899622,0.063997120906205518,0.035250420049520337,True,0.016053381233447295,0.0042596449302336192,True,0.22440599625707064,0.10783082858702883
microsoft/Phi-4-reasoning-plus,irrelevant_context,20260831,512,vector_fitted,0.34257380299361262,0.11493174483783804,0.62976190476190474,0.80000000000000004,0.3399048762627907,0.029669908646996646,0.010320734925984648,True,mistralai/Mistral-Nemo-Instruct-2407,0.40390199716899622,0.063997120906205518,0.035250420049520337,True,0.016053381233447295,0.0042596449302336192,True,0.22440599625707064,0.10783082858702883
microsoft/Phi-4-reasoning-plus,irrelevant_context,20260832,0,scalar_fitted,0.32262438218265727,0.10672405967016485,0.6607142857142857,0.81785714285714284,0.35619808931748465,0.043036045627698805,0.019576766112611582,True,mistralai/Mistral-Nemo-Instruct-2407,0.41182096427661463,0.055622874959129986,0.029850388277069428,True,0.015812924776309356,0.00067855285480566963,True,0.26446421168157108,0.13546875101867173
microsoft/Phi-4-reasoning-plus,irrelevant_context,20260832,64,scalar_fitted,0.35795942418370819,0.12329574739864013,0.57023809523809521,0.78214285714285714,0.35619808931748465,0.043036045627698805,0.019576766112611582,True,mistralai/Mistral-Nemo-Instruct-2407,0.41182096427661463,0.055622874959129986,0.029850388277069428,True,0.015812924776309356,0.00067855285480566963,True,0.26446421168157108,0.13546875101867173
microsoft/Phi-4-reasoning-plus,irrelevant_context,20260832,128,scalar_fitted,0.36707741799513927,0.1279671680271757,0.56904761904761914,0.77619047619047621,0.35619808931748465,0.043036045627698805,0.019576766112611582,True,mistralai/Mistral-Nemo-Instruct-2407,0.41182096427661463,0.055622874959129986,0.029850388277069428,True,0.015812924776309356,0.00067855285480566963,True,0.26446421168157108,0.13546875101867173
microsoft/Phi-4-reasoning-plus,irrelevant_context,20260832,256,scalar_fitted,0.36766879441556249,0.12777717206371589,0.55714285714285716,0.77142857142857146,0.35619808931748465,0.043036045627698805,0.019576766112611582,True,mistralai/Mistral-Nemo-Instruct-2407,0.41182096427661463,0.055622874959129986,0.029850388277069428,True,0.015812924776309356,0.00067855285480566963,True,0.26446421168157108,0.13546875101867173
microsoft/Phi-4-reasoning-plus,irrelevant_context,20260832,512,scalar_fitted,0.36566042781035607,0.12627563703157504,0.56785714285714284,0.77500000000000002,0.35619808931748465,0.043036045627698805,0.019576766112611582,True,mistralai/Mistral-Nemo-Instruct-2407,0.41182096427661463,0.055622874959129986,0.029850388277069428,True,0.015812924776309356,0.00067855285480566963,True,0.26446421168157108,0.13546875101867173
microsoft/Phi-4-reasoning-plus,irrelevant_context,20260832,0,vector_fitted,0.31384115889550229,0.10189709488500957,0.67142857142857137,0.8214285714285714,0.34762496582838903,0.042480285816958063,0.019576766112611582,True,mistralai/Mistral-Nemo-Instruct-2407,0.41182096427661463,0.0641959984482256,0.029850388277069428,True,0.015812924776309356,0.00067855285480566963,True,0.26446421168157108,0.13546875101867173
microsoft/Phi-4-reasoning-plus,irrelevant_context,20260832,64,vector_fitted,0.35021243458742829,0.11827007754527671,0.57738095238095244,0.78452380952380962,0.34762496582838903,0.042480285816958063,0.019576766112611582,True,mistralai/Mistral-Nemo-Instruct-2407,0.41182096427661463,0.0641959984482256,0.029850388277069428,True,0.015812924776309356,0.00067855285480566963,True,0.26446421168157108,0.13546875101867173
microsoft/Phi-4-reasoning-plus,irrelevant_context,20260832,128,vector_fitted,0.35865488384932726,0.12237873624785769,0.58333333333333337,0.78214285714285714,0.34762496582838903,0.042480285816958063,0.019576766112611582,True,mistralai/Mistral-Nemo-Instruct-2407,0.41182096427661463,0.0641959984482256,0.029850388277069428,True,0.015812924776309356,0.00067855285480566963,True,0.26446421168157108,0.13546875101867173
microsoft/Phi-4-reasoning-plus,irrelevant_context,20260832,256,vector_fitted,0.35909490709722686,0.12227867372313139,0.5714285714285714,0.77976190476190477,0.34762496582838903,0.042480285816958063,0.019576766112611582,True,mistralai/Mistral-Nemo-Instruct-2407,0.41182096427661463,0.0641959984482256,0.029850388277069428,True,0.015812924776309356,0.00067855285480566963,True,0.26446421168157108,0.13546875101867173
microsoft/Phi-4-reasoning-plus,irrelevant_context,20260832,512,vector_fitted,0.35632144471246036,0.12088151590093066,0.58095238095238089,0.78095238095238106,0.34762496582838903,0.042480285816958063,0.019576766112611582,True,mistralai/Mistral-Nemo-Instruct-2407,0.41182096427661463,0.0641959984482256,0.029850388277069428,True,0.015812924776309356,0.00067855285480566963,True,0.26446421168157108,0.13546875101867173
microsoft/Phi-4-reasoning-plus,irrelevant_context,20260833,0,scalar_fitted,0.33124747550784661,0.10774729858730751,0.62857142857142856,0.80000000000000004,0.35642159462524969,0.029951241149110186,0.013485428718205877,True,mistralai/Mistral-Nemo-Instruct-2407,0.42403108329841188,0.067609488673162188,0.038588142195931263,True,0.018642893190570553,0.0057515774931097829,True,0.2058634590427878,0.098149989755837219
microsoft/Phi-4-reasoning-plus,irrelevant_context,20260833,64,scalar_fitted,0.36116653598270254,0.12172784943080391,0.55595238095238086,0.78452380952380951,0.35642159462524969,0.029951241149110186,0.013485428718205877,True,mistralai/Mistral-Nemo-Instruct-2407,0.42403108329841188,0.067609488673162188,0.038588142195931263,True,0.018642893190570553,0.0057515774931097829,True,0.2058634590427878,0.098149989755837219
microsoft/Phi-4-reasoning-plus,irrelevant_context,20260833,128,scalar_fitted,0.3640849357546368,0.12435209778058408,0.5714285714285714,0.77142857142857146,0.35642159462524969,0.029951241149110186,0.013485428718205877,True,mistralai/Mistral-Nemo-Instruct-2407,0.42403108329841188,0.067609488673162188,0.038588142195931263,True,0.018642893190570553,0.0057515774931097829,True,0.2058634590427878,0.098149989755837219
microsoft/Phi-4-reasoning-plus,irrelevant_context,20260833,256,scalar_fitted,0.36441030922410578,0.1245580887906812,0.56547619047619035,0.75714285714285712,0.35642159462524969,0.029951241149110186,0.013485428718205877,True,mistralai/Mistral-Nemo-Instruct-2407,0.42403108329841188,0.067609488673162188,0.038588142195931263,True,0.018642893190570553,0.0057515774931097829,True,0.2058634590427878,0.098149989755837219
microsoft/Phi-4-reasoning-plus,irrelevant_context,20260833,512,scalar_fitted,0.3611987166569568,0.12346137615353907,0.58452380952380945,0.77500000000000002,0.35642159462524969,0.029951241149110186,0.013485428718205877,True,mistralai/Mistral-Nemo-Instruct-2407,0.42403108329841188,0.067609488673162188,0.038588142195931263,True,0.018642893190570553,0.0057515774931097829,True,0.2058634590427878,0.098149989755837219
microsoft/Phi-4-reasoning-plus,irrelevant_context,20260833,0,vector_fitted,0.32481373651448436,0.10458645494127397,0.65000000000000002,0.81428571428571428,0.3509744307254159,0.030680450492960754,0.013485428718205877,True,mistralai/Mistral-Nemo-Instruct-2407,0.42403108329841188,0.073056652572995984,0.038588142195931263,True,0.018642893190570553,0.0057515774931097829,True,0.2058634590427878,0.098149989755837219
microsoft/Phi-4-reasoning-plus,irrelevant_context,20260833,64,vector_fitted,0.35651994883141064,0.11905980269178811,0.56904761904761902,0.79523809523809519,0.3509744307254159,0.030680450492960754,0.013485428718205877,True,mistralai/Mistral-Nemo-Instruct-2407,0.42403108329841188,0.073056652572995984,0.038588142195931263,True,0.018642893190570553,0.0057515774931097829,True,0.2058634590427878,0.098149989755837219
microsoft/Phi-4-reasoning-plus,irrelevant_context,20260833,128,vector_fitted,0.35897767788869828,0.12155015297747242,0.58690476190476182,0.78095238095238106,0.3509744307254159,0.030680450492960754,0.013485428718205877,True,mistralai/Mistral-Nemo-Instruct-2407,0.42403108329841188,0.073056652572995984,0.038588142195931263,True,0.018642893190570553,0.0057515774931097829,True,0.2058634590427878,0.098149989755837219
microsoft/Phi-4-reasoning-plus,irrelevant_context,20260833,256,vector_fitted,0.35906660338504109,0.12185892676432956,0.58214285714285718,0.77380952380952372,0.3509744307254159,0.030680450492960754,0.013485428718205877,True,mistralai/Mistral-Nemo-Instruct-2407,0.42403108329841188,0.073056652572995984,0.038588142195931263,True,0.018642893190570553,0.0057515774931097829,True,0.2058634590427878,0.098149989755837219
microsoft/Phi-4-reasoning-plus,irrelevant_context,20260833,512,vector_fitted,0.35549418700744512,0.12076161376506696,0.59285714285714286,0.78095238095238106,0.3509744307254159,0.030680450492960754,0.013485428718205877,True,mistralai/Mistral-Nemo-Instruct-2407,0.42403108329841188,0.073056652572995984,0.038588142195931263,True,0.018642893190570553,0.0057515774931097829,True,0.2058634590427878,0.098149989755837219
microsoft/Phi-4-reasoning-plus,irrelevant_context,20260834,0,scalar_fitted,0.32503966852896343,0.10567750130236228,0.61071428571428577,0.77857142857142858,0.35524931118962222,0.038529095701017479,0.0054139686801880638,True,mistralai/Mistral-Nemo-Instruct-2407,0.43058285114193395,0.075333539952311734,0.042944852248161025,True,0.018812242964350634,0.0052531534391500878,True,0.17056845670543297,0.076478842909046538
microsoft/Phi-4-reasoning-plus,irrelevant_context,20260834,64,scalar_fitted,0.35743027282973328,0.12011829484821435,0.55000000000000004,0.76547619047619042,0.35524931118962222,0.038529095701017479,0.0054139686801880638,True,mistralai/Mistral-Nemo-Instruct-2407,0.43058285114193395,0.075333539952311734,0.042944852248161025,True,0.018812242964350634,0.0052531534391500878,True,0.17056845670543297,0.076478842909046538
microsoft/Phi-4-reasoning-plus,irrelevant_context,20260834,128,scalar_fitted,0.36589564178865991,0.12400513347498295,0.53928571428571426,0.75357142857142856,0.35524931118962222,0.038529095701017479,0.0054139686801880638,True,mistralai/Mistral-Nemo-Instruct-2407,0.43058285114193395,0.075333539952311734,0.042944852248161025,True,0.018812242964350634,0.0052531534391500878,True,0.17056845670543297,0.076478842909046538
microsoft/Phi-4-reasoning-plus,irrelevant_context,20260834,256,scalar_fitted,0.36431220857077345,0.12338614105670118,0.52857142857142858,0.74404761904761896,0.35524931118962222,0.038529095701017479,0.0054139686801880638,True,mistralai/Mistral-Nemo-Instruct-2407,0.43058285114193395,0.075333539952311734,0.042944852248161025,True,0.018812242964350634,0.0052531534391500878,True,0.17056845670543297,0.076478842909046538
microsoft/Phi-4-reasoning-plus,irrelevant_context,20260834,512,scalar_fitted,0.36356876422998091,0.12291600953607586,0.544047619047619,0.75119047619047608,0.35524931118962222,0.038529095701017479,0.0054139686801880638,True,mistralai/Mistral-Nemo-Instruct-2407,0.43058285114193395,0.075333539952311734,0.042944852248161025,True,0.018812242964350634,0.0052531534391500878,True,0.17056845670543297,0.076478842909046538
microsoft/Phi-4-reasoning-plus,irrelevant_context,20260834,0,vector_fitted,0.32233426415651828,0.10383161077710663,0.6071428571428571,0.7857142857142857,0.35263817542599257,0.037763071779732482,0.0054139686801880638,True,mistralai/Mistral-Nemo-Instruct-2407,0.43058285114193395,0.077944675715941381,0.042944852248161025,True,0.018812242964350634,0.0052531534391500878,True,0.17056845670543297,0.076478842909046538
microsoft/Phi-4-reasoning-plus,irrelevant_context,20260834,64,vector_fitted,0.35600276231853584,0.11889581086097718,0.55476190476190468,0.77142857142857146,0.35263817542599257,0.037763071779732482,0.0054139686801880638,True,mistralai/Mistral-Nemo-Instruct-2407,0.43058285114193395,0.077944675715941381,0.042944852248161025,True,0.018812242964350634,0.0052531534391500878,True,0.17056845670543297,0.076478842909046538
microsoft/Phi-4-reasoning-plus,irrelevant_context,20260834,128,vector_fitted,0.36339486706104396,0.12243689494199843,0.55000000000000004,0.7595238095238096,0.35263817542599257,0.037763071779732482,0.0054139686801880638,True,mistralai/Mistral-Nemo-Instruct-2407,0.43058285114193395,0.077944675715941381,0.042944852248161025,True,0.018812242964350634,0.0052531534391500878,True,0.17056845670543297,0.076478842909046538
microsoft/Phi-4-reasoning-plus,irrelevant_context,20260834,256,vector_fitted,0.36136164765761436,0.12176066837674172,0.54285714285714282,0.74761904761904752,0.35263817542599257,0.037763071779732482,0.0054139686801880638,True,mistralai/Mistral-Nemo-Instruct-2407,0.43058285114193395,0.077944675715941381,0.042944852248161025,True,0.018812242964350634,0.0052531534391500878,True,0.17056845670543297,0.076478842909046538
microsoft/Phi-4-reasoning-plus,irrelevant_context,20260834,512,vector_fitted,0.36009733593625076,0.12100067215202738,0.54642857142857137,0.7416666666666667,0.35263817542599257,0.037763071779732482,0.0054139686801880638,True,mistralai/Mistral-Nemo-Instruct-2407,0.43058285114193395,0.077944675715941381,0.042944852248161025,True,0.018812242964350634,0.0052531534391500878,True,0.17056845670543297,0.076478842909046538
microsoft/Phi-4-reasoning-plus,irrelevant_context,20260835,0,scalar_fitted,0.32381418602053397,0.10615735216462009,0.63214285714285712,0.81785714285714284,0.35120368653091,0.032605556319188322,0.0082488335357739917,True,mistralai/Mistral-Nemo-Instruct-2407,0.40898935695789851,0.057785670426988511,0.03588323702018581,True,0.014231085536573485,0.002853655309502795,True,0.23970427664645683,0.10745955046235786
microsoft/Phi-4-reasoning-plus,irrelevant_context,20260835,64,scalar_fitted,0.35767950477364802,0.12032364667952677,0.55476190476190468,0.76309523809523816,0.35120368653091,0.032605556319188322,0.0082488335357739917,True,mistralai/Mistral-Nemo-Instruct-2407,0.40898935695789851,0.057785670426988511,0.03588323702018581,True,0.014231085536573485,0.002853655309502795,True,0.23970427664645683,0.10745955046235786
microsoft/Phi-4-reasoning-plus,irrelevant_context,20260835,128,scalar_fitted,0.36169779484806341,0.12207706059178283,0.5619047619047618,0.75357142857142856,0.35120368653091,0.032605556319188322,0.0082488335357739917,True,mistralai/Mistral-Nemo-Instruct-2407,0.40898935695789851,0.057785670426988511,0.03588323702018581,True,0.014231085536573485,0.002853655309502795,True,0.23970427664645683,0.10745955046235786
microsoft/Phi-4-reasoning-plus,irrelevant_context,20260835,256,scalar_fitted,0.35640720467258241,0.11912161385084565,0.57380952380952377,0.77261904761904754,0.35120368653091,0.032605556319188322,0.0082488335357739917,True,mistralai/Mistral-Nemo-Instruct-2407,0.40898935695789851,0.057785670426988511,0.03588323702018581,True,0.014231085536573485,0.002853655309502795,True,0.23970427664645683,0.10745955046235786
microsoft/Phi-4-reasoning-plus,irrelevant_context,20260835,512,scalar_fitted,0.35641974233972229,0.11880503725714672,0.57261904761904758,0.76547619047619042,0.35120368653091,0.032605556319188322,0.0082488335357739917,True,mistralai/Mistral-Nemo-Instruct-2407,0.40898935695789851,0.057785670426988511,0.03588323702018581,True,0.014231085536573485,0.002853655309502795,True,0.23970427664645683,0.10745955046235786
microsoft/Phi-4-reasoning-plus,irrelevant_context,20260835,0,vector_fitted,0.31544294429256448,0.10234395768356257,0.6607142857142857,0.82857142857142863,0.34585586511844463,0.035241468044295121,0.0082488335357739917,True,mistralai/Mistral-Nemo-Instruct-2407,0.40898935695789851,0.063133491839453881,0.03588323702018581,True,0.014231085536573485,0.002853655309502795,True,0.23970427664645683,0.10745955046235786
microsoft/Phi-4-reasoning-plus,irrelevant_context,20260835,64,vector_fitted,0.35397229934007968,0.11779303891376805,0.55833333333333324,0.76547619047619042,0.34585586511844463,0.035241468044295121,0.0082488335357739917,True,mistralai/Mistral-Nemo-Instruct-2407,0.40898935695789851,0.063133491839453881,0.03588323702018581,True,0.014231085536573485,0.002853655309502795,True,0.23970427664645683,0.10745955046235786
microsoft/Phi-4-reasoning-plus,irrelevant_context,20260835,128,vector_fitted,0.35731233731163936,0.11989812340729539,0.57380952380952388,0.75476190476190474,0.34585586511844463,0.035241468044295121,0.0082488335357739917,True,mistralai/Mistral-Nemo-Instruct-2407,0.40898935695789851,0.063133491839453881,0.03588323702018581,True,0.014231085536573485,0.002853655309502795,True,0.23970427664645683,0.10745955046235786
microsoft/Phi-4-reasoning-plus,irrelevant_context,20260835,256,vector_fitted,0.35186733231108008,0.11696655858106304,0.5797619047619047,0.78690476190476188,0.34585586511844463,0.035241468044295121,0.0082488335357739917,True,mistralai/Mistral-Nemo-Instruct-2407,0.40898935695789851,0.063133491839453881,0.03588323702018581,True,0.014231085536573485,0.002853655309502795,True,0.23970427664645683,0.10745955046235786
microsoft/Phi-4-reasoning-plus,irrelevant_context,20260835,512,vector_fitted,0.3506844123368596,0.11619469602452262,0.57857142857142863,0.77023809523809517,0.34585586511844463,0.035241468044295121,0.0082488335357739917,True,mistralai/Mistral-Nemo-Instruct-2407,0.40898935695789851,0.063133491839453881,0.03588323702018581,True,0.014231085536573485,0.002853655309502795,True,0.23970427664645683,0.10745955046235786
microsoft/Phi-4-reasoning-plus,irrelevant_context,20260836,0,scalar_fitted,0.31431902758752261,0.10212944942754322,0.6428571428571429,0.83214285714285718,0.3580195548622731,0.055791256490321961,0.02666076768103956,True,mistralai/Mistral-Nemo-Instruct-2407,0.42169670963819456,0.063677154775921452,0.035535847899865802,True,0.014528896001833935,0.0027504142816847654,True,0.17318234357973777,0.073393559482755097
microsoft/Phi-4-reasoning-plus,irrelevant_context,20260836,64,scalar_fitted,0.35999093540900434,0.1210537182891181,0.54880952380952375,0.78452380952380962,0.3580195548622731,0.055791256490321961,0.02666076768103956,True,mistralai/Mistral-Nemo-Instruct-2407,0.42169670963819456,0.063677154775921452,0.035535847899865802,True,0.014528896001833935,0.0027504142816847654,True,0.17318234357973777,0.073393559482755097
microsoft/Phi-4-reasoning-plus,irrelevant_context,20260836,128,scalar_fitted,0.37354799788909415,0.12929518319278135,0.53333333333333321,0.75,0.3580195548622731,0.055791256490321961,0.02666076768103956,True,mistralai/Mistral-Nemo-Instruct-2407,0.42169670963819456,0.063677154775921452,0.035535847899865802,True,0.014528896001833935,0.0027504142816847654,True,0.17318234357973777,0.073393559482755097
microsoft/Phi-4-reasoning-plus,irrelevant_context,20260836,256,scalar_fitted,0.37212952934789983,0.12910571718421024,0.53928571428571426,0.76309523809523816,0.3580195548622731,0.055791256490321961,0.02666076768103956,True,mistralai/Mistral-Nemo-Instruct-2407,0.42169670963819456,0.063677154775921452,0.035535847899865802,True,0.014528896001833935,0.0027504142816847654,True,0.17318234357973777,0.073393559482755097
microsoft/Phi-4-reasoning-plus,irrelevant_context,20260836,512,scalar_fitted,0.37011028407784458,0.1277041439115334,0.54761904761904756,0.76904761904761898,0.3580195548622731,0.055791256490321961,0.02666076768103956,True,mistralai/Mistral-Nemo-Instruct-2407,0.42169670963819456,0.063677154775921452,0.035535847899865802,True,0.014528896001833935,0.0027504142816847654,True,0.17318234357973777,0.073393559482755097
microsoft/Phi-4-reasoning-plus,irrelevant_context,20260836,0,vector_fitted,0.30969290290392482,0.099955276483867816,0.65714285714285714,0.83214285714285718,0.35458237223046468,0.056453186245334408,0.02666076768103956,True,mistralai/Mistral-Nemo-Instruct-2407,0.42169670963819456,0.067114337407729874,0.035535847899865802,True,0.014528896001833935,0.0027504142816847654,True,0.17318234357973777,0.073393559482755097
microsoft/Phi-4-reasoning-plus,irrelevant_context,20260836,64,vector_fitted,0.35713702459622576,0.11937418119861377,0.55714285714285716,0.7857142857142857,0.35458237223046468,0.056453186245334408,0.02666076768103956,True,mistralai/Mistral-Nemo-Instruct-2407,0.42169670963819456,0.067114337407729874,0.035535847899865802,True,0.014528896001833935,0.0027504142816847654,True,0.17318234357973777,0.073393559482755097
microsoft/Phi-4-reasoning-plus,irrelevant_context,20260836,128,vector_fitted,0.3707157038667403,0.12748056026452875,0.54166666666666663,0.75,0.35458237223046468,0.056453186245334408,0.02666076768103956,True,mistralai/Mistral-Nemo-Instruct-2407,0.42169670963819456,0.067114337407729874,0.035535847899865802,True,0.014528896001833935,0.0027504142816847654,True,0.17318234357973777,0.073393559482755097
microsoft/Phi-4-reasoning-plus,irrelevant_context,20260836,256,vector_fitted,0.36922014063617314,0.12741133522656908,0.54880952380952386,0.77023809523809528,0.35458237223046468,0.056453186245334408,0.02666076768103956,True,mistralai/Mistral-Nemo-Instruct-2407,0.42169670963819456,0.067114337407729874,0.035535847899865802,True,0.014528896001833935,0.0027504142816847654,True,0.17318234357973777,0.073393559482755097
microsoft/Phi-4-reasoning-plus,irrelevant_context,20260836,512,vector_fitted,0.36614608914925922,0.12574975023686408,0.55119047619047612,0.76666666666666661,0.35458237223046468,0.056453186245334408,0.02666076768103956,True,mistralai/Mistral-Nemo-Instruct-2407,0.42169670963819456,0.067114337407729874,0.035535847899865802,True,0.014528896001833935,0.0027504142816847654,True,0.17318234357973777,0.073393559482755097
microsoft/Phi-4-reasoning-plus,irrelevant_context,20260837,0,scalar_fitted,0.32790231683886839,0.10690425582604202,0.62857142857142856,0.82499999999999996,0.36288987522593646,0.044169049711706876,0.028845702625794639,True,mistralai/Mistral-Nemo-Instruct-2407,0.42124563330229597,0.05835575807635951,0.0274054564832521,True,0.015681537235436804,0.0010201399138521361,True,0.24932126340310129,0.11576549755344151
microsoft/Phi-4-reasoning-plus,irrelevant_context,20260837,64,scalar_fitted,0.36638524624274027,0.12370240137765146,0.53809523809523807,0.76309523809523816,0.36288987522593646,0.044169049711706876,0.028845702625794639,True,mistralai/Mistral-Nemo-Instruct-2407,0.42124563330229597,0.05835575807635951,0.0274054564832521,True,0.015681537235436804,0.0010201399138521361,True,0.24932126340310129,0.11576549755344151
microsoft/Phi-4-reasoning-plus,irrelevant_context,20260837,128,scalar_fitted,0.37411383535860393,0.12824623660513162,0.53809523809523807,0.75357142857142856,0.36288987522593646,0.044169049711706876,0.028845702625794639,True,mistralai/Mistral-Nemo-Instruct-2407,0.42124563330229597,0.05835575807635951,0.0274054564832521,True,0.015681537235436804,0.0010201399138521361,True,0.24932126340310129,0.11576549755344151
microsoft/Phi-4-reasoning-plus,irrelevant_context,20260837,256,scalar_fitted,0.37397661113889452,0.12745310280829905,0.54285714285714282,0.76071428571428568,0.36288987522593646,0.044169049711706876,0.028845702625794639,True,mistralai/Mistral-Nemo-Instruct-2407,0.42124563330229597,0.05835575807635951,0.0274054564832521,True,0.015681537235436804,0.0010201399138521361,True,0.24932126340310129,0.11576549755344151
microsoft/Phi-4-reasoning-plus,irrelevant_context,20260837,512,scalar_fitted,0.37207136655057527,0.12640240531180308,0.5619047619047618,0.77261904761904765,0.36288987522593646,0.044169049711706876,0.028845702625794639,True,mistralai/Mistral-Nemo-Instruct-2407,0.42124563330229597,0.05835575807635951,0.0274054564832521,True,0.015681537235436804,0.0010201399138521361,True,0.24932126340310129,0.11576549755344151
microsoft/Phi-4-reasoning-plus,irrelevant_context,20260837,0,vector_fitted,0.3226668097273982,0.10448511945011653,0.63928571428571423,0.82499999999999996,0.35740646496036182,0.041793802146970371,0.028845702625794639,True,mistralai/Mistral-Nemo-Instruct-2407,0.42124563330229597,0.063839168341934149,0.0274054564832521,True,0.015681537235436804,0.0010201399138521361,True,0.24932126340310129,0.11576549755344151
microsoft/Phi-4-reasoning-plus,irrelevant_context,20260837,64,vector_fitted,0.36252059769865486,0.12119903402984354,0.54523809523809519,0.76904761904761909,0.35740646496036182,0.041793802146970371,0.028845702625794639,True,mistralai/Mistral-Nemo-Instruct-2407,0.42124563330229597,0.063839168341934149,0.0274054564832521,True,0.015681537235436804,0.0010201399138521361,True,0.24932126340310129,0.11576549755344151
microsoft/Phi-4-reasoning-plus,irrelevant_context,20260837,128,vector_fitted,0.36906995627125505,0.12520078321556641,0.55119047619047612,0.7595238095238096,0.35740646496036182,0.041793802146970371,0.028845702625794639,True,mistralai/Mistral-Nemo-Instruct-2407,0.42124563330229597,0.063839168341934149,0.0274054564832521,True,0.015681537235436804,0.0010201399138521361,True,0.24932126340310129,0.11576549755344151
microsoft/Phi-4-reasoning-plus,irrelevant_context,20260837,256,vector_fitted,0.36831434923013251,0.12437024642087374,0.54642857142857137,0.76071428571428568,0.35740646496036182,0.041793802146970371,0.028845702625794639,True,mistralai/Mistral-Nemo-Instruct-2407,0.42124563330229597,0.063839168341934149,0.0274054564832521,True,0.015681537235436804,0.0010201399138521361,True,0.24932126340310129,0.11576549755344151
microsoft/Phi-4-reasoning-plus,irrelevant_context,20260837,512,vector_fitted,0.36446061187436857,0.12275565534485389,0.56309523809523809,0.76071428571428568,0.35740646496036182,0.041793802146970371,0.028845702625794639,True,mistralai/Mistral-Nemo-Instruct-2407,0.42124563330229597,0.063839168341934149,0.0274054564832521,True,0.015681537235436804,0.0010201399138521361,True,0.24932126340310129,0.11576549755344151
microsoft/phi-4,content_deletion,20260828,0,scalar_fitted,0.38848784546236392,0.16596665796890439,0.67142857142857137,0.81785714285714284,0.43013514152481613,0.071806799440488289,0.025472035406182897,True,Qwen/Qwen2.5-7B-Instruct,0.45414807070544005,0.024012929180623921,0.018684261507855071,True,0.0050116984668653886,0.0080218843366269832,True,0.24485603185244381,0.11418304476253216
microsoft/phi-4,content_deletion,20260828,0.10000000000000001,scalar_fitted,0.41993457031927917,0.18102207271212437,0.64761904761904754,0.80476190476190468,0.43013514152481613,0.071806799440488289,0.025472035406182897,True,Qwen/Qwen2.5-7B-Instruct,0.45414807070544005,0.024012929180623921,0.018684261507855071,True,0.0050116984668653886,0.0080218843366269832,True,0.24485603185244381,0.11418304476253216
microsoft/phi-4,content_deletion,20260828,0.20000000000000001,scalar_fitted,0.43340280748145776,0.18607364788588263,0.62738095238095248,0.78928571428571426,0.43013514152481613,0.071806799440488289,0.025472035406182897,True,Qwen/Qwen2.5-7B-Instruct,0.45414807070544005,0.024012929180623921,0.018684261507855071,True,0.0050116984668653886,0.0080218843366269832,True,0.24485603185244381,0.11418304476253216
microsoft/phi-4,content_deletion,20260828,0.29999999999999999,scalar_fitted,0.44855583945812744,0.19336780885979823,0.59761904761904761,0.77023809523809528,0.43013514152481613,0.071806799440488289,0.025472035406182897,True,Qwen/Qwen2.5-7B-Instruct,0.45414807070544005,0.024012929180623921,0.018684261507855071,True,0.0050116984668653886,0.0080218843366269832,True,0.24485603185244381,0.11418304476253216
microsoft/phi-4,content_deletion,20260828,0.40000000000000002,scalar_fitted,0.46029464490285221,0.20038596206310347,0.56904761904761902,0.76666666666666661,0.43013514152481613,0.071806799440488289,0.025472035406182897,True,Qwen/Qwen2.5-7B-Instruct,0.45414807070544005,0.024012929180623921,0.018684261507855071,True,0.0050116984668653886,0.0080218843366269832,True,0.24485603185244381,0.11418304476253216
microsoft/phi-4,content_deletion,20260828,0,vector_fitted,0.39662195507894438,0.16916735955884604,0.68928571428571428,0.82499999999999996,0.43629402917659094,0.068109140757635744,0.025472035406182897,True,Qwen/Qwen2.5-7B-Instruct,0.45414807070544005,0.017854041528849118,0.018684261507855071,True,0.0050116984668653886,0.0080218843366269832,True,0.24485603185244381,0.11418304476253216
microsoft/phi-4,content_deletion,20260828,0.10000000000000001,vector_fitted,0.42606528195422044,0.18289332476335307,0.64642857142857146,0.8035714285714286,0.43629402917659094,0.068109140757635744,0.025472035406182897,True,Qwen/Qwen2.5-7B-Instruct,0.45414807070544005,0.017854041528849118,0.018684261507855071,True,0.0050116984668653886,0.0080218843366269832,True,0.24485603185244381,0.11418304476253216
microsoft/phi-4,content_deletion,20260828,0.20000000000000001,vector_fitted,0.43981203063210889,0.18777664124815177,0.63452380952380949,0.79642857142857137,0.43629402917659094,0.068109140757635744,0.025472035406182897,True,Qwen/Qwen2.5-7B-Instruct,0.45414807070544005,0.017854041528849118,0.018684261507855071,True,0.0050116984668653886,0.0080218843366269832,True,0.24485603185244381,0.11418304476253216
microsoft/phi-4,content_deletion,20260828,0.29999999999999999,vector_fitted,0.45423978238110096,0.19490073655391241,0.61071428571428577,0.78095238095238106,0.43629402917659094,0.068109140757635744,0.025472035406182897,True,Qwen/Qwen2.5-7B-Instruct,0.45414807070544005,0.017854041528849118,0.018684261507855071,True,0.0050116984668653886,0.0080218843366269832,True,0.24485603185244381,0.11418304476253216
microsoft/phi-4,content_deletion,20260828,0.40000000000000002,vector_fitted,0.46473109583658012,0.20099296859600863,0.5797619047619047,0.77142857142857146,0.43629402917659094,0.068109140757635744,0.025472035406182897,True,Qwen/Qwen2.5-7B-Instruct,0.45414807070544005,0.017854041528849118,0.018684261507855071,True,0.0050116984668653886,0.0080218843366269832,True,0.24485603185244381,0.11418304476253216
microsoft/phi-4,content_deletion,20260829,0,scalar_fitted,0.40458945530170037,0.17624433900681552,0.66428571428571426,0.84285714285714286,0.42305922948267638,0.036648040909369017,0.0035927133776428866,True,TIGER-Lab/General-Reasoner-Qwen2.5-7B,0.44269001765858507,0.019630788175908687,0.017660420263521492,True,0.0064666825433224995,0.0061381490294590557,True,0.17423844597711677,0.084610210557688956
microsoft/phi-4,content_deletion,20260829,0.10000000000000001,scalar_fitted,0.41339935813749823,0.17988147284219247,0.67142857142857137,0.82619047619047625,0.42305922948267638,0.036648040909369017,0.0035927133776428866,True,TIGER-Lab/General-Reasoner-Qwen2.5-7B,0.44269001765858507,0.019630788175908687,0.017660420263521492,True,0.0064666825433224995,0.0061381490294590557,True,0.17423844597711677,0.084610210557688956
microsoft/phi-4,content_deletion,20260829,0.20000000000000001,scalar_fitted,0.41956831407136624,0.18042588507086174,0.65595238095238106,0.80476190476190479,0.42305922948267638,0.036648040909369017,0.0035927133776428866,True,TIGER-Lab/General-Reasoner-Qwen2.5-7B,0.44269001765858507,0.019630788175908687,0.017660420263521492,True,0.0064666825433224995,0.0061381490294590557,True,0.17423844597711677,0.084610210557688956
microsoft/phi-4,content_deletion,20260829,0.29999999999999999,scalar_fitted,0.43650152369174788,0.18924427533277019,0.62261904761904752,0.79047619047619055,0.42305922948267638,0.036648040909369017,0.0035927133776428866,True,TIGER-Lab/General-Reasoner-Qwen2.5-7B,0.44269001765858507,0.019630788175908687,0.017660420263521492,True,0.0064666825433224995,0.0061381490294590557,True,0.17423844597711677,0.084610210557688956
microsoft/phi-4,content_deletion,20260829,0.40000000000000002,scalar_fitted,0.44123749621106939,0.19104506467156332,0.61428571428571432,0.79880952380952386,0.42305922948267638,0.036648040909369017,0.0035927133776428866,True,TIGER-Lab/General-Reasoner-Qwen2.5-7B,0.44269001765858507,0.019630788175908687,0.017660420263521492,True,0.0064666825433224995,0.0061381490294590557,True,0.17423844597711677,0.084610210557688956
microsoft/phi-4,content_deletion,20260829,0,vector_fitted,0.41089158108980106,0.17881945115866058,0.6785714285714286,0.8392857142857143,0.42616814334236697,0.030431353436493558,0.0035927133776428866,True,TIGER-Lab/General-Reasoner-Qwen2.5-7B,0.44269001765858507,0.016521874316218099,0.017660420263521492,True,0.0064666825433224995,0.0061381490294590557,True,0.17423844597711677,0.084610210557688956
microsoft/phi-4,content_deletion,20260829,0.10000000000000001,vector_fitted,0.41822350805703018,0.18130518386852446,0.66666666666666674,0.82023809523809532,0.42616814334236697,0.030431353436493558,0.0035927133776428866,True,TIGER-Lab/General-Reasoner-Qwen2.5-7B,0.44269001765858507,0.016521874316218099,0.017660420263521492,True,0.0064666825433224995,0.0061381490294590557,True,0.17423844597711677,0.084610210557688956
microsoft/phi-4,content_deletion,20260829,0.20000000000000001,vector_fitted,0.42271187669912907,0.18117629725080506,0.65595238095238106,0.80119047619047623,0.42616814334236697,0.030431353436493558,0.0035927133776428866,True,TIGER-Lab/General-Reasoner-Qwen2.5-7B,0.44269001765858507,0.016521874316218099,0.017660420263521492,True,0.0064666825433224995,0.0061381490294590557,True,0.17423844597711677,0.084610210557688956
microsoft/phi-4,content_deletion,20260829,0.29999999999999999,vector_fitted,0.43769081633957985,0.1887160404017493,0.62857142857142856,0.794047619047619,0.42616814334236697,0.030431353436493558,0.0035927133776428866,True,TIGER-Lab/General-Reasoner-Qwen2.5-7B,0.44269001765858507,0.016521874316218099,0.017660420263521492,True,0.0064666825433224995,0.0061381490294590557,True,0.17423844597711677,0.084610210557688956
microsoft/phi-4,content_deletion,20260829,0.40000000000000002,vector_fitted,0.44132293452629462,0.1900366101312162,0.6154761904761904,0.80119047619047623,0.42616814334236697,0.030431353436493558,0.0035927133776428866,True,TIGER-Lab/General-Reasoner-Qwen2.5-7B,0.44269001765858507,0.016521874316218099,0.017660420263521492,True,0.0064666825433224995,0.0061381490294590557,True,0.17423844597711677,0.084610210557688956
microsoft/phi-4,content_deletion,20260830,0,scalar_fitted,0.40841262297963549,0.17837951906357097,0.625,0.82499999999999996,0.43705973155331712,0.044112477378905335,0.0014116978178223272,True,TIGER-Lab/General-Reasoner-Qwen2.5-7B,0.46002706790946268,0.022967336356145562,0.016223234825609084,True,0.00025735407377386332,0.0076398380698645685,True,0.21474508293662542,0.10595439926468439
microsoft/phi-4,content_deletion,20260830,0.10000000000000001,scalar_fitted,0.43534389610319552,0.18978552794167797,0.60238095238095235,0.79761904761904756,0.43705973155331712,0.044112477378905335,0.0014116978178223272,True,TIGER-Lab/General-Reasoner-Qwen2.5-7B,0.46002706790946268,0.022967336356145562,0.016223234825609084,True,0.00025735407377386332,0.0076398380698645685,True,0.21474508293662542,0.10595439926468439
microsoft/phi-4,content_deletion,20260830,0.20000000000000001,scalar_fitted,0.43862908179750071,0.18854025792854634,0.61071428571428577,0.80714285714285716,0.43705973155331712,0.044112477378905335,0.0014116978178223272,True,TIGER-Lab/General-Reasoner-Qwen2.5-7B,0.46002706790946268,0.022967336356145562,0.016223234825609084,True,0.00025735407377386332,0.0076398380698645685,True,0.21474508293662542,0.10595439926468439
microsoft/phi-4,content_deletion,20260830,0.29999999999999999,scalar_fitted,0.45038795652771285,0.19289443211539542,0.58452380952380956,0.79166666666666674,0.43705973155331712,0.044112477378905335,0.0014116978178223272,True,TIGER-Lab/General-Reasoner-Qwen2.5-7B,0.46002706790946268,0.022967336356145562,0.016223234825609084,True,0.00025735407377386332,0.0076398380698645685,True,0.21474508293662542,0.10595439926468439
microsoft/phi-4,content_deletion,20260830,0.40000000000000002,scalar_fitted,0.45252510035854082,0.19461117440970391,0.55833333333333324,0.8035714285714286,0.43705973155331712,0.044112477378905335,0.0014116978178223272,True,TIGER-Lab/General-Reasoner-Qwen2.5-7B,0.46002706790946268,0.022967336356145562,0.016223234825609084,True,0.00025735407377386332,0.0076398380698645685,True,0.21474508293662542,0.10595439926468439
microsoft/phi-4,content_deletion,20260830,0,vector_fitted,0.41216611135311582,0.1794639135383683,0.6428571428571429,0.83214285714285718,0.44363802088500937,0.049536738402853497,0.0014116978178223272,True,TIGER-Lab/General-Reasoner-Qwen2.5-7B,0.46002706790946268,0.016389047024453318,0.016223234825609084,True,0.00025735407377386332,0.0076398380698645685,True,0.21474508293662542,0.10595439926468439
microsoft/phi-4,content_deletion,20260830,0.10000000000000001,vector_fitted,0.44095516236042365,0.19155148955481449,0.62857142857142856,0.81190476190476191,0.44363802088500937,0.049536738402853497,0.0014116978178223272,True,TIGER-Lab/General-Reasoner-Qwen2.5-7B,0.46002706790946268,0.016389047024453318,0.016223234825609084,True,0.00025735407377386332,0.0076398380698645685,True,0.21474508293662542,0.10595439926468439
microsoft/phi-4,content_deletion,20260830,0.20000000000000001,vector_fitted,0.44575747103067137,0.19114880308379445,0.62738095238095237,0.8119047619047618,0.44363802088500937,0.049536738402853497,0.0014116978178223272,True,TIGER-Lab/General-Reasoner-Qwen2.5-7B,0.46002706790946268,0.016389047024453318,0.016223234825609084,True,0.00025735407377386332,0.0076398380698645685,True,0.21474508293662542,0.10595439926468439
microsoft/phi-4,content_deletion,20260830,0.29999999999999999,vector_fitted,0.45760850992486674,0.1954191231492402,0.6071428571428571,0.80833333333333324,0.44363802088500937,0.049536738402853497,0.0014116978178223272,True,TIGER-Lab/General-Reasoner-Qwen2.5-7B,0.46002706790946268,0.016389047024453318,0.016223234825609084,True,0.00025735407377386332,0.0076398380698645685,True,0.21474508293662542,0.10595439926468439
microsoft/phi-4,content_deletion,20260830,0.40000000000000002,vector_fitted,0.46170284975596931,0.19804854170436714,0.58452380952380945,0.81666666666666676,0.44363802088500937,0.049536738402853497,0.0014116978178223272,True,TIGER-Lab/General-Reasoner-Qwen2.5-7B,0.46002706790946268,0.016389047024453318,0.016223234825609084,True,0.00025735407377386332,0.0076398380698645685,True,0.21474508293662542,0.10595439926468439
microsoft/phi-4,content_deletion,20260831,0,scalar_fitted,0.39297616644858452,0.17077081274727166,0.67142857142857137,0.84642857142857142,0.41951794555768468,0.051823624514147015,0.011548336560769812,True,TIGER-Lab/General-Reasoner-Qwen2.5-7B,0.45409563483975957,0.034577689282074886,0.022734946245061477,True,0.0078725508908226161,0.0076113971893588817,True,0.223017935228841,0.10285882289248217
microsoft/phi-4,content_deletion,20260831,0.10000000000000001,scalar_fitted,0.40850452774230561,0.17558195559866294,0.65952380952380951,0.83690476190476182,0.41951794555768468,0.051823624514147015,0.011548336560769812,True,TIGER-Lab/General-Reasoner-Qwen2.5-7B,0.45409563483975957,0.034577689282074886,0.022734946245061477,True,0.0078725508908226161,0.0076113971893588817,True,0.223017935228841,0.10285882289248217
microsoft/phi-4,content_deletion,20260831,0.20000000000000001,scalar_fitted,0.41958223459452076,0.17863192420437557,0.65357142857142858,0.82261904761904769,0.41951794555768468,0.051823624514147015,0.011548336560769812,True,TIGER-Lab/General-Reasoner-Qwen2.5-7B,0.45409563483975957,0.034577689282074886,0.022734946245061477,True,0.0078725508908226161,0.0076113971893588817,True,0.223017935228841,0.10285882289248217
microsoft/phi-4,content_deletion,20260831,0.29999999999999999,scalar_fitted,0.43172700804028086,0.1832617244359164,0.62857142857142856,0.81190476190476191,0.41951794555768468,0.051823624514147015,0.011548336560769812,True,TIGER-Lab/General-Reasoner-Qwen2.5-7B,0.45409563483975957,0.034577689282074886,0.022734946245061477,True,0.0078725508908226161,0.0076113971893588817,True,0.223017935228841,0.10285882289248217
microsoft/phi-4,content_deletion,20260831,0.40000000000000002,scalar_fitted,0.44479979096273153,0.19010383480459814,0.59642857142857142,0.80476190476190468,0.41951794555768468,0.051823624514147015,0.011548336560769812,True,TIGER-Lab/General-Reasoner-Qwen2.5-7B,0.45409563483975957,0.034577689282074886,0.022734946245061477,True,0.0078725508908226161,0.0076113971893588817,True,0.223017935228841,0.10285882289248217
microsoft/phi-4,content_deletion,20260831,0,vector_fitted,0.4007809640072133,0.17367766613741042,0.6785714285714286,0.8571428571428571,0.42616686334365073,0.049562403288486157,0.011548336560769812,True,TIGER-Lab/General-Reasoner-Qwen2.5-7B,0.45409563483975957,0.02792877149610884,0.022734946245061477,True,0.0078725508908226161,0.0076113971893588817,True,0.223017935228841,0.10285882289248217
microsoft/phi-4,content_deletion,20260831,0.10000000000000001,vector_fitted,0.41498915319964613,0.17732564976532553,0.67738095238095242,0.85595238095238091,0.42616686334365073,0.049562403288486157,0.011548336560769812,True,TIGER-Lab/General-Reasoner-Qwen2.5-7B,0.45409563483975957,0.02792877149610884,0.022734946245061477,True,0.0078725508908226161,0.0076113971893588817,True,0.223017935228841,0.10285882289248217
microsoft/phi-4,content_deletion,20260831,0.20000000000000001,vector_fitted,0.42665567455514131,0.1807342172305571,0.65833333333333321,0.8392857142857143,0.42616686334365073,0.049562403288486157,0.011548336560769812,True,TIGER-Lab/General-Reasoner-Qwen2.5-7B,0.45409563483975957,0.02792877149610884,0.022734946245061477,True,0.0078725508908226161,0.0076113971893588817,True,0.223017935228841,0.10285882289248217
microsoft/phi-4,content_deletion,20260831,0.29999999999999999,vector_fitted,0.43806515766055326,0.18479213699733379,0.64761904761904765,0.82976190476190481,0.42616686334365073,0.049562403288486157,0.011548336560769812,True,TIGER-Lab/General-Reasoner-Qwen2.5-7B,0.45409563483975957,0.02792877149610884,0.022734946245061477,True,0.0078725508908226161,0.0076113971893588817,True,0.223017935228841,0.10285882289248217
microsoft/phi-4,content_deletion,20260831,0.40000000000000002,vector_fitted,0.45034336729569946,0.19138916522584623,0.60119047619047628,0.81428571428571428,0.42616686334365073,0.049562403288486157,0.011548336560769812,True,TIGER-Lab/General-Reasoner-Qwen2.5-7B,0.45409563483975957,0.02792877149610884,0.022734946245061477,True,0.0078725508908226161,0.0076113971893588817,True,0.223017935228841,0.10285882289248217
microsoft/phi-4,content_deletion,20260832,0,scalar_fitted,0.39766951832439301,0.17222332190503137,0.6964285714285714,0.82499999999999996,0.42616949738925014,0.0555159991033084,-0.00569770948181475,False,Qwen/Qwen2.5-7B-Instruct,0.47106306739355064,0.044893570004300498,0.020662169317102824,True,0.0019070018784737575,0.004270519540905876,True,0.19938540040650185,0.10552558286527618
microsoft/phi-4,content_deletion,20260832,0.10000000000000001,scalar_fitted,0.41662760777506364,0.17950102742115528,0.63809523809523816,0.79880952380952386,0.42616949738925014,0.0555159991033084,-0.00569770948181475,False,Qwen/Qwen2.5-7B-Instruct,0.47106306739355064,0.044893570004300498,0.020662169317102824,True,0.0019070018784737575,0.004270519540905876,True,0.19938540040650185,0.10552558286527618
microsoft/phi-4,content_deletion,20260832,0.20000000000000001,scalar_fitted,0.42322217107302246,0.18049810669142877,0.63095238095238093,0.80476190476190468,0.42616949738925014,0.0555159991033084,-0.00569770948181475,False,Qwen/Qwen2.5-7B-Instruct,0.47106306739355064,0.044893570004300498,0.020662169317102824,True,0.0019070018784737575,0.004270519540905876,True,0.19938540040650185,0.10552558286527618
microsoft/phi-4,content_deletion,20260832,0.29999999999999999,scalar_fitted,0.44014267234606991,0.18851785663991535,0.59404761904761894,0.79166666666666663,0.42616949738925014,0.0555159991033084,-0.00569770948181475,False,Qwen/Qwen2.5-7B-Instruct,0.47106306739355064,0.044893570004300498,0.020662169317102824,True,0.0019070018784737575,0.004270519540905876,True,0.19938540040650185,0.10552558286527618
microsoft/phi-4,content_deletion,20260832,0.40000000000000002,scalar_fitted,0.45318551742770141,0.19577752112948582,0.56547619047619047,0.79880952380952386,0.42616949738925014,0.0555159991033084,-0.00569770948181475,False,Qwen/Qwen2.5-7B-Instruct,0.47106306739355064,0.044893570004300498,0.020662169317102824,True,0.0019070018784737575,0.004270519540905876,True,0.19938540040650185,0.10552558286527618
microsoft/phi-4,content_deletion,20260832,0,vector_fitted,0.40499722548785488,0.17469901668991358,0.6964285714285714,0.83214285714285718,0.43349522859739231,0.054169108996520166,-0.00569770948181475,False,Qwen/Qwen2.5-7B-Instruct,0.47106306739355064,0.037567838796158326,0.020662169317102824,True,0.0019070018784737575,0.004270519540905876,True,0.19938540040650185,0.10552558286527618
microsoft/phi-4,content_deletion,20260832,0.10000000000000001,vector_fitted,0.4239697001626111,0.18161234715431177,0.64880952380952384,0.79761904761904756,0.43349522859739231,0.054169108996520166,-0.00569770948181475,False,Qwen/Qwen2.5-7B-Instruct,0.47106306739355064,0.037567838796158326,0.020662169317102824,True,0.0019070018784737575,0.004270519540905876,True,0.19938540040650185,0.10552558286527618
microsoft/phi-4,content_deletion,20260832,0.20000000000000001,vector_fitted,0.43198554535675177,0.18335405451555092,0.63690476190476186,0.8119047619047618,0.43349522859739231,0.054169108996520166,-0.00569770948181475,False,Qwen/Qwen2.5-7B-Instruct,0.47106306739355064,0.037567838796158326,0.020662169317102824,True,0.0019070018784737575,0.004270519540905876,True,0.19938540040650185,0.10552558286527618
microsoft/phi-4,content_deletion,20260832,0.29999999999999999,vector_fitted,0.44735733749536855,0.19041529321210016,0.61071428571428577,0.81071428571428572,0.43349522859739231,0.054169108996520166,-0.00569770948181475,False,Qwen/Qwen2.5-7B-Instruct,0.47106306739355064,0.037567838796158326,0.020662169317102824,True,0.0019070018784737575,0.004270519540905876,True,0.19938540040650185,0.10552558286527618
microsoft/phi-4,content_deletion,20260832,0.40000000000000002,vector_fitted,0.45916633448437505,0.19710175281883541,0.5714285714285714,0.80595238095238098,0.43349522859739231,0.054169108996520166,-0.00569770948181475,False,Qwen/Qwen2.5-7B-Instruct,0.47106306739355064,0.037567838796158326,0.020662169317102824,True,0.0019070018784737575,0.004270519540905876,True,0.19938540040650185,0.10552558286527618
microsoft/phi-4,content_deletion,20260833,0,scalar_fitted,0.41344779558904715,0.17734846993346673,0.65000000000000002,0.81071428571428572,0.43346965869326298,0.034559610617609426,-0.0099929384079758266,False,Qwen/Qwen2.5-7B-Instruct,0.4641122782047214,0.030642619511458413,0.026123549162528903,True,0.0038832300600105674,0.0084488147425645088,True,0.21367001028370905,0.090465976213120067
microsoft/phi-4,content_deletion,20260833,0.10000000000000001,scalar_fitted,0.43009428351572054,0.18584275220409691,0.63214285714285712,0.78214285714285714,0.43346965869326298,0.034559610617609426,-0.0099929384079758266,False,Qwen/Qwen2.5-7B-Instruct,0.4641122782047214,0.030642619511458413,0.026123549162528903,True,0.0038832300600105674,0.0084488147425645088,True,0.21367001028370905,0.090465976213120067
microsoft/phi-4,content_deletion,20260833,0.20000000000000001,scalar_fitted,0.43626775192698619,0.187364764444894,0.60952380952380958,0.77023809523809528,0.43346965869326298,0.034559610617609426,-0.0099929384079758266,False,Qwen/Qwen2.5-7B-Instruct,0.4641122782047214,0.030642619511458413,0.026123549162528903,True,0.0038832300600105674,0.0084488147425645088,True,0.21367001028370905,0.090465976213120067
microsoft/phi-4,content_deletion,20260833,0.29999999999999999,scalar_fitted,0.43953105622790412,0.1866723821528693,0.60833333333333328,0.78690476190476188,0.43346965869326298,0.034559610617609426,-0.0099929384079758266,False,Qwen/Qwen2.5-7B-Instruct,0.4641122782047214,0.030642619511458413,0.026123549162528903,True,0.0038832300600105674,0.0084488147425645088,True,0.21367001028370905,0.090465976213120067
microsoft/phi-4,content_deletion,20260833,0.40000000000000002,scalar_fitted,0.44800740620665658,0.19135477757556521,0.58095238095238089,0.794047619047619,0.43346965869326298,0.034559610617609426,-0.0099929384079758266,False,Qwen/Qwen2.5-7B-Instruct,0.4641122782047214,0.030642619511458413,0.026123549162528903,True,0.0038832300600105674,0.0084488147425645088,True,0.21367001028370905,0.090465976213120067
microsoft/phi-4,content_deletion,20260833,0,vector_fitted,0.41946613142455919,0.17919551436539272,0.6607142857142857,0.80000000000000004,0.43965557573691127,0.036001390024568258,-0.0099929384079758266,False,Qwen/Qwen2.5-7B-Instruct,0.4641122782047214,0.024456702467810121,0.026123549162528903,True,0.0038832300600105674,0.0084488147425645088,True,0.21367001028370905,0.090465976213120067
microsoft/phi-4,content_deletion,20260833,0.10000000000000001,vector_fitted,0.43578178473921586,0.18748960484467736,0.62976190476190474,0.78333333333333333,0.43965557573691127,0.036001390024568258,-0.0099929384079758266,False,Qwen/Qwen2.5-7B-Instruct,0.4641122782047214,0.024456702467810121,0.026123549162528903,True,0.0038832300600105674,0.0084488147425645088,True,0.21367001028370905,0.090465976213120067
microsoft/phi-4,content_deletion,20260833,0.20000000000000001,vector_fitted,0.44204984078537352,0.18896778657910915,0.60952380952380947,0.78452380952380962,0.43965557573691127,0.036001390024568258,-0.0099929384079758266,False,Qwen/Qwen2.5-7B-Instruct,0.4641122782047214,0.024456702467810121,0.026123549162528903,True,0.0038832300600105674,0.0084488147425645088,True,0.21367001028370905,0.090465976213120067
microsoft/phi-4,content_deletion,20260833,0.29999999999999999,vector_fitted,0.44551260028628031,0.18842619225870913,0.61309523809523803,0.7952380952380953,0.43965557573691127,0.036001390024568258,-0.0099929384079758266,False,Qwen/Qwen2.5-7B-Instruct,0.4641122782047214,0.024456702467810121,0.026123549162528903,True,0.0038832300600105674,0.0084488147425645088,True,0.21367001028370905,0.090465976213120067
microsoft/phi-4,content_deletion,20260833,0.40000000000000002,vector_fitted,0.45546752144912744,0.19359860602537385,0.58809523809523812,0.80238095238095231,0.43965557573691127,0.036001390024568258,-0.0099929384079758266,False,Qwen/Qwen2.5-7B-Instruct,0.4641122782047214,0.024456702467810121,0.026123549162528903,True,0.0038832300600105674,0.0084488147425645088,True,0.21367001028370905,0.090465976213120067
microsoft/phi-4,content_deletion,20260834,0,scalar_fitted,0.39132796841455231,0.16857254325162763,0.65000000000000002,0.8035714285714286,0.42920859288266355,0.066214302819638526,0.013647041195220172,True,Qwen/Qwen2.5-7B-Instruct,0.44964264652971114,0.02043405364704759,0.021447851859763001,True,0.0023645319185927605,0.0073919800701688354,True,0.31600893926716361,0.14320593453997446
microsoft/phi-4,content_deletion,20260834,0.10000000000000001,scalar_fitted,0.41103528876916506,0.17788613946444948,0.65238095238095239,0.79285714285714282,0.42920859288266355,0.066214302819638526,0.013647041195220172,True,Qwen/Qwen2.5-7B-Instruct,0.44964264652971114,0.02043405364704759,0.021447851859763001,True,0.0023645319185927605,0.0073919800701688354,True,0.31600893926716361,0.14320593453997446
microsoft/phi-4,content_deletion,20260834,0.20000000000000001,scalar_fitted,0.43168232824612929,0.18649406741167848,0.625,0.78690476190476188,0.42920859288266355,0.066214302819638526,0.013647041195220172,True,Qwen/Qwen2.5-7B-Instruct,0.44964264652971114,0.02043405364704759,0.021447851859763001,True,0.0023645319185927605,0.0073919800701688354,True,0.31600893926716361,0.14320593453997446
microsoft/phi-4,content_deletion,20260834,0.29999999999999999,scalar_fitted,0.45445510774928027,0.19830802816961476,0.60238095238095235,0.7857142857142857,0.42920859288266355,0.066214302819638526,0.013647041195220172,True,Qwen/Qwen2.5-7B-Instruct,0.44964264652971114,0.02043405364704759,0.021447851859763001,True,0.0023645319185927605,0.0073919800701688354,True,0.31600893926716361,0.14320593453997446
microsoft/phi-4,content_deletion,20260834,0.40000000000000002,scalar_fitted,0.45754227123419083,0.19961057887221856,0.56666666666666665,0.77857142857142858,0.42920859288266355,0.066214302819638526,0.013647041195220172,True,Qwen/Qwen2.5-7B-Instruct,0.44964264652971114,0.02043405364704759,0.021447851859763001,True,0.0023645319185927605,0.0073919800701688354,True,0.31600893926716361,0.14320593453997446
microsoft/phi-4,content_deletion,20260834,0,vector_fitted,0.40210708343626766,0.17180877065237285,0.65357142857142858,0.79285714285714282,0.4376606646109617,0.061871028860575383,0.013647041195220172,True,Qwen/Qwen2.5-7B-Instruct,0.44964264652971114,0.01198198191874944,0.021447851859763001,True,0.0023645319185927605,0.0073919800701688354,True,0.31600893926716361,0.14320593453997446
microsoft/phi-4,content_deletion,20260834,0.10000000000000001,vector_fitted,0.42142189804916186,0.1806707937784435,0.65000000000000002,0.79523809523809519,0.4376606646109617,0.061871028860575383,0.013647041195220172,True,Qwen/Qwen2.5-7B-Instruct,0.44964264652971114,0.01198198191874944,0.021447851859763001,True,0.0023645319185927605,0.0073919800701688354,True,0.31600893926716361,0.14320593453997446
microsoft/phi-4,content_deletion,20260834,0.20000000000000001,vector_fitted,0.4406865790288147,0.18841826866402456,0.62976190476190474,0.79047619047619055,0.4376606646109617,0.061871028860575383,0.013647041195220172,True,Qwen/Qwen2.5-7B-Instruct,0.44964264652971114,0.01198198191874944,0.021447851859763001,True,0.0023645319185927605,0.0073919800701688354,True,0.31600893926716361,0.14320593453997446
microsoft/phi-4,content_deletion,20260834,0.29999999999999999,vector_fitted,0.46010965024372136,0.1982121194934589,0.61666666666666659,0.79404761904761911,0.4376606646109617,0.061871028860575383,0.013647041195220172,True,Qwen/Qwen2.5-7B-Instruct,0.44964264652971114,0.01198198191874944,0.021447851859763001,True,0.0023645319185927605,0.0073919800701688354,True,0.31600893926716361,0.14320593453997446
microsoft/phi-4,content_deletion,20260834,0.40000000000000002,vector_fitted,0.46397811229684305,0.20037897995781009,0.58452380952380956,0.79523809523809519,0.4376606646109617,0.061871028860575383,0.013647041195220172,True,Qwen/Qwen2.5-7B-Instruct,0.44964264652971114,0.01198198191874944,0.021447851859763001,True,0.0023645319185927605,0.0073919800701688354,True,0.31600893926716361,0.14320593453997446
microsoft/phi-4,content_deletion,20260835,0,scalar_fitted,0.41971145700864848,0.18420464362099351,0.63214285714285712,0.82499999999999996,0.44718180134866403,0.04996037512445245,0.0061550437900200206,True,TIGER-Lab/General-Reasoner-Qwen2.5-7B,0.46611637239744691,0.018934571048782878,0.020389160419125085,True,-0.0041654343324586396,0.0059329069780849897,False,0.12306420656696623,0.055709917997313341
microsoft/phi-4,content_deletion,20260835,0.10000000000000001,scalar_fitted,0.43602309907545428,0.19052175944633051,0.62380952380952381,0.79047619047619044,0.44718180134866403,0.04996037512445245,0.0061550437900200206,True,TIGER-Lab/General-Reasoner-Qwen2.5-7B,0.46611637239744691,0.018934571048782878,0.020389160419125085,True,-0.0041654343324586396,0.0059329069780849897,False,0.12306420656696623,0.055709917997313341
microsoft/phi-4,content_deletion,20260835,0.20000000000000001,scalar_fitted,0.44630908650751372,0.19343244112850683,0.62142857142857144,0.78809523809523818,0.44718180134866403,0.04996037512445245,0.0061550437900200206,True,TIGER-Lab/General-Reasoner-Qwen2.5-7B,0.46611637239744691,0.018934571048782878,0.020389160419125085,True,-0.0041654343324586396,0.0059329069780849897,False,0.12306420656696623,0.055709917997313341
microsoft/phi-4,content_deletion,20260835,0.29999999999999999,scalar_fitted,0.46419353201860281,0.20240788346988581,0.5797619047619047,0.77976190476190477,0.44718180134866403,0.04996037512445245,0.0061550437900200206,True,TIGER-Lab/General-Reasoner-Qwen2.5-7B,0.46611637239744691,0.018934571048782878,0.020389160419125085,True,-0.0041654343324586396,0.0059329069780849897,False,0.12306420656696623,0.055709917997313341
microsoft/phi-4,content_deletion,20260835,0.40000000000000002,scalar_fitted,0.46967183213310093,0.20558114708032912,0.56071428571428572,0.78690476190476188,0.44718180134866403,0.04996037512445245,0.0061550437900200206,True,TIGER-Lab/General-Reasoner-Qwen2.5-7B,0.46611637239744691,0.018934571048782878,0.020389160419125085,True,-0.0041654343324586396,0.0059329069780849897,False,0.12306420656696623,0.055709917997313341
microsoft/phi-4,content_deletion,20260835,0,vector_fitted,0.4226486737332471,0.18461816697875066,0.63928571428571423,0.8214285714285714,0.45010126974893827,0.050093256075043502,0.0061550437900200206,True,TIGER-Lab/General-Reasoner-Qwen2.5-7B,0.46611637239744691,0.016015102648508639,0.020389160419125085,True,-0.0041654343324586396,0.0059329069780849897,False,0.12306420656696623,0.055709917997313341
microsoft/phi-4,content_deletion,20260835,0.10000000000000001,vector_fitted,0.43847112023677948,0.19069833087575924,0.62023809523809526,0.79047619047619055,0.45010126974893827,0.050093256075043502,0.0061550437900200206,True,TIGER-Lab/General-Reasoner-Qwen2.5-7B,0.46611637239744691,0.016015102648508639,0.020389160419125085,True,-0.0041654343324586396,0.0059329069780849897,False,0.12306420656696623,0.055709917997313341
microsoft/phi-4,content_deletion,20260835,0.20000000000000001,vector_fitted,0.44943988698044657,0.1939303551926537,0.62738095238095237,0.78928571428571426,0.45010126974893827,0.050093256075043502,0.0061550437900200206,True,TIGER-Lab/General-Reasoner-Qwen2.5-7B,0.46611637239744691,0.016015102648508639,0.020389160419125085,True,-0.0041654343324586396,0.0059329069780849897,False,0.12306420656696623,0.055709917997313341
microsoft/phi-4,content_deletion,20260835,0.29999999999999999,vector_fitted,0.46720473798592782,0.20268466396444662,0.58809523809523812,0.7857142857142857,0.45010126974893827,0.050093256075043502,0.0061550437900200206,True,TIGER-Lab/General-Reasoner-Qwen2.5-7B,0.46611637239744691,0.016015102648508639,0.020389160419125085,True,-0.0041654343324586396,0.0059329069780849897,False,0.12306420656696623,0.055709917997313341
microsoft/phi-4,content_deletion,20260835,0.40000000000000002,vector_fitted,0.47274192980829061,0.20591472300207825,0.56785714285714284,0.79642857142857137,0.45010126974893827,0.050093256075043502,0.0061550437900200206,True,TIGER-Lab/General-Reasoner-Qwen2.5-7B,0.46611637239744691,0.016015102648508639,0.020389160419125085,True,-0.0041654343324586396,0.0059329069780849897,False,0.12306420656696623,0.055709917997313341
microsoft/phi-4,content_deletion,20260836,0,scalar_fitted,0.4067833527578622,0.17645677038743099,0.625,0.81785714285714284,0.43913279820123596,0.060518681752382175,0.0094484105463385204,True,TIGER-Lab/General-Reasoner-Qwen2.5-7B,0.46161921085858715,0.022486412657351185,0.020090543832567587,True,0.0005898232930902636,0.0045666370738162987,True,0.16207752069621337,0.077055600793355911
microsoft/phi-4,content_deletion,20260836,0.10000000000000001,scalar_fitted,0.42903045314201155,0.18701833858826511,0.62142857142857144,0.81071428571428572,0.43913279820123596,0.060518681752382175,0.0094484105463385204,True,TIGER-Lab/General-Reasoner-Qwen2.5-7B,0.46161921085858715,0.022486412657351185,0.020090543832567587,True,0.0005898232930902636,0.0045666370738162987,True,0.16207752069621337,0.077055600793355911
microsoft/phi-4,content_deletion,20260836,0.20000000000000001,scalar_fitted,0.44185326884570769,0.191466263666207,0.6071428571428571,0.81190476190476191,0.43913279820123596,0.060518681752382175,0.0094484105463385204,True,TIGER-Lab/General-Reasoner-Qwen2.5-7B,0.46161921085858715,0.022486412657351185,0.020090543832567587,True,0.0005898232930902636,0.0045666370738162987,True,0.16207752069621337,0.077055600793355911
microsoft/phi-4,content_deletion,20260836,0.29999999999999999,scalar_fitted,0.45069488175035405,0.19399876272088953,0.58690476190476182,0.80833333333333335,0.43913279820123596,0.060518681752382175,0.0094484105463385204,True,TIGER-Lab/General-Reasoner-Qwen2.5-7B,0.46161921085858715,0.022486412657351185,0.020090543832567587,True,0.0005898232930902636,0.0045666370738162987,True,0.16207752069621337,0.077055600793355911
microsoft/phi-4,content_deletion,20260836,0.40000000000000002,scalar_fitted,0.46730203451024438,0.20439418351684349,0.55714285714285716,0.79880952380952386,0.43913279820123596,0.060518681752382175,0.0094484105463385204,True,TIGER-Lab/General-Reasoner-Qwen2.5-7B,0.46161921085858715,0.022486412657351185,0.020090543832567587,True,0.0005898232930902636,0.0045666370738162987,True,0.16207752069621337,0.077055600793355911
microsoft/phi-4,content_deletion,20260836,0,vector_fitted,0.41198678788854926,0.17794482939380488,0.63571428571428568,0.81428571428571428,0.44312260928955716,0.058495110029655795,0.0094484105463385204,True,TIGER-Lab/General-Reasoner-Qwen2.5-7B,0.46161921085858715,0.018496601569029991,0.020090543832567587,True,0.0005898232930902636,0.0045666370738162987,True,0.16207752069621337,0.077055600793355911
microsoft/phi-4,content_deletion,20260836,0.10000000000000001,vector_fitted,0.43306787019692994,0.18770652113356026,0.62738095238095237,0.81309523809523809,0.44312260928955716,0.058495110029655795,0.0094484105463385204,True,TIGER-Lab/General-Reasoner-Qwen2.5-7B,0.46161921085858715,0.018496601569029991,0.020090543832567587,True,0.0005898232930902636,0.0045666370738162987,True,0.16207752069621337,0.077055600793355911
microsoft/phi-4,content_deletion,20260836,0.20000000000000001,vector_fitted,0.44562288339640138,0.1922260738827084,0.61190476190476184,0.81428571428571428,0.44312260928955716,0.058495110029655795,0.0094484105463385204,True,TIGER-Lab/General-Reasoner-Qwen2.5-7B,0.46161921085858715,0.018496601569029991,0.020090543832567587,True,0.0005898232930902636,0.0045666370738162987,True,0.16207752069621337,0.077055600793355911
microsoft/phi-4,content_deletion,20260836,0.29999999999999999,vector_fitted,0.45445360704770044,0.19455475378198553,0.60595238095238091,0.8214285714285714,0.44312260928955716,0.058495110029655795,0.0094484105463385204,True,TIGER-Lab/General-Reasoner-Qwen2.5-7B,0.46161921085858715,0.018496601569029991,0.020090543832567587,True,0.0005898232930902636,0.0045666370738162987,True,0.16207752069621337,0.077055600793355911
microsoft/phi-4,content_deletion,20260836,0.40000000000000002,vector_fitted,0.47048189791820505,0.2045547412707065,0.55833333333333324,0.80238095238095242,0.44312260928955716,0.058495110029655795,0.0094484105463385204,True,TIGER-Lab/General-Reasoner-Qwen2.5-7B,0.46161921085858715,0.018496601569029991,0.020090543832567587,True,0.0005898232930902636,0.0045666370738162987,True,0.16207752069621337,0.077055600793355911
microsoft/phi-4,content_deletion,20260837,0,scalar_fitted,0.41483038422648633,0.17925286389474163,0.63571428571428568,0.8214285714285714,0.44568444101480942,0.052038359844579274,0.013280614531535229,True,Qwen/Qwen2.5-7B-Instruct,0.48800977190663541,0.042325330891825996,0.028600639694808694,True,0.0061775032184895329,0.0091015110280644462,True,0.21534393128689969,0.092128790294140728
microsoft/phi-4,content_deletion,20260837,0.10000000000000001,scalar_fitted,0.4408500068453951,0.19186501162559996,0.61190476190476184,0.78928571428571426,0.44568444101480942,0.052038359844579274,0.013280614531535229,True,Qwen/Qwen2.5-7B-Instruct,0.48800977190663541,0.042325330891825996,0.028600639694808694,True,0.0061775032184895329,0.0091015110280644462,True,0.21534393128689969,0.092128790294140728
microsoft/phi-4,content_deletion,20260837,0.20000000000000001,scalar_fitted,0.44616152998594089,0.19302673005356044,0.59880952380952379,0.79047619047619044,0.44568444101480942,0.052038359844579274,0.013280614531535229,True,Qwen/Qwen2.5-7B-Instruct,0.48800977190663541,0.042325330891825996,0.028600639694808694,True,0.0061775032184895329,0.0091015110280644462,True,0.21534393128689969,0.092128790294140728
microsoft/phi-4,content_deletion,20260837,0.29999999999999999,scalar_fitted,0.4597115399451594,0.19845658978654876,0.55952380952380965,0.78095238095238095,0.44568444101480942,0.052038359844579274,0.013280614531535229,True,Qwen/Qwen2.5-7B-Instruct,0.48800977190663541,0.042325330891825996,0.028600639694808694,True,0.0061775032184895329,0.0091015110280644462,True,0.21534393128689969,0.092128790294140728
microsoft/phi-4,content_deletion,20260837,0.40000000000000002,scalar_fitted,0.4668687440710656,0.20207940736475319,0.52023809523809517,0.76428571428571423,0.44568444101480942,0.052038359844579274,0.013280614531535229,True,Qwen/Qwen2.5-7B-Instruct,0.48800977190663541,0.042325330891825996,0.028600639694808694,True,0.0061775032184895329,0.0091015110280644462,True,0.21534393128689969,0.092128790294140728
microsoft/phi-4,content_deletion,20260837,0,vector_fitted,0.41794124677923478,0.1790933753607557,0.64642857142857146,0.83214285714285718,0.44910118246148356,0.052694795039243347,0.013280614531535229,True,Qwen/Qwen2.5-7B-Instruct,0.48800977190663541,0.038908589445151853,0.028600639694808694,True,0.0061775032184895329,0.0091015110280644462,True,0.21534393128689969,0.092128790294140728
microsoft/phi-4,content_deletion,20260837,0.10000000000000001,vector_fitted,0.44417844439194015,0.19155785528134792,0.62380952380952392,0.80476190476190479,0.44910118246148356,0.052694795039243347,0.013280614531535229,True,Qwen/Qwen2.5-7B-Instruct,0.48800977190663541,0.038908589445151853,0.028600639694808694,True,0.0061775032184895329,0.0091015110280644462,True,0.21534393128689969,0.092128790294140728
microsoft/phi-4,content_deletion,20260837,0.20000000000000001,vector_fitted,0.44956677726686389,0.19279595468646185,0.61309523809523803,0.79166666666666674,0.44910118246148356,0.052694795039243347,0.013280614531535229,True,Qwen/Qwen2.5-7B-Instruct,0.48800977190663541,0.038908589445151853,0.028600639694808694,True,0.0061775032184895329,0.0091015110280644462,True,0.21534393128689969,0.092128790294140728
microsoft/phi-4,content_deletion,20260837,0.29999999999999999,vector_fitted,0.46318340205090058,0.19825438353901784,0.5892857142857143,0.80000000000000004,0.44910118246148356,0.052694795039243347,0.013280614531535229,True,Qwen/Qwen2.5-7B-Instruct,0.48800977190663541,0.038908589445151853,0.028600639694808694,True,0.0061775032184895329,0.0091015110280644462,True,0.21534393128689969,0.092128790294140728
microsoft/phi-4,content_deletion,20260837,0.40000000000000002,vector_fitted,0.47063604181847812,0.20192536795843263,0.53809523809523807,0.79047619047619055,0.44910118246148356,0.052694795039243347,0.013280614531535229,True,Qwen/Qwen2.5-7B-Instruct,0.48800977190663541,0.038908589445151853,0.028600639694808694,True,0.0061775032184895329,0.0091015110280644462,True,0.21534393128689969,0.092128790294140728
microsoft/phi-4,irrelevant_context,20260828,0,scalar_fitted,0.38898711649528589,0.16599051812710036,0.67142857142857137,0.8214285714285714,0.44667767943850156,0.070230860402815121,0.057738202788411991,True,google/gemma-3-12b-it,0.46404729849823656,0.017369619059734998,-0.0019636826801869844,False,-0.0088945564502103669,-0.0069850020658624168,True,0.23558434974581186,0.11861622712081664
microsoft/phi-4,irrelevant_context,20260828,64,scalar_fitted,0.45905120106180802,0.20194388719761242,0.62738095238095248,0.7761904761904761,0.44667767943850156,0.070230860402815121,0.057738202788411991,True,google/gemma-3-12b-it,0.46404729849823656,0.017369619059734998,-0.0019636826801869844,False,-0.0088945564502103669,-0.0069850020658624168,True,0.23558434974581186,0.11861622712081664
microsoft/phi-4,irrelevant_context,20260828,128,scalar_fitted,0.46105484857753426,0.20350192229753011,0.65357142857142858,0.79404761904761911,0.44667767943850156,0.070230860402815121,0.057738202788411991,True,google/gemma-3-12b-it,0.46404729849823656,0.017369619059734998,-0.0019636826801869844,False,-0.0088945564502103669,-0.0069850020658624168,True,0.23558434974581186,0.11861622712081664
microsoft/phi-4,irrelevant_context,20260828,256,scalar_fitted,0.4650772541597788,0.20622218631790565,0.625,0.75238095238095248,0.44667767943850156,0.070230860402815121,0.057738202788411991,True,google/gemma-3-12b-it,0.46404729849823656,0.017369619059734998,-0.0019636826801869844,False,-0.0088945564502103669,-0.0069850020658624168,True,0.23558434974581186,0.11861622712081664
microsoft/phi-4,irrelevant_context,20260828,512,scalar_fitted,0.45921797689810101,0.20165151850876481,0.67619047619047612,0.79642857142857137,0.44667767943850156,0.070230860402815121,0.057738202788411991,True,google/gemma-3-12b-it,0.46404729849823656,0.017369619059734998,-0.0019636826801869844,False,-0.0088945564502103669,-0.0069850020658624168,True,0.23558434974581186,0.11861622712081664
microsoft/phi-4,irrelevant_context,20260828,0,vector_fitted,0.39863929361924733,0.17010275872087807,0.68214285714285716,0.8214285714285714,0.4568557107693067,0.070830740775768897,0.057738202788411991,True,google/gemma-3-12b-it,0.46404729849823656,0.0071915877289298602,-0.0019636826801869844,False,-0.0088945564502103669,-0.0069850020658624168,True,0.23558434974581186,0.11861622712081664
microsoft/phi-4,irrelevant_context,20260828,64,vector_fitted,0.46881566497717636,0.20587706038561571,0.64047619047619053,0.77500000000000002,0.4568557107693067,0.070830740775768897,0.057738202788411991,True,google/gemma-3-12b-it,0.46404729849823656,0.0071915877289298602,-0.0019636826801869844,False,-0.0088945564502103669,-0.0069850020658624168,True,0.23558434974581186,0.11861622712081664
microsoft/phi-4,irrelevant_context,20260828,128,vector_fitted,0.47215387185505314,0.20812041929030706,0.65476190476190477,0.78928571428571426,0.4568557107693067,0.070830740775768897,0.057738202788411991,True,google/gemma-3-12b-it,0.46404729849823656,0.0071915877289298602,-0.0019636826801869844,False,-0.0088945564502103669,-0.0069850020658624168,True,0.23558434974581186,0.11861622712081664
microsoft/phi-4,irrelevant_context,20260828,256,vector_fitted,0.47519968900004039,0.21014300648286752,0.63809523809523816,0.75714285714285712,0.4568557107693067,0.070830740775768897,0.057738202788411991,True,google/gemma-3-12b-it,0.46404729849823656,0.0071915877289298602,-0.0019636826801869844,False,-0.0088945564502103669,-0.0069850020658624168,True,0.23558434974581186,0.11861622712081664
microsoft/phi-4,irrelevant_context,20260828,512,vector_fitted,0.46947003439501622,0.20582069831650643,0.67500000000000004,0.79404761904761911,0.4568557107693067,0.070830740775768897,0.057738202788411991,True,google/gemma-3-12b-it,0.46404729849823656,0.0071915877289298602,-0.0019636826801869844,False,-0.0088945564502103669,-0.0069850020658624168,True,0.23558434974581186,0.11861622712081664
microsoft/phi-4,irrelevant_context,20260829,0,scalar_fitted,0.40961511607868956,0.17943974120879216,0.66785714285714282,0.83571428571428574,0.44124385850441639,0.038086209912704783,0.022456652729309606,True,Qwen/Qwen2.5-7B-Instruct,0.44312181249850757,0.001877953994091186,0.010081372946868616,True,-0.0062326211996563408,-0.004150461651088122,True,0.22280808919917719,0.10661843861035047
microsoft/phi-4,irrelevant_context,20260829,64,scalar_fitted,0.44752707649638462,0.19824841593906894,0.62976190476190474,0.8130952380952382,0.44124385850441639,0.038086209912704783,0.022456652729309606,True,Qwen/Qwen2.5-7B-Instruct,0.44312181249850757,0.001877953994091186,0.010081372946868616,True,-0.0062326211996563408,-0.004150461651088122,True,0.22280808919917719,0.10661843861035047
microsoft/phi-4,irrelevant_context,20260829,128,scalar_fitted,0.44648859395328416,0.19739740728166355,0.6511904761904761,0.82738095238095244,0.44124385850441639,0.038086209912704783,0.022456652729309606,True,Qwen/Qwen2.5-7B-Instruct,0.44312181249850757,0.001877953994091186,0.010081372946868616,True,-0.0062326211996563408,-0.004150461651088122,True,0.22280808919917719,0.10661843861035047
microsoft/phi-4,irrelevant_context,20260829,256,scalar_fitted,0.45488718000232964,0.20330356031265678,0.625,0.79285714285714282,0.44124385850441639,0.038086209912704783,0.022456652729309606,True,Qwen/Qwen2.5-7B-Instruct,0.44312181249850757,0.001877953994091186,0.010081372946868616,True,-0.0062326211996563408,-0.004150461651088122,True,0.22280808919917719,0.10661843861035047
microsoft/phi-4,irrelevant_context,20260829,512,scalar_fitted,0.44770132599139434,0.19856513916917162,0.65595238095238095,0.82619047619047625,0.44124385850441639,0.038086209912704783,0.022456652729309606,True,Qwen/Qwen2.5-7B-Instruct,0.44312181249850757,0.001877953994091186,0.010081372946868616,True,-0.0062326211996563408,-0.004150461651088122,True,0.22280808919917719,0.10661843861035047
microsoft/phi-4,irrelevant_context,20260829,0,vector_fitted,0.41225627736069992,0.1796840475130588,0.68571428571428572,0.84642857142857142,0.44682502861435325,0.042136081898994759,0.022456652729309606,True,Qwen/Qwen2.5-7B-Instruct,0.44312181249850757,-0.0037032161158456756,0.010081372946868616,False,-0.0062326211996563408,-0.004150461651088122,True,0.22280808919917719,0.10661843861035047
microsoft/phi-4,irrelevant_context,20260829,64,vector_fitted,0.45310776233314948,0.20015456728468797,0.64761904761904765,0.81071428571428572,0.44682502861435325,0.042136081898994759,0.022456652729309606,True,Qwen/Qwen2.5-7B-Instruct,0.44312181249850757,-0.0037032161158456756,0.010081372946868616,False,-0.0062326211996563408,-0.004150461651088122,True,0.22280808919917719,0.10661843861035047
microsoft/phi-4,irrelevant_context,20260829,128,vector_fitted,0.45364509808367842,0.1999960456404499,0.65714285714285714,0.82380952380952388,0.44682502861435325,0.042136081898994759,0.022456652729309606,True,Qwen/Qwen2.5-7B-Instruct,0.44312181249850757,-0.0037032161158456756,0.010081372946868616,False,-0.0062326211996563408,-0.004150461651088122,True,0.22280808919917719,0.10661843861035047
microsoft/phi-4,irrelevant_context,20260829,256,vector_fitted,0.46072364603454352,0.20551979077109173,0.63809523809523816,0.79761904761904767,0.44682502861435325,0.042136081898994759,0.022456652729309606,True,Qwen/Qwen2.5-7B-Instruct,0.44312181249850757,-0.0037032161158456756,0.010081372946868616,False,-0.0062326211996563408,-0.004150461651088122,True,0.22280808919917719,0.10661843861035047
microsoft/phi-4,irrelevant_context,20260829,512,vector_fitted,0.45439235925969468,0.20092728849063163,0.65952380952380962,0.82023809523809532,0.44682502861435325,0.042136081898994759,0.022456652729309606,True,Qwen/Qwen2.5-7B-Instruct,0.44312181249850757,-0.0037032161158456756,0.010081372946868616,False,-0.0062326211996563408,-0.004150461651088122,True,0.22280808919917719,0.10661843861035047
microsoft/phi-4,irrelevant_context,20260830,0,scalar_fitted,0.41112950376591206,0.1808796872728323,0.65000000000000002,0.85357142857142854,0.44808936068970173,0.048263806318990354,0.02994825807801707,True,Qwen/Qwen2.5-7B-Instruct,0.45387304633641345,0.0057836856467117226,0.010783303656161203,True,-0.0080390831023740006,-0.0014476586307772821,True,0.36686848704185993,0.16319630381475292
microsoft/phi-4,irrelevant_context,20260830,64,scalar_fitted,0.45389059710561219,0.199911239206091,0.64761904761904754,0.8130952380952382,0.44808936068970173,0.048263806318990354,0.02994825807801707,True,Qwen/Qwen2.5-7B-Instruct,0.45387304633641345,0.0057836856467117226,0.010783303656161203,True,-0.0080390831023740006,-0.0014476586307772821,True,0.36686848704185993,0.16319630381475292
microsoft/phi-4,irrelevant_context,20260830,128,scalar_fitted,0.45582805126890635,0.20146681577741143,0.65119047619047621,0.81785714285714284,0.44808936068970173,0.048263806318990354,0.02994825807801707,True,Qwen/Qwen2.5-7B-Instruct,0.45387304633641345,0.0057836856467117226,0.010783303656161203,True,-0.0080390831023740006,-0.0014476586307772821,True,0.36686848704185993,0.16319630381475292
microsoft/phi-4,irrelevant_context,20260830,256,scalar_fitted,0.46020534122317525,0.20469733327721704,0.61547619047619051,0.78928571428571426,0.44808936068970173,0.048263806318990354,0.02994825807801707,True,Qwen/Qwen2.5-7B-Instruct,0.45387304633641345,0.0057836856467117226,0.010783303656161203,True,-0.0080390831023740006,-0.0014476586307772821,True,0.36686848704185993,0.16319630381475292
microsoft/phi-4,irrelevant_context,20260830,512,scalar_fitted,0.45939331008490242,0.20345750381549554,0.6345238095238096,0.80833333333333335,0.44808936068970173,0.048263806318990354,0.02994825807801707,True,Qwen/Qwen2.5-7B-Instruct,0.45387304633641345,0.0057836856467117226,0.010783303656161203,True,-0.0080390831023740006,-0.0014476586307772821,True,0.36686848704185993,0.16319630381475292
microsoft/phi-4,irrelevant_context,20260830,0,vector_fitted,0.41350668755691383,0.18032756008172798,0.66428571428571426,0.84999999999999998,0.45959978882739172,0.058026557858293859,0.02994825807801707,True,Qwen/Qwen2.5-7B-Instruct,0.45387304633641345,-0.0057267424909782649,0.010783303656161203,False,-0.0080390831023740006,-0.0014476586307772821,True,0.36686848704185993,0.16319630381475292
microsoft/phi-4,irrelevant_context,20260830,64,vector_fitted,0.46736964929837127,0.20543483865345907,0.65833333333333333,0.80952380952380965,0.45959978882739172,0.058026557858293859,0.02994825807801707,True,Qwen/Qwen2.5-7B-Instruct,0.45387304633641345,-0.0057267424909782649,0.010783303656161203,False,-0.0080390831023740006,-0.0014476586307772821,True,0.36686848704185993,0.16319630381475292
microsoft/phi-4,irrelevant_context,20260830,128,vector_fitted,0.47176686792848149,0.20822693406960546,0.65595238095238106,0.81547619047619047,0.45959978882739172,0.058026557858293859,0.02994825807801707,True,Qwen/Qwen2.5-7B-Instruct,0.45387304633641345,-0.0057267424909782649,0.010783303656161203,False,-0.0080390831023740006,-0.0014476586307772821,True,0.36686848704185993,0.16319630381475292
microsoft/phi-4,irrelevant_context,20260830,256,vector_fitted,0.47382249393798453,0.21045912473894185,0.64642857142857146,0.79642857142857137,0.45959978882739172,0.058026557858293859,0.02994825807801707,True,Qwen/Qwen2.5-7B-Instruct,0.45387304633641345,-0.0057267424909782649,0.010783303656161203,False,-0.0080390831023740006,-0.0014476586307772821,True,0.36686848704185993,0.16319630381475292
microsoft/phi-4,irrelevant_context,20260830,512,vector_fitted,0.47153324541520769,0.20817467780033533,0.66666666666666663,0.80952380952380965,0.45959978882739172,0.058026557858293859,0.02994825807801707,True,Qwen/Qwen2.5-7B-Instruct,0.45387304633641345,-0.0057267424909782649,0.010783303656161203,False,-0.0080390831023740006,-0.0014476586307772821,True,0.36686848704185993,0.16319630381475292
microsoft/phi-4,irrelevant_context,20260831,0,scalar_fitted,0.39912168590751368,0.17472865437459442,0.6428571428571429,0.83571428571428574,0.44236762930320062,0.056471543767820542,0.03980523372083189,True,Qwen/Qwen2.5-7B-Instruct,0.45408891514694955,0.01172128584374893,0.011625867881972202,True,-0.0070322651616249177,-0.0040155124102517203,True,0.29533362669927532,0.14187083781127985
microsoft/phi-4,irrelevant_context,20260831,64,scalar_fitted,0.4533305332957373,0.20057487211230818,0.63571428571428568,0.81785714285714284,0.44236762930320062,0.056471543767820542,0.03980523372083189,True,Qwen/Qwen2.5-7B-Instruct,0.45408891514694955,0.01172128584374893,0.011625867881972202,True,-0.0070322651616249177,-0.0040155124102517203,True,0.29533362669927532,0.14187083781127985
microsoft/phi-4,irrelevant_context,20260831,128,scalar_fitted,0.44857226793827182,0.19891072233225016,0.65833333333333321,0.82857142857142863,0.44236762930320062,0.056471543767820542,0.03980523372083189,True,Qwen/Qwen2.5-7B-Instruct,0.45408891514694955,0.01172128584374893,0.011625867881972202,True,-0.0070322651616249177,-0.0040155124102517203,True,0.29533362669927532,0.14187083781127985
microsoft/phi-4,irrelevant_context,20260831,256,scalar_fitted,0.45522042969914578,0.20387100600030722,0.63690476190476197,0.79880952380952386,0.44236762930320062,0.056471543767820542,0.03980523372083189,True,Qwen/Qwen2.5-7B-Instruct,0.45408891514694955,0.01172128584374893,0.011625867881972202,True,-0.0070322651616249177,-0.0040155124102517203,True,0.29533362669927532,0.14187083781127985
microsoft/phi-4,irrelevant_context,20260831,512,scalar_fitted,0.45559322967533422,0.20274470935386119,0.6428571428571429,0.8119047619047618,0.44236762930320062,0.056471543767820542,0.03980523372083189,True,Qwen/Qwen2.5-7B-Instruct,0.45408891514694955,0.01172128584374893,0.011625867881972202,True,-0.0070322651616249177,-0.0040155124102517203,True,0.29533362669927532,0.14187083781127985
microsoft/phi-4,irrelevant_context,20260831,0,vector_fitted,0.40095303556038947,0.17415215656551622,0.67142857142857137,0.84999999999999998,0.4491684880086857,0.061390847907032753,0.03980523372083189,True,Qwen/Qwen2.5-7B-Instruct,0.45408891514694955,0.0049204271382638498,0.011625867881972202,True,-0.0070322651616249177,-0.0040155124102517203,True,0.29533362669927532,0.14187083781127985
microsoft/phi-4,irrelevant_context,20260831,64,vector_fitted,0.46148678608574928,0.20305707887613592,0.65238095238095239,0.81904761904761902,0.4491684880086857,0.061390847907032753,0.03980523372083189,True,Qwen/Qwen2.5-7B-Instruct,0.45408891514694955,0.0049204271382638498,0.011625867881972202,True,-0.0070322651616249177,-0.0040155124102517203,True,0.29533362669927532,0.14187083781127985
microsoft/phi-4,irrelevant_context,20260831,128,vector_fitted,0.45814561743626364,0.20228578006257214,0.67380952380952386,0.83452380952380956,0.4491684880086857,0.061390847907032753,0.03980523372083189,True,Qwen/Qwen2.5-7B-Instruct,0.45408891514694955,0.0049204271382638498,0.011625867881972202,True,-0.0070322651616249177,-0.0040155124102517203,True,0.29533362669927532,0.14187083781127985
microsoft/phi-4,irrelevant_context,20260831,256,vector_fitted,0.46291311749360387,0.20641763635525753,0.64642857142857146,0.80238095238095242,0.4491684880086857,0.061390847907032753,0.03980523372083189,True,Qwen/Qwen2.5-7B-Instruct,0.45408891514694955,0.0049204271382638498,0.011625867881972202,True,-0.0070322651616249177,-0.0040155124102517203,True,0.29533362669927532,0.14187083781127985
microsoft/phi-4,irrelevant_context,20260831,512,vector_fitted,0.46234388346742222,0.20461132954100819,0.6511904761904761,0.8130952380952382,0.4491684880086857,0.061390847907032753,0.03980523372083189,True,Qwen/Qwen2.5-7B-Instruct,0.45408891514694955,0.0049204271382638498,0.011625867881972202,True,-0.0070322651616249177,-0.0040155124102517203,True,0.29533362669927532,0.14187083781127985
microsoft/phi-4,irrelevant_context,20260832,0,scalar_fitted,0.39709706269163991,0.17223738182830289,0.67500000000000004,0.81428571428571428,0.43675304643747098,0.047265442893277498,0.026395224016214719,True,Qwen/Qwen2.5-7B-Instruct,0.44863802363453742,0.011884977197066438,0.0002230336740825789,True,-0.012693375899153758,-0.0097772867352498294,True,0.25968665277518577,0.13359530511464857
microsoft/phi-4,irrelevant_context,20260832,64,scalar_fitted,0.44475704244731867,0.1962564182291647,0.63214285714285712,0.78928571428571426,0.43675304643747098,0.047265442893277498,0.026395224016214719,True,Qwen/Qwen2.5-7B-Instruct,0.44863802363453742,0.011884977197066438,0.0002230336740825789,True,-0.012693375899153758,-0.0097772867352498294,True,0.25968665277518577,0.13359530511464857
microsoft/phi-4,irrelevant_context,20260832,128,scalar_fitted,0.4492005124219427,0.19905842721476533,0.63571428571428568,0.79166666666666663,0.43675304643747098,0.047265442893277498,0.026395224016214719,True,Qwen/Qwen2.5-7B-Instruct,0.44863802363453742,0.011884977197066438,0.0002230336740825789,True,-0.012693375899153758,-0.0097772867352498294,True,0.25968665277518577,0.13359530511464857
microsoft/phi-4,irrelevant_context,20260832,256,scalar_fitted,0.44834810904153627,0.19994254629251729,0.63095238095238093,0.78214285714285714,0.43675304643747098,0.047265442893277498,0.026395224016214719,True,Qwen/Qwen2.5-7B-Instruct,0.44863802363453742,0.011884977197066438,0.0002230336740825789,True,-0.012693375899153758,-0.0097772867352498294,True,0.25968665277518577,0.13359530511464857
microsoft/phi-4,irrelevant_context,20260832,512,scalar_fitted,0.44436250558491741,0.19656003181565693,0.63214285714285712,0.78928571428571426,0.43675304643747098,0.047265442893277498,0.026395224016214719,True,Qwen/Qwen2.5-7B-Instruct,0.44863802363453742,0.011884977197066438,0.0002230336740825789,True,-0.012693375899153758,-0.0097772867352498294,True,0.25968665277518577,0.13359530511464857
microsoft/phi-4,irrelevant_context,20260832,0,vector_fitted,0.4051650558316584,0.17470782441942681,0.70714285714285718,0.83571428571428574,0.44905849243181156,0.052287208305366206,0.026395224016214719,True,Qwen/Qwen2.5-7B-Instruct,0.44863802363453742,-0.00042046879727414277,0.0002230336740825789,False,-0.012693375899153758,-0.0097772867352498294,True,0.25968665277518577,0.13359530511464857
microsoft/phi-4,irrelevant_context,20260832,64,vector_fitted,0.45811490137932692,0.20135172991522945,0.6607142857142857,0.794047619047619,0.44905849243181156,0.052287208305366206,0.026395224016214719,True,Qwen/Qwen2.5-7B-Instruct,0.44863802363453742,-0.00042046879727414277,0.0002230336740825789,False,-0.012693375899153758,-0.0097772867352498294,True,0.25968665277518577,0.13359530511464857
microsoft/phi-4,irrelevant_context,20260832,128,vector_fitted,0.46344473627366439,0.2047498457921465,0.65833333333333321,0.79642857142857137,0.44905849243181156,0.052287208305366206,0.026395224016214719,True,Qwen/Qwen2.5-7B-Instruct,0.44863802363453742,-0.00042046879727414277,0.0002230336740825789,False,-0.012693375899153758,-0.0097772867352498294,True,0.25968665277518577,0.13359530511464857
microsoft/phi-4,irrelevant_context,20260832,256,vector_fitted,0.46111550453738348,0.20483298786695134,0.6607142857142857,0.79761904761904767,0.44905849243181156,0.052287208305366206,0.026395224016214719,True,Qwen/Qwen2.5-7B-Instruct,0.44863802363453742,-0.00042046879727414277,0.0002230336740825789,False,-0.012693375899153758,-0.0097772867352498294,True,0.25968665277518577,0.13359530511464857
microsoft/phi-4,irrelevant_context,20260832,512,vector_fitted,0.45745226413702461,0.20181266781545557,0.67500000000000004,0.80833333333333335,0.44905849243181156,0.052287208305366206,0.026395224016214719,True,Qwen/Qwen2.5-7B-Instruct,0.44863802363453742,-0.00042046879727414277,0.0002230336740825789,False,-0.012693375899153758,-0.0097772867352498294,True,0.25968665277518577,0.13359530511464857
microsoft/phi-4,irrelevant_context,20260833,0,scalar_fitted,0.41330431678567514,0.17856556120361075,0.63928571428571423,0.79642857142857137,0.44872024705267044,0.042635320133303567,0.021050438960744017,True,Qwen/Qwen2.5-7B-Instruct,0.46074311466314127,0.012022867610470833,0.016326106601296131,True,-0.0030341465357943687,-0.0016046125775176778,True,0.3361029891467564,0.15170076374798308
microsoft/phi-4,irrelevant_context,20260833,64,scalar_fitted,0.45829423390686608,0.20192727566475219,0.62261904761904752,0.77500000000000002,0.44872024705267044,0.042635320133303567,0.021050438960744017,True,Qwen/Qwen2.5-7B-Instruct,0.46074311466314127,0.012022867610470833,0.016326106601296131,True,-0.0030341465357943687,-0.0016046125775176778,True,0.3361029891467564,0.15170076374798308
microsoft/phi-4,irrelevant_context,20260833,128,scalar_fitted,0.4539621395506791,0.19962969823701879,0.62976190476190474,0.78690476190476188,0.44872024705267044,0.042635320133303567,0.021050438960744017,True,Qwen/Qwen2.5-7B-Instruct,0.46074311466314127,0.012022867610470833,0.016326106601296131,True,-0.0030341465357943687,-0.0016046125775176778,True,0.3361029891467564,0.15170076374798308
microsoft/phi-4,irrelevant_context,20260833,256,scalar_fitted,0.46210090810115362,0.20583344880412371,0.61904761904761896,0.77261904761904754,0.44872024705267044,0.042635320133303567,0.021050438960744017,True,Qwen/Qwen2.5-7B-Instruct,0.46074311466314127,0.012022867610470833,0.016326106601296131,True,-0.0030341465357943687,-0.0016046125775176778,True,0.3361029891467564,0.15170076374798308
microsoft/phi-4,irrelevant_context,20260833,512,scalar_fitted,0.45593963691897871,0.20208528247680219,0.63214285714285712,0.78928571428571426,0.44872024705267044,0.042635320133303567,0.021050438960744017,True,Qwen/Qwen2.5-7B-Instruct,0.46074311466314127,0.012022867610470833,0.016326106601296131,True,-0.0030341465357943687,-0.0016046125775176778,True,0.3361029891467564,0.15170076374798308
microsoft/phi-4,irrelevant_context,20260833,0,vector_fitted,0.42272794356384313,0.18092200830405045,0.67500000000000004,0.8035714285714286,0.46209628819091864,0.048026084627362631,0.021050438960744017,True,Qwen/Qwen2.5-7B-Instruct,0.46074311466314127,-0.0013531735277773627,0.016326106601296131,False,-0.0030341465357943687,-0.0016046125775176778,True,0.3361029891467564,0.15170076374798308
microsoft/phi-4,irrelevant_context,20260833,64,vector_fitted,0.47108885163102404,0.20571161065892693,0.63809523809523805,0.76547619047619053,0.46209628819091864,0.048026084627362631,0.021050438960744017,True,Qwen/Qwen2.5-7B-Instruct,0.46074311466314127,-0.0013531735277773627,0.016326106601296131,False,-0.0030341465357943687,-0.0016046125775176778,True,0.3361029891467564,0.15170076374798308
microsoft/phi-4,irrelevant_context,20260833,128,vector_fitted,0.46928359434329375,0.20509467371671355,0.65000000000000002,0.78690476190476188,0.46209628819091864,0.048026084627362631,0.021050438960744017,True,Qwen/Qwen2.5-7B-Instruct,0.46074311466314127,-0.0013531735277773627,0.016326106601296131,False,-0.0030341465357943687,-0.0016046125775176778,True,0.3361029891467564,0.15170076374798308
microsoft/phi-4,irrelevant_context,20260833,256,vector_fitted,0.47662702322522638,0.21079006269522374,0.63928571428571423,0.7761904761904761,0.46209628819091864,0.048026084627362631,0.021050438960744017,True,Qwen/Qwen2.5-7B-Instruct,0.46074311466314127,-0.0013531735277773627,0.016326106601296131,False,-0.0030341465357943687,-0.0016046125775176778,True,0.3361029891467564,0.15170076374798308
microsoft/phi-4,irrelevant_context,20260833,512,vector_fitted,0.47075402819120576,0.20707054981883297,0.64761904761904765,0.78452380952380962,0.46209628819091864,0.048026084627362631,0.021050438960744017,True,Qwen/Qwen2.5-7B-Instruct,0.46074311466314127,-0.0013531735277773627,0.016326106601296131,False,-0.0030341465357943687,-0.0016046125775176778,True,0.3361029891467564,0.15170076374798308
microsoft/phi-4,irrelevant_context,20260834,0,scalar_fitted,0.39590275125120994,0.17061865629266612,0.65000000000000002,0.79642857142857137,0.44197376029919716,0.055983173906103745,0.036037513075846073,True,Qwen/Qwen2.5-7B-Instruct,0.44561781925147309,0.0036440589522759304,0.0097351982103920376,True,-0.0039063897010999105,1.7839202464897674e-05,False,0.27258624048174229,0.12023034628647625
microsoft/phi-4,irrelevant_context,20260834,64,scalar_fitted,0.44921999891115699,0.19844862955318066,0.63452380952380949,0.78928571428571426,0.44197376029919716,0.055983173906103745,0.036037513075846073,True,Qwen/Qwen2.5-7B-Instruct,0.44561781925147309,0.0036440589522759304,0.0097351982103920376,True,-0.0039063897010999105,1.7839202464897674e-05,False,0.27258624048174229,0.12023034628647625
microsoft/phi-4,irrelevant_context,20260834,128,scalar_fitted,0.45388063365175113,0.20159010119354598,0.62738095238095237,0.79880952380952386,0.44197376029919716,0.055983173906103745,0.036037513075846073,True,Qwen/Qwen2.5-7B-Instruct,0.44561781925147309,0.0036440589522759304,0.0097351982103920376,True,-0.0039063897010999105,1.7839202464897674e-05,False,0.27258624048174229,0.12023034628647625
microsoft/phi-4,irrelevant_context,20260834,256,scalar_fitted,0.45897949252455378,0.20493167751157598,0.60833333333333328,0.77142857142857146,0.44197376029919716,0.055983173906103745,0.036037513075846073,True,Qwen/Qwen2.5-7B-Instruct,0.44561781925147309,0.0036440589522759304,0.0097351982103920376,True,-0.0039063897010999105,1.7839202464897674e-05,False,0.27258624048174229,0.12023034628647625
microsoft/phi-4,irrelevant_context,20260834,512,scalar_fitted,0.45188592515731368,0.20036563584951705,0.64761904761904765,0.7952380952380953,0.44197376029919716,0.055983173906103745,0.036037513075846073,True,Qwen/Qwen2.5-7B-Instruct,0.44561781925147309,0.0036440589522759304,0.0097351982103920376,True,-0.0039063897010999105,1.7839202464897674e-05,False,0.27258624048174229,0.12023034628647625
microsoft/phi-4,irrelevant_context,20260834,0,vector_fitted,0.40452592253642522,0.17326323244926481,0.65357142857142858,0.80000000000000004,0.45387732938351311,0.060113878586224578,0.036037513075846073,True,Qwen/Qwen2.5-7B-Instruct,0.44561781925147309,-0.0082595101320400155,0.0097351982103920376,False,-0.0039063897010999105,1.7839202464897674e-05,False,0.27258624048174229,0.12023034628647625
microsoft/phi-4,irrelevant_context,20260834,64,vector_fitted,0.46132215565594925,0.20309949697343629,0.64880952380952372,0.78452380952380962,0.45387732938351311,0.060113878586224578,0.036037513075846073,True,Qwen/Qwen2.5-7B-Instruct,0.44561781925147309,-0.0082595101320400155,0.0097351982103920376,False,-0.0039063897010999105,1.7839202464897674e-05,False,0.27258624048174229,0.12023034628647625
microsoft/phi-4,irrelevant_context,20260834,128,vector_fitted,0.46700123052741599,0.20695885202489253,0.63809523809523816,0.79285714285714282,0.45387732938351311,0.060113878586224578,0.036037513075846073,True,Qwen/Qwen2.5-7B-Instruct,0.44561781925147309,-0.0082595101320400155,0.0097351982103920376,False,-0.0039063897010999105,1.7839202464897674e-05,False,0.27258624048174229,0.12023034628647625
microsoft/phi-4,irrelevant_context,20260834,256,vector_fitted,0.47189753707512505,0.21007966535666184,0.63095238095238104,0.77738095238095239,0.45387732938351311,0.060113878586224578,0.036037513075846073,True,Qwen/Qwen2.5-7B-Instruct,0.44561781925147309,-0.0082595101320400155,0.0097351982103920376,False,-0.0039063897010999105,1.7839202464897674e-05,False,0.27258624048174229,0.12023034628647625
microsoft/phi-4,irrelevant_context,20260834,512,vector_fitted,0.4646398011226498,0.20537455024843018,0.66428571428571426,0.79761904761904756,0.45387732938351311,0.060113878586224578,0.036037513075846073,True,Qwen/Qwen2.5-7B-Instruct,0.44561781925147309,-0.0082595101320400155,0.0097351982103920376,False,-0.0039063897010999105,1.7839202464897674e-05,False,0.27258624048174229,0.12023034628647625
microsoft/phi-4,irrelevant_context,20260835,0,scalar_fitted,0.42019434093820823,0.18615127486313038,0.61785714285714288,0.82857142857142863,0.4646266887218421,0.050443032649032993,0.034439434200546543,True,Qwen/Qwen2.5-7B-Instruct,0.48519129754256801,0.020564608820725916,0.01593092031388843,True,-0.0096019362052558455,0.00048293129020293701,False,0.25303064080789006,0.11711249017588389
microsoft/phi-4,irrelevant_context,20260835,64,scalar_fitted,0.47509483984000617,0.21350315231102757,0.56904761904761902,0.77023809523809528,0.4646266887218421,0.050443032649032993,0.034439434200546543,True,Qwen/Qwen2.5-7B-Instruct,0.48519129754256801,0.020564608820725916,0.01593092031388843,True,-0.0096019362052558455,0.00048293129020293701,False,0.25303064080789006,0.11711249017588389
microsoft/phi-4,irrelevant_context,20260835,128,scalar_fitted,0.47662754046763417,0.21585495763344267,0.57619047619047614,0.77976190476190477,0.4646266887218421,0.050443032649032993,0.034439434200546543,True,Qwen/Qwen2.5-7B-Instruct,0.48519129754256801,0.020564608820725916,0.01593092031388843,True,-0.0096019362052558455,0.00048293129020293701,False,0.25303064080789006,0.11711249017588389
microsoft/phi-4,irrelevant_context,20260835,256,scalar_fitted,0.48057934877612069,0.21878099870621298,0.55000000000000004,0.75476190476190474,0.4646266887218421,0.050443032649032993,0.034439434200546543,True,Qwen/Qwen2.5-7B-Instruct,0.48519129754256801,0.020564608820725916,0.01593092031388843,True,-0.0096019362052558455,0.00048293129020293701,False,0.25303064080789006,0.11711249017588389
microsoft/phi-4,irrelevant_context,20260835,512,scalar_fitted,0.47063737358724123,0.2128896778976023,0.57261904761904758,0.7678571428571429,0.4646266887218421,0.050443032649032993,0.034439434200546543,True,Qwen/Qwen2.5-7B-Instruct,0.48519129754256801,0.020564608820725916,0.01593092031388843,True,-0.0096019362052558455,0.00048293129020293701,False,0.25303064080789006,0.11711249017588389
microsoft/phi-4,irrelevant_context,20260835,0,vector_fitted,0.42181050683692323,0.18462538095075451,0.63214285714285712,0.82499999999999996,0.47010812358107934,0.055917759013414392,0.034439434200546543,True,Qwen/Qwen2.5-7B-Instruct,0.48519129754256801,0.015083173961488672,0.01593092031388843,True,-0.0096019362052558455,0.00048293129020293701,False,0.25303064080789006,0.11711249017588389
microsoft/phi-4,irrelevant_context,20260835,64,vector_fitted,0.48028801924000836,0.21431628720091847,0.59642857142857142,0.77500000000000002,0.47010812358107934,0.055917759013414392,0.034439434200546543,True,Qwen/Qwen2.5-7B-Instruct,0.48519129754256801,0.015083173961488672,0.01593092031388843,True,-0.0096019362052558455,0.00048293129020293701,False,0.25303064080789006,0.11711249017588389
microsoft/phi-4,irrelevant_context,20260835,128,vector_fitted,0.48351853741708817,0.21762465766090563,0.58809523809523812,0.78333333333333333,0.47010812358107934,0.055917759013414392,0.034439434200546543,True,Qwen/Qwen2.5-7B-Instruct,0.48519129754256801,0.015083173961488672,0.01593092031388843,True,-0.0096019362052558455,0.00048293129020293701,False,0.25303064080789006,0.11711249017588389
microsoft/phi-4,irrelevant_context,20260835,256,vector_fitted,0.48719528856103939,0.22022035003245796,0.58095238095238089,0.76190476190476186,0.47010812358107934,0.055917759013414392,0.034439434200546543,True,Qwen/Qwen2.5-7B-Instruct,0.48519129754256801,0.015083173961488672,0.01593092031388843,True,-0.0096019362052558455,0.00048293129020293701,False,0.25303064080789006,0.11711249017588389
microsoft/phi-4,irrelevant_context,20260835,512,vector_fitted,0.47772826585033762,0.21459892066196498,0.60357142857142854,0.77857142857142858,0.47010812358107934,0.055917759013414392,0.034439434200546543,True,Qwen/Qwen2.5-7B-Instruct,0.48519129754256801,0.015083173961488672,0.01593092031388843,True,-0.0096019362052558455,0.00048293129020293701,False,0.25303064080789006,0.11711249017588389
microsoft/phi-4,irrelevant_context,20260836,0,scalar_fitted,0.41187182886800033,0.17860298235677324,0.63214285714285712,0.81071428571428572,0.45871630867464841,0.061042300307405761,0.040690911070764779,True,TIGER-Lab/General-Reasoner-Qwen2.5-7B,0.46663639911286225,0.0079200904382138448,-0.0022316517471002162,False,-0.016080194390227398,-0.0079884606610214903,True,0.24083183458574736,0.10948315838602732
microsoft/phi-4,irrelevant_context,20260836,64,scalar_fitted,0.46116514478227472,0.20215276802143134,0.625,0.78809523809523818,0.45871630867464841,0.061042300307405761,0.040690911070764779,True,TIGER-Lab/General-Reasoner-Qwen2.5-7B,0.46663639911286225,0.0079200904382138448,-0.0022316517471002162,False,-0.016080194390227398,-0.0079884606610214903,True,0.24083183458574736,0.10948315838602732
microsoft/phi-4,irrelevant_context,20260836,128,scalar_fitted,0.46944616794699606,0.20776642365998396,0.64047619047619042,0.80238095238095242,0.45871630867464841,0.061042300307405761,0.040690911070764779,True,TIGER-Lab/General-Reasoner-Qwen2.5-7B,0.46663639911286225,0.0079200904382138448,-0.0022316517471002162,False,-0.016080194390227398,-0.0079884606610214903,True,0.24083183458574736,0.10948315838602732
microsoft/phi-4,irrelevant_context,20260836,256,scalar_fitted,0.47818427260056473,0.21267025421461824,0.6071428571428571,0.77976190476190477,0.45871630867464841,0.061042300307405761,0.040690911070764779,True,TIGER-Lab/General-Reasoner-Qwen2.5-7B,0.46663639911286225,0.0079200904382138448,-0.0022316517471002162,False,-0.016080194390227398,-0.0079884606610214903,True,0.24083183458574736,0.10948315838602732
microsoft/phi-4,irrelevant_context,20260836,512,scalar_fitted,0.47291412917540609,0.20905339213287841,0.63809523809523805,0.78928571428571426,0.45871630867464841,0.061042300307405761,0.040690911070764779,True,TIGER-Lab/General-Reasoner-Qwen2.5-7B,0.46663639911286225,0.0079200904382138448,-0.0022316517471002162,False,-0.016080194390227398,-0.0079884606610214903,True,0.24083183458574736,0.10948315838602732
microsoft/phi-4,irrelevant_context,20260836,0,vector_fitted,0.41456745033078862,0.179042640383584,0.6428571428571429,0.81428571428571428,0.46752004405853215,0.068584966811627346,0.040690911070764779,True,TIGER-Lab/General-Reasoner-Qwen2.5-7B,0.46663639911286225,-0.00088364494566989249,-0.0022316517471002162,True,-0.016080194390227398,-0.0079884606610214903,True,0.24083183458574736,0.10948315838602732
microsoft/phi-4,irrelevant_context,20260836,64,vector_fitted,0.47098752325408061,0.20640342813811552,0.6345238095238096,0.78333333333333333,0.46752004405853215,0.068584966811627346,0.040690911070764779,True,TIGER-Lab/General-Reasoner-Qwen2.5-7B,0.46663639911286225,-0.00088364494566989249,-0.0022316517471002162,True,-0.016080194390227398,-0.0079884606610214903,True,0.24083183458574736,0.10948315838602732
microsoft/phi-4,irrelevant_context,20260836,128,vector_fitted,0.48062332072501385,0.21260818565824366,0.63690476190476186,0.78928571428571426,0.46752004405853215,0.068584966811627346,0.040690911070764779,True,TIGER-Lab/General-Reasoner-Qwen2.5-7B,0.46663639911286225,-0.00088364494566989249,-0.0022316517471002162,True,-0.016080194390227398,-0.0079884606610214903,True,0.24083183458574736,0.10948315838602732
microsoft/phi-4,irrelevant_context,20260836,256,vector_fitted,0.48826950884036163,0.21725592362128704,0.6071428571428571,0.77500000000000002,0.46752004405853215,0.068584966811627346,0.040690911070764779,True,TIGER-Lab/General-Reasoner-Qwen2.5-7B,0.46663639911286225,-0.00088364494566989249,-0.0022316517471002162,True,-0.016080194390227398,-0.0079884606610214903,True,0.24083183458574736,0.10948315838602732
microsoft/phi-4,irrelevant_context,20260836,512,vector_fitted,0.48315241714241597,0.21387774228929585,0.63928571428571423,0.794047619047619,0.46752004405853215,0.068584966811627346,0.040690911070764779,True,TIGER-Lab/General-Reasoner-Qwen2.5-7B,0.46663639911286225,-0.00088364494566989249,-0.0022316517471002162,True,-0.016080194390227398,-0.0079884606610214903,True,0.24083183458574736,0.10948315838602732
microsoft/phi-4,irrelevant_context,20260837,0,scalar_fitted,0.41794545795307331,0.18091046404206437,0.64642857142857146,0.82499999999999996,0.4654546916660024,0.059244165809695937,0.045125693578439485,True,Qwen/Qwen2.5-7B-Instruct,0.47279396166134502,0.0073392699953426233,0.012936449485826784,True,-0.011308015183500941,-0.0085133206389786942,True,0.2495433948710262,0.11924681135678609
microsoft/phi-4,irrelevant_context,20260837,64,scalar_fitted,0.47454472816106841,0.21054355958896523,0.59166666666666667,0.78809523809523818,0.4654546916660024,0.059244165809695937,0.045125693578439485,True,Qwen/Qwen2.5-7B-Instruct,0.47279396166134502,0.0073392699953426233,0.012936449485826784,True,-0.011308015183500941,-0.0085133206389786942,True,0.2495433948710262,0.11924681135678609
microsoft/phi-4,irrelevant_context,20260837,128,scalar_fitted,0.47571464957877774,0.21068886566015768,0.6071428571428571,0.78690476190476188,0.4654546916660024,0.059244165809695937,0.045125693578439485,True,Qwen/Qwen2.5-7B-Instruct,0.47279396166134502,0.0073392699953426233,0.012936449485826784,True,-0.011308015183500941,-0.0085133206389786942,True,0.2495433948710262,0.11924681135678609
microsoft/phi-4,irrelevant_context,20260837,256,scalar_fitted,0.48187899887432356,0.21595203456397435,0.61071428571428577,0.77738095238095239,0.4654546916660024,0.059244165809695937,0.045125693578439485,True,Qwen/Qwen2.5-7B-Instruct,0.47279396166134502,0.0073392699953426233,0.012936449485826784,True,-0.011308015183500941,-0.0085133206389786942,True,0.2495433948710262,0.11924681135678609
microsoft/phi-4,irrelevant_context,20260837,512,scalar_fitted,0.47718962376276924,0.21294248680586711,0.63571428571428568,0.794047619047619,0.4654546916660024,0.059244165809695937,0.045125693578439485,True,Qwen/Qwen2.5-7B-Instruct,0.47279396166134502,0.0073392699953426233,0.012936449485826784,True,-0.011308015183500941,-0.0085133206389786942,True,0.2495433948710262,0.11924681135678609
microsoft/phi-4,irrelevant_context,20260837,0,vector_fitted,0.41981933670021221,0.18010778022981233,0.65714285714285714,0.83571428571428574,0.4696580660743831,0.062897168161062555,0.045125693578439485,True,Qwen/Qwen2.5-7B-Instruct,0.47279396166134502,0.0031358955869619232,0.012936449485826784,True,-0.011308015183500941,-0.0085133206389786942,True,0.2495433948710262,0.11924681135678609
microsoft/phi-4,irrelevant_context,20260837,64,vector_fitted,0.47758331434247925,0.21029048359548017,0.62619047619047608,0.79047619047619044,0.4696580660743831,0.062897168161062555,0.045125693578439485,True,Qwen/Qwen2.5-7B-Instruct,0.47279396166134502,0.0031358955869619232,0.012936449485826784,True,-0.011308015183500941,-0.0085133206389786942,True,0.2495433948710262,0.11924681135678609
microsoft/phi-4,irrelevant_context,20260837,128,vector_fitted,0.48149005213735147,0.21188887601062154,0.63214285714285712,0.78809523809523818,0.4696580660743831,0.062897168161062555,0.045125693578439485,True,Qwen/Qwen2.5-7B-Instruct,0.47279396166134502,0.0031358955869619232,0.012936449485826784,True,-0.011308015183500941,-0.0085133206389786942,True,0.2495433948710262,0.11924681135678609
microsoft/phi-4,irrelevant_context,20260837,256,vector_fitted,0.4866811223305979,0.21686985971727912,0.62976190476190474,0.77738095238095239,0.4696580660743831,0.062897168161062555,0.045125693578439485,True,Qwen/Qwen2.5-7B-Instruct,0.47279396166134502,0.0031358955869619232,0.012936449485826784,True,-0.011308015183500941,-0.0085133206389786942,True,0.2495433948710262,0.11924681135678609
microsoft/phi-4,irrelevant_context,20260837,512,vector_fitted,0.48271650486127476,0.21405371293298983,0.64880952380952384,0.79047619047619044,0.4696580660743831,0.062897168161062555,0.045125693578439485,True,Qwen/Qwen2.5-7B-Instruct,0.47279396166134502,0.0031358955869619232,0.012936449485826784,True,-0.011308015183500941,-0.0085133206389786942,True,0.2495433948710262,0.11924681135678609
mistralai/Mistral-Nemo-Instruct-2407,content_deletion,20260828,0,scalar_fitted,0.35509471020827515,0.12724086543851931,0.53214285714285714,0.77857142857142858,0.36642668418887425,0.011670077695638381,-0.016019329669707039,False,microsoft/Phi-4-reasoning-plus,0.42772929238826601,0.061302608199391762,0.028434550230800076,True,,,False,0.24802018235462112,0.12191479656309748
mistralai/Mistral-Nemo-Instruct-2407,content_deletion,20260828,0.10000000000000001,scalar_fitted,0.36444965670150581,0.12831597728710314,0.5,0.76666666666666672,0.36642668418887425,0.011670077695638381,-0.016019329669707039,False,microsoft/Phi-4-reasoning-plus,0.42772929238826601,0.061302608199391762,0.028434550230800076,True,,,False,0.24802018235462112,0.12191479656309748
mistralai/Mistral-Nemo-Instruct-2407,content_deletion,20260828,0.20000000000000001,scalar_fitted,0.37527764585144546,0.1310287483623907,0.49285714285714288,0.75833333333333341,0.36642668418887425,0.011670077695638381,-0.016019329669707039,False,microsoft/Phi-4-reasoning-plus,0.42772929238826601,0.061302608199391762,0.028434550230800076,True,,,False,0.24802018235462112,0.12191479656309748
mistralai/Mistral-Nemo-Instruct-2407,content_deletion,20260828,0.29999999999999999,scalar_fitted,0.3705466202792313,0.12801681816342964,0.5178571428571429,0.76547619047619042,0.36642668418887425,0.011670077695638381,-0.016019329669707039,False,microsoft/Phi-4-reasoning-plus,0.42772929238826601,0.061302608199391762,0.028434550230800076,True,,,False,0.24802018235462112,0.12191479656309748
mistralai/Mistral-Nemo-Instruct-2407,content_deletion,20260828,0.40000000000000002,scalar_fitted,0.36676478790391354,0.12483337238885213,0.49761904761904757,0.76190476190476186,0.36642668418887425,0.011670077695638381,-0.016019329669707039,False,microsoft/Phi-4-reasoning-plus,0.42772929238826601,0.061302608199391762,0.028434550230800076,True,,,False,0.24802018235462112,0.12191479656309748
mistralai/Mistral-Nemo-Instruct-2407,content_deletion,20260828,0,vector_fitted,0.35342891160112827,0.12647793585442929,0.54642857142857137,0.75,0.36442473561928268,0.013021972103376411,-0.016019329669707039,False,microsoft/Phi-4-reasoning-plus,0.42772929238826601,0.063304556768983333,0.028434550230800076,True,,,False,0.24802018235462112,0.12191479656309748
mistralai/Mistral-Nemo-Instruct-2407,content_deletion,20260828,0.10000000000000001,vector_fitted,0.36067661916964472,0.12668067186229579,0.5261904761904761,0.75119047619047619,0.36442473561928268,0.013021972103376411,-0.016019329669707039,False,microsoft/Phi-4-reasoning-plus,0.42772929238826601,0.063304556768983333,0.028434550230800076,True,,,False,0.24802018235462112,0.12191479656309748
mistralai/Mistral-Nemo-Instruct-2407,content_deletion,20260828,0.20000000000000001,vector_fitted,0.37251700134913901,0.12966086921663036,0.51666666666666672,0.74523809523809526,0.36442473561928268,0.013021972103376411,-0.016019329669707039,False,microsoft/Phi-4-reasoning-plus,0.42772929238826601,0.063304556768983333,0.028434550230800076,True,,,False,0.24802018235462112,0.12191479656309748
mistralai/Mistral-Nemo-Instruct-2407,content_deletion,20260828,0.29999999999999999,vector_fitted,0.36905026227199683,0.12709136732263501,0.51904761904761909,0.75,0.36442473561928268,0.013021972103376411,-0.016019329669707039,False,microsoft/Phi-4-reasoning-plus,0.42772929238826601,0.063304556768983333,0.028434550230800076,True,,,False,0.24802018235462112,0.12191479656309748
mistralai/Mistral-Nemo-Instruct-2407,content_deletion,20260828,0.40000000000000002,vector_fitted,0.36645088370450468,0.12438568163746341,0.50595238095238093,0.75595238095238104,0.36442473561928268,0.013021972103376411,-0.016019329669707039,False,microsoft/Phi-4-reasoning-plus,0.42772929238826601,0.063304556768983333,0.028434550230800076,True,,,False,0.24802018235462112,0.12191479656309748
mistralai/Mistral-Nemo-Instruct-2407,content_deletion,20260829,0,scalar_fitted,0.35505755228859459,0.12744282353548067,0.57857142857142863,0.77500000000000002,0.35378704529851823,-0.0050627717876412515,-0.025179582217072505,True,microsoft/Phi-4-reasoning-plus,0.41391436427635331,0.060127318977835076,0.035491313083234444,True,,,False,0.32951342498116498,0.1479052373085688
mistralai/Mistral-Nemo-Instruct-2407,content_deletion,20260829,0.10000000000000001,scalar_fitted,0.35239543333339612,0.12365503537336546,0.53809523809523807,0.73690476190476195,0.35378704529851823,-0.0050627717876412515,-0.025179582217072505,True,microsoft/Phi-4-reasoning-plus,0.41391436427635331,0.060127318977835076,0.035491313083234444,True,,,False,0.32951342498116498,0.1479052373085688
mistralai/Mistral-Nemo-Instruct-2407,content_deletion,20260829,0.20000000000000001,scalar_fitted,0.35677077971645355,0.12398552633870098,0.52976190476190466,0.75,0.35378704529851823,-0.0050627717876412515,-0.025179582217072505,True,microsoft/Phi-4-reasoning-plus,0.41391436427635331,0.060127318977835076,0.035491313083234444,True,,,False,0.32951342498116498,0.1479052373085688
mistralai/Mistral-Nemo-Instruct-2407,content_deletion,20260829,0.29999999999999999,scalar_fitted,0.35471668065319362,0.12084453526429714,0.55714285714285716,0.77857142857142858,0.35378704529851823,-0.0050627717876412515,-0.025179582217072505,True,microsoft/Phi-4-reasoning-plus,0.41391436427635331,0.060127318977835076,0.035491313083234444,True,,,False,0.32951342498116498,0.1479052373085688
mistralai/Mistral-Nemo-Instruct-2407,content_deletion,20260829,0.40000000000000002,scalar_fitted,0.34999478050095334,0.1176198922733195,0.54047619047619044,0.79047619047619055,0.35378704529851823,-0.0050627717876412515,-0.025179582217072505,True,microsoft/Phi-4-reasoning-plus,0.41391436427635331,0.060127318977835076,0.035491313083234444,True,,,False,0.32951342498116498,0.1479052373085688
mistralai/Mistral-Nemo-Instruct-2407,content_deletion,20260829,0,vector_fitted,0.35244186492505997,0.1249821210815998,0.54285714285714282,0.73928571428571432,0.3519626407959176,-0.0030438274427962986,-0.025179582217072505,True,microsoft/Phi-4-reasoning-plus,0.41391436427635331,0.061951723480435705,0.035491313083234444,True,,,False,0.32951342498116498,0.1479052373085688
mistralai/Mistral-Nemo-Instruct-2407,content_deletion,20260829,0.10000000000000001,vector_fitted,0.35039809475265404,0.12186942004597717,0.54642857142857137,0.73571428571428577,0.3519626407959176,-0.0030438274427962986,-0.025179582217072505,True,microsoft/Phi-4-reasoning-plus,0.41391436427635331,0.061951723480435705,0.035491313083234444,True,,,False,0.32951342498116498,0.1479052373085688
mistralai/Mistral-Nemo-Instruct-2407,content_deletion,20260829,0.20000000000000001,vector_fitted,0.35513237054974872,0.12236484351889794,0.55119047619047612,0.74404761904761896,0.3519626407959176,-0.0030438274427962986,-0.025179582217072505,True,microsoft/Phi-4-reasoning-plus,0.41391436427635331,0.061951723480435705,0.035491313083234444,True,,,False,0.32951342498116498,0.1479052373085688
mistralai/Mistral-Nemo-Instruct-2407,content_deletion,20260829,0.29999999999999999,vector_fitted,0.35244283626986173,0.11891251060132517,0.57499999999999996,0.76666666666666672,0.3519626407959176,-0.0030438274427962986,-0.025179582217072505,True,microsoft/Phi-4-reasoning-plus,0.41391436427635331,0.061951723480435705,0.035491313083234444,True,,,False,0.32951342498116498,0.1479052373085688
mistralai/Mistral-Nemo-Instruct-2407,content_deletion,20260829,0.40000000000000002,vector_fitted,0.34939803748226367,0.11675688202361505,0.5714285714285714,0.78214285714285714,0.3519626407959176,-0.0030438274427962986,-0.025179582217072505,True,microsoft/Phi-4-reasoning-plus,0.41391436427635331,0.061951723480435705,0.035491313083234444,True,,,False,0.32951342498116498,0.1479052373085688
mistralai/Mistral-Nemo-Instruct-2407,content_deletion,20260830,0,scalar_fitted,0.36955832525570803,0.13261710035996496,0.54642857142857137,0.77857142857142858,0.36837251198299226,-0.01299304122437539,-0.028962033922755342,True,microsoft/Phi-4-reasoning-plus,0.42122993341024334,0.052857421427251083,0.027773206995594268,True,,,False,0.27394149279268365,0.13013932826953986
mistralai/Mistral-Nemo-Instruct-2407,content_deletion,20260830,0.10000000000000001,scalar_fitted,0.37224205305040858,0.13073843845588723,0.50952380952380949,0.77857142857142858,0.36837251198299226,-0.01299304122437539,-0.028962033922755342,True,microsoft/Phi-4-reasoning-plus,0.42122993341024334,0.052857421427251083,0.027773206995594268,True,,,False,0.27394149279268365,0.13013932826953986
mistralai/Mistral-Nemo-Instruct-2407,content_deletion,20260830,0.20000000000000001,scalar_fitted,0.37669502242706349,0.12960263265057664,0.49285714285714288,0.77380952380952384,0.36837251198299226,-0.01299304122437539,-0.028962033922755342,True,microsoft/Phi-4-reasoning-plus,0.42122993341024334,0.052857421427251083,0.027773206995594268,True,,,False,0.27394149279268365,0.13013932826953986
mistralai/Mistral-Nemo-Instruct-2407,content_deletion,20260830,0.29999999999999999,scalar_fitted,0.36680187515044821,0.12440152853736523,0.52857142857142858,0.7952380952380953,0.36837251198299226,-0.01299304122437539,-0.028962033922755342,True,microsoft/Phi-4-reasoning-plus,0.42122993341024334,0.052857421427251083,0.027773206995594268,True,,,False,0.27394149279268365,0.13013932826953986
mistralai/Mistral-Nemo-Instruct-2407,content_deletion,20260830,0.40000000000000002,scalar_fitted,0.35656528403133264,0.11766406982455097,0.52023809523809528,0.8119047619047618,0.36837251198299226,-0.01299304122437539,-0.028962033922755342,True,microsoft/Phi-4-reasoning-plus,0.42122993341024334,0.052857421427251083,0.027773206995594268,True,,,False,0.27394149279268365,0.13013932826953986
mistralai/Mistral-Nemo-Instruct-2407,content_deletion,20260830,0,vector_fitted,0.36421591038853562,0.12937024717278234,0.53928571428571426,0.77500000000000002,0.36440605607445059,-0.0081153174044122367,-0.028962033922755342,True,microsoft/Phi-4-reasoning-plus,0.42122993341024334,0.05682387733579275,0.027773206995594268,True,,,False,0.27394149279268365,0.13013932826953986
mistralai/Mistral-Nemo-Instruct-2407,content_deletion,20260830,0.10000000000000001,vector_fitted,0.36649345639295389,0.12695657321020901,0.52500000000000002,0.78095238095238095,0.36440605607445059,-0.0081153174044122367,-0.028962033922755342,True,microsoft/Phi-4-reasoning-plus,0.42122993341024334,0.05682387733579275,0.027773206995594268,True,,,False,0.27394149279268365,0.13013932826953986
mistralai/Mistral-Nemo-Instruct-2407,content_deletion,20260830,0.20000000000000001,vector_fitted,0.37135933232707402,0.12665278246187564,0.52023809523809517,0.77857142857142858,0.36440605607445059,-0.0081153174044122367,-0.028962033922755342,True,microsoft/Phi-4-reasoning-plus,0.42122993341024334,0.05682387733579275,0.027773206995594268,True,,,False,0.27394149279268365,0.13013932826953986
mistralai/Mistral-Nemo-Instruct-2407,content_deletion,20260830,0.29999999999999999,vector_fitted,0.36386098827956598,0.12223246230541418,0.54285714285714282,0.79166666666666674,0.36440605607445059,-0.0081153174044122367,-0.028962033922755342,True,microsoft/Phi-4-reasoning-plus,0.42122993341024334,0.05682387733579275,0.027773206995594268,True,,,False,0.27394149279268365,0.13013932826953986
mistralai/Mistral-Nemo-Instruct-2407,content_deletion,20260830,0.40000000000000002,vector_fitted,0.35610059298412339,0.11668394043053933,0.5178571428571429,0.8035714285714286,0.36440605607445059,-0.0081153174044122367,-0.028962033922755342,True,microsoft/Phi-4-reasoning-plus,0.42122993341024334,0.05682387733579275,0.027773206995594268,True,,,False,0.27394149279268365,0.13013932826953986
mistralai/Mistral-Nemo-Instruct-2407,content_deletion,20260831,0,scalar_fitted,0.35958942948156974,0.12558800888300103,0.55714285714285716,0.79642857142857137,0.35853409061754676,-0.0058423331898113107,-0.030114991757507786,True,microsoft/Phi-4-reasoning-plus,0.40941941120909792,0.050885320591551153,0.029481453361729054,True,,,False,0.24511925344524665,0.11046001497395304
mistralai/Mistral-Nemo-Instruct-2407,content_deletion,20260831,0.10000000000000001,scalar_fitted,0.36251752357960154,0.12626633890873154,0.53095238095238095,0.78928571428571426,0.35853409061754676,-0.0058423331898113107,-0.030114991757507786,True,microsoft/Phi-4-reasoning-plus,0.40941941120909792,0.050885320591551153,0.029481453361729054,True,,,False,0.24511925344524665,0.11046001497395304
mistralai/Mistral-Nemo-Instruct-2407,content_deletion,20260831,0.20000000000000001,scalar_fitted,0.36004153955093182,0.12271350787006853,0.5261904761904761,0.78095238095238106,0.35853409061754676,-0.0058423331898113107,-0.030114991757507786,True,microsoft/Phi-4-reasoning-plus,0.40941941120909792,0.050885320591551153,0.029481453361729054,True,,,False,0.24511925344524665,0.11046001497395304
mistralai/Mistral-Nemo-Instruct-2407,content_deletion,20260831,0.29999999999999999,scalar_fitted,0.35677486418387233,0.11983764326019418,0.54642857142857137,0.79761904761904756,0.35853409061754676,-0.0058423331898113107,-0.030114991757507786,True,microsoft/Phi-4-reasoning-plus,0.40941941120909792,0.050885320591551153,0.029481453361729054,True,,,False,0.24511925344524665,0.11046001497395304
mistralai/Mistral-Nemo-Instruct-2407,content_deletion,20260831,0.40000000000000002,scalar_fitted,0.35374709629175843,0.11819255446689415,0.54047619047619044,0.81071428571428572,0.35853409061754676,-0.0058423331898113107,-0.030114991757507786,True,microsoft/Phi-4-reasoning-plus,0.40941941120909792,0.050885320591551153,0.029481453361729054,True,,,False,0.24511925344524665,0.11046001497395304
mistralai/Mistral-Nemo-Instruct-2407,content_deletion,20260831,0,vector_fitted,0.35168218657806039,0.12113021159447358,0.57499999999999996,0.77857142857142858,0.35284491775056609,-0.00049059496323422547,-0.030114991757507786,True,microsoft/Phi-4-reasoning-plus,0.40941941120909792,0.056574493458531827,0.029481453361729054,True,,,False,0.24511925344524665,0.11046001497395304
mistralai/Mistral-Nemo-Instruct-2407,content_deletion,20260831,0.10000000000000001,vector_fitted,0.35461525457741661,0.1221789714339183,0.56904761904761902,0.7857142857142857,0.35284491775056609,-0.00049059496323422547,-0.030114991757507786,True,microsoft/Phi-4-reasoning-plus,0.40941941120909792,0.056574493458531827,0.029481453361729054,True,,,False,0.24511925344524665,0.11046001497395304
mistralai/Mistral-Nemo-Instruct-2407,content_deletion,20260831,0.20000000000000001,vector_fitted,0.35435167774529686,0.11968348078742348,0.55238095238095231,0.78095238095238106,0.35284491775056609,-0.00049059496323422547,-0.030114991757507786,True,microsoft/Phi-4-reasoning-plus,0.40941941120909792,0.056574493458531827,0.029481453361729054,True,,,False,0.24511925344524665,0.11046001497395304
mistralai/Mistral-Nemo-Instruct-2407,content_deletion,20260831,0.29999999999999999,vector_fitted,0.35238387823723039,0.11749136186570937,0.56904761904761902,0.79404761904761911,0.35284491775056609,-0.00049059496323422547,-0.030114991757507786,True,microsoft/Phi-4-reasoning-plus,0.40941941120909792,0.056574493458531827,0.029481453361729054,True,,,False,0.24511925344524665,0.11046001497395304
mistralai/Mistral-Nemo-Instruct-2407,content_deletion,20260831,0.40000000000000002,vector_fitted,0.35119159161482616,0.11627917066617184,0.55476190476190468,0.80119047619047623,0.35284491775056609,-0.00049059496323422547,-0.030114991757507786,True,microsoft/Phi-4-reasoning-plus,0.40941941120909792,0.056574493458531827,0.029481453361729054,True,,,False,0.24511925344524665,0.11046001497395304
mistralai/Mistral-Nemo-Instruct-2407,content_deletion,20260832,0,scalar_fitted,0.3601431608794497,0.1310072055017778,0.55714285714285716,0.78928571428571426,0.36200594242577377,0.0015784367404184096,-0.021299230310146161,False,microsoft/Phi-4-reasoning-plus,0.41199835661098455,0.049992414185210776,0.033520436374242818,True,,,False,0.3512718175281343,0.16381456223764851
mistralai/Mistral-Nemo-Instruct-2407,content_deletion,20260832,0.10000000000000001,scalar_fitted,0.36050729971804407,0.12851268431463916,0.52738095238095239,0.77857142857142858,0.36200594242577377,0.0015784367404184096,-0.021299230310146161,False,microsoft/Phi-4-reasoning-plus,0.41199835661098455,0.049992414185210776,0.033520436374242818,True,,,False,0.3512718175281343,0.16381456223764851
mistralai/Mistral-Nemo-Instruct-2407,content_deletion,20260832,0.20000000000000001,scalar_fitted,0.36341039445016593,0.12656980697346809,0.5357142857142857,0.7952380952380953,0.36200594242577377,0.0015784367404184096,-0.021299230310146161,False,microsoft/Phi-4-reasoning-plus,0.41199835661098455,0.049992414185210776,0.033520436374242818,True,,,False,0.3512718175281343,0.16381456223764851
mistralai/Mistral-Nemo-Instruct-2407,content_deletion,20260832,0.29999999999999999,scalar_fitted,0.36424725946134118,0.12551665875245713,0.53690476190476188,0.79047619047619055,0.36200594242577377,0.0015784367404184096,-0.021299230310146161,False,microsoft/Phi-4-reasoning-plus,0.41199835661098455,0.049992414185210776,0.033520436374242818,True,,,False,0.3512718175281343,0.16381456223764851
mistralai/Mistral-Nemo-Instruct-2407,content_deletion,20260832,0.40000000000000002,scalar_fitted,0.36172159761986811,0.12190003464300757,0.52976190476190466,0.79642857142857137,0.36200594242577377,0.0015784367404184096,-0.021299230310146161,False,microsoft/Phi-4-reasoning-plus,0.41199835661098455,0.049992414185210776,0.033520436374242818,True,,,False,0.3512718175281343,0.16381456223764851
mistralai/Mistral-Nemo-Instruct-2407,content_deletion,20260832,0,vector_fitted,0.35389874962470508,0.12653171731029533,0.5535714285714286,0.75,0.35636547608618374,0.0035239184203199603,-0.021299230310146161,False,microsoft/Phi-4-reasoning-plus,0.41199835661098455,0.05563288052480081,0.033520436374242818,True,,,False,0.3512718175281343,0.16381456223764851
mistralai/Mistral-Nemo-Instruct-2407,content_deletion,20260832,0.10000000000000001,vector_fitted,0.35426482493279576,0.1240209386306047,0.55595238095238086,0.76309523809523816,0.35636547608618374,0.0035239184203199603,-0.021299230310146161,False,microsoft/Phi-4-reasoning-plus,0.41199835661098455,0.05563288052480081,0.033520436374242818,True,,,False,0.3512718175281343,0.16381456223764851
mistralai/Mistral-Nemo-Instruct-2407,content_deletion,20260832,0.20000000000000001,vector_fitted,0.35730407864036612,0.12273489104255454,0.56071428571428572,0.77619047619047621,0.35636547608618374,0.0035239184203199603,-0.021299230310146161,False,microsoft/Phi-4-reasoning-plus,0.41199835661098455,0.05563288052480081,0.033520436374242818,True,,,False,0.3512718175281343,0.16381456223764851
mistralai/Mistral-Nemo-Instruct-2407,content_deletion,20260832,0.29999999999999999,vector_fitted,0.35893705918802699,0.12206713148091018,0.56071428571428572,0.78214285714285714,0.35636547608618374,0.0035239184203199603,-0.021299230310146161,False,microsoft/Phi-4-reasoning-plus,0.41199835661098455,0.05563288052480081,0.033520436374242818,True,,,False,0.3512718175281343,0.16381456223764851
mistralai/Mistral-Nemo-Instruct-2407,content_deletion,20260832,0.40000000000000002,vector_fitted,0.35742266804502504,0.11890573909941229,0.55476190476190468,0.78928571428571426,0.35636547608618374,0.0035239184203199603,-0.021299230310146161,False,microsoft/Phi-4-reasoning-plus,0.41199835661098455,0.05563288052480081,0.033520436374242818,True,,,False,0.3512718175281343,0.16381456223764851
mistralai/Mistral-Nemo-Instruct-2407,content_deletion,20260833,0,scalar_fitted,0.3638282084929223,0.12865574071393851,0.5535714285714286,0.80000000000000004,0.36130287805517114,-0.011457657972614443,-0.03303947019412351,True,microsoft/Phi-4-reasoning-plus,0.42406806580699358,0.062765187751822438,0.032934490108376901,True,,,False,0.31705131240267137,0.15393896224863204
mistralai/Mistral-Nemo-Instruct-2407,content_deletion,20260833,0.10000000000000001,scalar_fitted,0.36381001529435469,0.12727070735945653,0.52738095238095239,0.77857142857142858,0.36130287805517114,-0.011457657972614443,-0.03303947019412351,True,microsoft/Phi-4-reasoning-plus,0.42406806580699358,0.062765187751822438,0.032934490108376901,True,,,False,0.31705131240267137,0.15393896224863204
mistralai/Mistral-Nemo-Instruct-2407,content_deletion,20260833,0.20000000000000001,scalar_fitted,0.36644421039271302,0.12606971866220579,0.52500000000000002,0.77380952380952372,0.36130287805517114,-0.011457657972614443,-0.03303947019412351,True,microsoft/Phi-4-reasoning-plus,0.42406806580699358,0.062765187751822438,0.032934490108376901,True,,,False,0.31705131240267137,0.15393896224863204
mistralai/Mistral-Nemo-Instruct-2407,content_deletion,20260833,0.29999999999999999,scalar_fitted,0.3600614055755581,0.12136672245377912,0.54642857142857137,0.78809523809523807,0.36130287805517114,-0.011457657972614443,-0.03303947019412351,True,microsoft/Phi-4-reasoning-plus,0.42406806580699358,0.062765187751822438,0.032934490108376901,True,,,False,0.31705131240267137,0.15393896224863204
mistralai/Mistral-Nemo-Instruct-2407,content_deletion,20260833,0.40000000000000002,scalar_fitted,0.35237055052030786,0.11698716346315977,0.53095238095238106,0.79047619047619055,0.36130287805517114,-0.011457657972614443,-0.03303947019412351,True,microsoft/Phi-4-reasoning-plus,0.42406806580699358,0.062765187751822438,0.032934490108376901,True,,,False,0.31705131240267137,0.15393896224863204
mistralai/Mistral-Nemo-Instruct-2407,content_deletion,20260833,0,vector_fitted,0.36114767458375019,0.12640686930596812,0.5357142857142857,0.74285714285714288,0.36233484939971833,-0.0035340631833952196,-0.03303947019412351,True,microsoft/Phi-4-reasoning-plus,0.42406806580699358,0.061733216407275249,0.032934490108376901,True,,,False,0.31705131240267137,0.15393896224863204
mistralai/Mistral-Nemo-Instruct-2407,content_deletion,20260833,0.10000000000000001,vector_fitted,0.36276949909538492,0.12611246343836199,0.53928571428571426,0.75,0.36233484939971833,-0.0035340631833952196,-0.03303947019412351,True,microsoft/Phi-4-reasoning-plus,0.42406806580699358,0.061733216407275249,0.032934490108376901,True,,,False,0.31705131240267137,0.15393896224863204
mistralai/Mistral-Nemo-Instruct-2407,content_deletion,20260833,0.20000000000000001,vector_fitted,0.36709171622003911,0.1258591764315293,0.54047619047619044,0.76071428571428568,0.36233484939971833,-0.0035340631833952196,-0.03303947019412351,True,microsoft/Phi-4-reasoning-plus,0.42406806580699358,0.061733216407275249,0.032934490108376901,True,,,False,0.31705131240267137,0.15393896224863204
mistralai/Mistral-Nemo-Instruct-2407,content_deletion,20260833,0.29999999999999999,vector_fitted,0.36305174569906234,0.12230039276597271,0.55238095238095231,0.7761904761904761,0.36233484939971833,-0.0035340631833952196,-0.03303947019412351,True,microsoft/Phi-4-reasoning-plus,0.42406806580699358,0.061733216407275249,0.032934490108376901,True,,,False,0.31705131240267137,0.15393896224863204
mistralai/Mistral-Nemo-Instruct-2407,content_deletion,20260833,0.40000000000000002,vector_fitted,0.35761361140035497,0.11892059195104134,0.53095238095238095,0.77500000000000002,0.36233484939971833,-0.0035340631833952196,-0.03303947019412351,True,microsoft/Phi-4-reasoning-plus,0.42406806580699358,0.061733216407275249,0.032934490108376901,True,,,False,0.31705131240267137,0.15393896224863204
mistralai/Mistral-Nemo-Instruct-2407,content_deletion,20260834,0,scalar_fitted,0.37569704762722517,0.13636877082890522,0.51428571428571423,0.75,0.36772413758009276,-0.022667279832096654,-0.028763607461892965,True,microsoft/Phi-4-reasoning-plus,0.43013384788132347,0.062409710301230714,0.030508341410323242,True,,,False,0.15381451756802078,0.080616458196766036
mistralai/Mistral-Nemo-Instruct-2407,content_deletion,20260834,0.10000000000000001,scalar_fitted,0.37320395673222323,0.13309978856217777,0.5083333333333333,0.74047619047619051,0.36772413758009276,-0.022667279832096654,-0.028763607461892965,True,microsoft/Phi-4-reasoning-plus,0.43013384788132347,0.062409710301230714,0.030508341410323242,True,,,False,0.15381451756802078,0.080616458196766036
mistralai/Mistral-Nemo-Instruct-2407,content_deletion,20260834,0.20000000000000001,scalar_fitted,0.37640710285534351,0.13156743033568735,0.5083333333333333,0.7595238095238096,0.36772413758009276,-0.022667279832096654,-0.028763607461892965,True,microsoft/Phi-4-reasoning-plus,0.43013384788132347,0.062409710301230714,0.030508341410323242,True,,,False,0.15381451756802078,0.080616458196766036
mistralai/Mistral-Nemo-Instruct-2407,content_deletion,20260834,0.29999999999999999,scalar_fitted,0.36028281289054331,0.12242787155330964,0.55119047619047612,0.76547619047619042,0.36772413758009276,-0.022667279832096654,-0.028763607461892965,True,microsoft/Phi-4-reasoning-plus,0.43013384788132347,0.062409710301230714,0.030508341410323242,True,,,False,0.15381451756802078,0.080616458196766036
mistralai/Mistral-Nemo-Instruct-2407,content_deletion,20260834,0.40000000000000002,scalar_fitted,0.35302976779512851,0.11702624444382495,0.52976190476190466,0.7678571428571429,0.36772413758009276,-0.022667279832096654,-0.028763607461892965,True,microsoft/Phi-4-reasoning-plus,0.43013384788132347,0.062409710301230714,0.030508341410323242,True,,,False,0.15381451756802078,0.080616458196766036
mistralai/Mistral-Nemo-Instruct-2407,content_deletion,20260834,0,vector_fitted,0.37347047129786587,0.13574532431946476,0.51071428571428568,0.73571428571428577,0.3666771143065567,-0.020212357227676669,-0.028763607461892965,True,microsoft/Phi-4-reasoning-plus,0.43013384788132347,0.063456733574766777,0.030508341410323242,True,,,False,0.15381451756802078,0.080616458196766036
mistralai/Mistral-Nemo-Instruct-2407,content_deletion,20260834,0.10000000000000001,vector_fitted,0.37160668229174626,0.1325522275272967,0.52023809523809517,0.73690476190476195,0.3666771143065567,-0.020212357227676669,-0.028763607461892965,True,microsoft/Phi-4-reasoning-plus,0.43013384788132347,0.063456733574766777,0.030508341410323242,True,,,False,0.15381451756802078,0.080616458196766036
mistralai/Mistral-Nemo-Instruct-2407,content_deletion,20260834,0.20000000000000001,vector_fitted,0.3750431852210267,0.13101474497997043,0.51904761904761898,0.7404761904761904,0.3666771143065567,-0.020212357227676669,-0.028763607461892965,True,microsoft/Phi-4-reasoning-plus,0.43013384788132347,0.063456733574766777,0.030508341410323242,True,,,False,0.15381451756802078,0.080616458196766036
mistralai/Mistral-Nemo-Instruct-2407,content_deletion,20260834,0.29999999999999999,vector_fitted,0.3600071186519555,0.12236514236093525,0.54523809523809519,0.75833333333333341,0.3666771143065567,-0.020212357227676669,-0.028763607461892965,True,microsoft/Phi-4-reasoning-plus,0.43013384788132347,0.063456733574766777,0.030508341410323242,True,,,False,0.15381451756802078,0.080616458196766036
mistralai/Mistral-Nemo-Instruct-2407,content_deletion,20260834,0.40000000000000002,vector_fitted,0.3532581140701892,0.11730906832349046,0.53214285714285714,0.75952380952380949,0.3666771143065567,-0.020212357227676669,-0.028763607461892965,True,microsoft/Phi-4-reasoning-plus,0.43013384788132347,0.063456733574766777,0.030508341410323242,True,,,False,0.15381451756802078,0.080616458196766036
mistralai/Mistral-Nemo-Instruct-2407,content_deletion,20260835,0,scalar_fitted,0.3676679279106681,0.13047351185201653,0.56428571428571428,0.81071428571428572,0.3608279260042363,-0.015969761764913659,-0.0333032136710672,True,microsoft/Phi-4-reasoning-plus,0.41924099250897379,0.058413066504737488,0.038509910755487153,True,,,False,0.35887779308602774,0.15606765499163991
mistralai/Mistral-Nemo-Instruct-2407,content_deletion,20260835,0.10000000000000001,scalar_fitted,0.35771082547075028,0.12375832031145438,0.53809523809523818,0.79047619047619044,0.3608279260042363,-0.015969761764913659,-0.0333032136710672,True,microsoft/Phi-4-reasoning-plus,0.41924099250897379,0.058413066504737488,0.038509910755487153,True,,,False,0.35887779308602774,0.15606765499163991
mistralai/Mistral-Nemo-Instruct-2407,content_deletion,20260835,0.20000000000000001,scalar_fitted,0.36502858846734898,0.12447208273595504,0.50238095238095237,0.77142857142857146,0.3608279260042363,-0.015969761764913659,-0.0333032136710672,True,microsoft/Phi-4-reasoning-plus,0.41924099250897379,0.058413066504737488,0.038509910755487153,True,,,False,0.35887779308602774,0.15606765499163991
mistralai/Mistral-Nemo-Instruct-2407,content_deletion,20260835,0.29999999999999999,scalar_fitted,0.36203412202665985,0.12134329141029424,0.52857142857142858,0.78809523809523818,0.3608279260042363,-0.015969761764913659,-0.0333032136710672,True,microsoft/Phi-4-reasoning-plus,0.41924099250897379,0.058413066504737488,0.038509910755487153,True,,,False,0.35887779308602774,0.15606765499163991
mistralai/Mistral-Nemo-Instruct-2407,content_deletion,20260835,0.40000000000000002,scalar_fitted,0.35169816614575444,0.11551255609254929,0.52976190476190466,0.79880952380952386,0.3608279260042363,-0.015969761764913659,-0.0333032136710672,True,microsoft/Phi-4-reasoning-plus,0.41924099250897379,0.058413066504737488,0.038509910755487153,True,,,False,0.35887779308602774,0.15606765499163991
mistralai/Mistral-Nemo-Instruct-2407,content_deletion,20260835,0,vector_fitted,0.36093066847089589,0.12694980034356013,0.5535714285714286,0.76428571428571423,0.35734802617237194,-0.0084687706106982286,-0.0333032136710672,True,microsoft/Phi-4-reasoning-plus,0.41924099250897379,0.061892966336601851,0.038509910755487153,True,,,False,0.35887779308602774,0.15606765499163991
mistralai/Mistral-Nemo-Instruct-2407,content_deletion,20260835,0.10000000000000001,vector_fitted,0.35174878180811342,0.12040341916066859,0.55238095238095231,0.78809523809523818,0.35734802617237194,-0.0084687706106982286,-0.0333032136710672,True,microsoft/Phi-4-reasoning-plus,0.41924099250897379,0.061892966336601851,0.038509910755487153,True,,,False,0.35887779308602774,0.15606765499163991
mistralai/Mistral-Nemo-Instruct-2407,content_deletion,20260835,0.20000000000000001,vector_fitted,0.36117099188208979,0.12254328769606689,0.5357142857142857,0.77261904761904765,0.35734802617237194,-0.0084687706106982286,-0.0333032136710672,True,microsoft/Phi-4-reasoning-plus,0.41924099250897379,0.061892966336601851,0.038509910755487153,True,,,False,0.35887779308602774,0.15606765499163991
mistralai/Mistral-Nemo-Instruct-2407,content_deletion,20260835,0.29999999999999999,vector_fitted,0.36042779084056276,0.12019297844330024,0.53928571428571426,0.78452380952380962,0.35734802617237194,-0.0084687706106982286,-0.0333032136710672,True,microsoft/Phi-4-reasoning-plus,0.41924099250897379,0.061892966336601851,0.038509910755487153,True,,,False,0.35887779308602774,0.15606765499163991
mistralai/Mistral-Nemo-Instruct-2407,content_deletion,20260835,0.40000000000000002,vector_fitted,0.35246189786019766,0.11527058479344256,0.52738095238095239,0.78928571428571426,0.35734802617237194,-0.0084687706106982286,-0.0333032136710672,True,microsoft/Phi-4-reasoning-plus,0.41924099250897379,0.061892966336601851,0.038509910755487153,True,,,False,0.35887779308602774,0.15606765499163991
mistralai/Mistral-Nemo-Instruct-2407,content_deletion,20260836,0,scalar_fitted,0.37096568354196457,0.13370073196559762,0.55714285714285716,0.82857142857142863,0.36880458004278827,-0.0091891433289206237,-0.02789762048425487,True,microsoft/Phi-4-reasoning-plus,0.41904258459238353,0.050238004549595261,0.035180960571737557,True,,,False,0.278342721821079,0.13283213661458218
mistralai/Mistral-Nemo-Instruct-2407,content_deletion,20260836,0.10000000000000001,scalar_fitted,0.37151207533409031,0.13131136467548668,0.51309523809523805,0.80238095238095242,0.36880458004278827,-0.0091891433289206237,-0.02789762048425487,True,microsoft/Phi-4-reasoning-plus,0.41904258459238353,0.050238004549595261,0.035180960571737557,True,,,False,0.278342721821079,0.13283213661458218
mistralai/Mistral-Nemo-Instruct-2407,content_deletion,20260836,0.20000000000000001,scalar_fitted,0.37328604664720444,0.12916083433661241,0.50476190476190474,0.79880952380952375,0.36880458004278827,-0.0091891433289206237,-0.02789762048425487,True,microsoft/Phi-4-reasoning-plus,0.41904258459238353,0.050238004549595261,0.035180960571737557,True,,,False,0.278342721821079,0.13283213661458218
mistralai/Mistral-Nemo-Instruct-2407,content_deletion,20260836,0.29999999999999999,scalar_fitted,0.36648255447763795,0.12386383827823438,0.5083333333333333,0.79285714285714282,0.36880458004278827,-0.0091891433289206237,-0.02789762048425487,True,microsoft/Phi-4-reasoning-plus,0.41904258459238353,0.050238004549595261,0.035180960571737557,True,,,False,0.278342721821079,0.13283213661458218
mistralai/Mistral-Nemo-Instruct-2407,content_deletion,20260836,0.40000000000000002,scalar_fitted,0.36177654021304395,0.12036494730913207,0.50595238095238104,0.80238095238095242,0.36880458004278827,-0.0091891433289206237,-0.02789762048425487,True,microsoft/Phi-4-reasoning-plus,0.41904258459238353,0.050238004549595261,0.035180960571737557,True,,,False,0.278342721821079,0.13283213661458218
mistralai/Mistral-Nemo-Instruct-2407,content_deletion,20260836,0,vector_fitted,0.36431508206725249,0.12899606933329144,0.56785714285714284,0.79642857142857137,0.36439924649811667,-0.0042721964189967321,-0.02789762048425487,True,microsoft/Phi-4-reasoning-plus,0.41904258459238353,0.054643338094266858,0.035180960571737557,True,,,False,0.278342721821079,0.13283213661458218
mistralai/Mistral-Nemo-Instruct-2407,content_deletion,20260836,0.10000000000000001,vector_fitted,0.36613563949498856,0.12759848258637752,0.54166666666666663,0.78809523809523818,0.36439924649811667,-0.0042721964189967321,-0.02789762048425487,True,microsoft/Phi-4-reasoning-plus,0.41904258459238353,0.054643338094266858,0.035180960571737557,True,,,False,0.278342721821079,0.13283213661458218
mistralai/Mistral-Nemo-Instruct-2407,content_deletion,20260836,0.20000000000000001,vector_fitted,0.36833218191770373,0.12589859219691613,0.52976190476190466,0.78690476190476188,0.36439924649811667,-0.0042721964189967321,-0.02789762048425487,True,microsoft/Phi-4-reasoning-plus,0.41904258459238353,0.054643338094266858,0.035180960571737557,True,,,False,0.278342721821079,0.13283213661458218
mistralai/Mistral-Nemo-Instruct-2407,content_deletion,20260836,0.29999999999999999,vector_fitted,0.36317044336238291,0.12163968284999897,0.52738095238095239,0.78214285714285714,0.36439924649811667,-0.0042721964189967321,-0.02789762048425487,True,microsoft/Phi-4-reasoning-plus,0.41904258459238353,0.054643338094266858,0.035180960571737557,True,,,False,0.278342721821079,0.13283213661458218
mistralai/Mistral-Nemo-Instruct-2407,content_deletion,20260836,0.40000000000000002,vector_fitted,0.36004288564825576,0.11887612860875346,0.51666666666666672,0.78333333333333321,0.36439924649811667,-0.0042721964189967321,-0.02789762048425487,True,microsoft/Phi-4-reasoning-plus,0.41904258459238353,0.054643338094266858,0.035180960571737557,True,,,False,0.278342721821079,0.13283213661458218
mistralai/Mistral-Nemo-Instruct-2407,content_deletion,20260837,0,scalar_fitted,0.35528675030243401,0.1258917930684364,0.58571428571428574,0.81785714285714284,0.36186567667504899,0.0065893330864891797,-0.022020829255687602,False,microsoft/Phi-4-reasoning-plus,0.42840262973367854,0.066536953058629555,0.031851195241197561,True,,,False,0.38350858295566248,0.17983318336452944
mistralai/Mistral-Nemo-Instruct-2407,content_deletion,20260837,0.10000000000000001,scalar_fitted,0.36073406370097444,0.12595661034445926,0.54880952380952375,0.79761904761904767,0.36186567667504899,0.0065893330864891797,-0.022020829255687602,False,microsoft/Phi-4-reasoning-plus,0.42840262973367854,0.066536953058629555,0.031851195241197561,True,,,False,0.38350858295566248,0.17983318336452944
mistralai/Mistral-Nemo-Instruct-2407,content_deletion,20260837,0.20000000000000001,scalar_fitted,0.36804364007101992,0.12620612149502181,0.50595238095238093,0.77976190476190466,0.36186567667504899,0.0065893330864891797,-0.022020829255687602,False,microsoft/Phi-4-reasoning-plus,0.42840262973367854,0.066536953058629555,0.031851195241197561,True,,,False,0.38350858295566248,0.17983318336452944
mistralai/Mistral-Nemo-Instruct-2407,content_deletion,20260837,0.29999999999999999,scalar_fitted,0.36338784591189344,0.12134328146847105,0.52261904761904754,0.79047619047619055,0.36186567667504899,0.0065893330864891797,-0.022020829255687602,False,microsoft/Phi-4-reasoning-plus,0.42840262973367854,0.066536953058629555,0.031851195241197561,True,,,False,0.38350858295566248,0.17983318336452944
mistralai/Mistral-Nemo-Instruct-2407,content_deletion,20260837,0.40000000000000002,scalar_fitted,0.36187608338892319,0.1202137611967207,0.49880952380952376,0.79166666666666674,0.36186567667504899,0.0065893330864891797,-0.022020829255687602,False,microsoft/Phi-4-reasoning-plus,0.42840262973367854,0.066536953058629555,0.031851195241197561,True,,,False,0.38350858295566248,0.17983318336452944
mistralai/Mistral-Nemo-Instruct-2407,content_deletion,20260837,0,vector_fitted,0.35291861204320635,0.12420581760289569,0.55714285714285716,0.78214285714285714,0.36276265958469456,0.013881925559256714,-0.022020829255687602,False,microsoft/Phi-4-reasoning-plus,0.42840262973367854,0.065639970148983984,0.031851195241197561,True,,,False,0.38350858295566248,0.17983318336452944
mistralai/Mistral-Nemo-Instruct-2407,content_deletion,20260837,0.10000000000000001,vector_fitted,0.35980748894358028,0.12455354974146786,0.54047619047619044,0.77142857142857146,0.36276265958469456,0.013881925559256714,-0.022020829255687602,False,microsoft/Phi-4-reasoning-plus,0.42840262973367854,0.065639970148983984,0.031851195241197561,True,,,False,0.38350858295566248,0.17983318336452944
mistralai/Mistral-Nemo-Instruct-2407,content_deletion,20260837,0.20000000000000001,vector_fitted,0.36773249865779212,0.12557051283496609,0.52261904761904754,0.75714285714285712,0.36276265958469456,0.013881925559256714,-0.022020829255687602,False,microsoft/Phi-4-reasoning-plus,0.42840262973367854,0.065639970148983984,0.031851195241197561,True,,,False,0.38350858295566248,0.17983318336452944
mistralai/Mistral-Nemo-Instruct-2407,content_deletion,20260837,0.29999999999999999,vector_fitted,0.36655416067643082,0.12255289164051757,0.52500000000000002,0.77261904761904754,0.36276265958469456,0.013881925559256714,-0.022020829255687602,False,microsoft/Phi-4-reasoning-plus,0.42840262973367854,0.065639970148983984,0.031851195241197561,True,,,False,0.38350858295566248,0.17983318336452944
mistralai/Mistral-Nemo-Instruct-2407,content_deletion,20260837,0.40000000000000002,vector_fitted,0.36680053760246306,0.12194674495269973,0.5083333333333333,0.77619047619047621,0.36276265958469456,0.013881925559256714,-0.022020829255687602,False,microsoft/Phi-4-reasoning-plus,0.42840262973367854,0.065639970148983984,0.031851195241197561,True,,,False,0.38350858295566248,0.17983318336452944
mistralai/Mistral-Nemo-Instruct-2407,irrelevant_context,20260828,0,scalar_fitted,0.35774903718409629,0.12911901152369026,0.53928571428571426,0.78214285714285714,0.35271679649050747,-0.023317884489675644,-0.015850720688367514,True,microsoft/Phi-4-reasoning-plus,0.42144021690224359,0.068723420411736125,0.019379575946848776,True,,,False,0.33072669705862179,0.1484607416609679
mistralai/Mistral-Nemo-Instruct-2407,irrelevant_context,20260828,64,scalar_fitted,0.36952362736644018,0.12938980113493814,0.50714285714285712,0.76428571428571423,0.35271679649050747,-0.023317884489675644,-0.015850720688367514,True,microsoft/Phi-4-reasoning-plus,0.42144021690224359,0.068723420411736125,0.019379575946848776,True,,,False,0.33072669705862179,0.1484607416609679
mistralai/Mistral-Nemo-Instruct-2407,irrelevant_context,20260828,128,scalar_fitted,0.35961566305352516,0.12291832305931646,0.52261904761904754,0.75595238095238104,0.35271679649050747,-0.023317884489675644,-0.015850720688367514,True,microsoft/Phi-4-reasoning-plus,0.42144021690224359,0.068723420411736125,0.019379575946848776,True,,,False,0.33072669705862179,0.1484607416609679
mistralai/Mistral-Nemo-Instruct-2407,irrelevant_context,20260828,256,scalar_fitted,0.34226450215405513,0.11323129961588571,0.5619047619047618,0.78928571428571426,0.35271679649050747,-0.023317884489675644,-0.015850720688367514,True,microsoft/Phi-4-reasoning-plus,0.42144021690224359,0.068723420411736125,0.019379575946848776,True,,,False,0.33072669705862179,0.1484607416609679
mistralai/Mistral-Nemo-Instruct-2407,irrelevant_context,20260828,512,scalar_fitted,0.33443115269442064,0.10838983142791409,0.58571428571428574,0.7857142857142857,0.35271679649050747,-0.023317884489675644,-0.015850720688367514,True,microsoft/Phi-4-reasoning-plus,0.42144021690224359,0.068723420411736125,0.019379575946848776,True,,,False,0.33072669705862179,0.1484607416609679
mistralai/Mistral-Nemo-Instruct-2407,irrelevant_context,20260828,0,vector_fitted,0.35510392847868949,0.12758606309125778,0.53214285714285714,0.74285714285714288,0.3520629484043874,-0.01890867620964487,-0.015850720688367514,True,microsoft/Phi-4-reasoning-plus,0.42144021690224359,0.069377268497856193,0.019379575946848776,True,,,False,0.33072669705862179,0.1484607416609679
mistralai/Mistral-Nemo-Instruct-2407,irrelevant_context,20260828,64,vector_fitted,0.36785501029702045,0.12825397156991128,0.52261904761904754,0.75238095238095248,0.3520629484043874,-0.01890867620964487,-0.015850720688367514,True,microsoft/Phi-4-reasoning-plus,0.42144021690224359,0.069377268497856193,0.019379575946848776,True,,,False,0.33072669705862179,0.1484607416609679
mistralai/Mistral-Nemo-Instruct-2407,irrelevant_context,20260828,128,vector_fitted,0.35799025685995767,0.12207258547713476,0.54047619047619055,0.75238095238095237,0.3520629484043874,-0.01890867620964487,-0.015850720688367514,True,microsoft/Phi-4-reasoning-plus,0.42144021690224359,0.069377268497856193,0.019379575946848776,True,,,False,0.33072669705862179,0.1484607416609679
mistralai/Mistral-Nemo-Instruct-2407,irrelevant_context,20260828,256,vector_fitted,0.34317029411722472,0.11318813598420019,0.56666666666666676,0.77380952380952384,0.3520629484043874,-0.01890867620964487,-0.015850720688367514,True,microsoft/Phi-4-reasoning-plus,0.42144021690224359,0.069377268497856193,0.019379575946848776,True,,,False,0.33072669705862179,0.1484607416609679
mistralai/Mistral-Nemo-Instruct-2407,irrelevant_context,20260828,512,vector_fitted,0.33619525226904462,0.108893357050015,0.58690476190476193,0.78095238095238106,0.3520629484043874,-0.01890867620964487,-0.015850720688367514,True,microsoft/Phi-4-reasoning-plus,0.42144021690224359,0.069377268497856193,0.019379575946848776,True,,,False,0.33072669705862179,0.1484607416609679
mistralai/Mistral-Nemo-Instruct-2407,irrelevant_context,20260829,0,scalar_fitted,0.35432104129292918,0.12731759272001986,0.57499999999999996,0.75714285714285712,0.34347187720832367,-0.024645559898381575,-0.018311622060944749,True,microsoft/Phi-4-reasoning-plus,0.41138461890333489,0.067912741695011214,0.024946489816242479,True,,,False,0.31044487109918423,0.14003968124202454
mistralai/Mistral-Nemo-Instruct-2407,irrelevant_context,20260829,64,scalar_fitted,0.35468248062200913,0.12307826701020558,0.5714285714285714,0.78690476190476188,0.34347187720832367,-0.024645559898381575,-0.018311622060944749,True,microsoft/Phi-4-reasoning-plus,0.41138461890333489,0.067912741695011214,0.024946489816242479,True,,,False,0.31044487109918423,0.14003968124202454
mistralai/Mistral-Nemo-Instruct-2407,irrelevant_context,20260829,128,scalar_fitted,0.34345763939092705,0.1157628441418589,0.59761904761904761,0.79880952380952386,0.34347187720832367,-0.024645559898381575,-0.018311622060944749,True,microsoft/Phi-4-reasoning-plus,0.41138461890333489,0.067912741695011214,0.024946489816242479,True,,,False,0.31044487109918423,0.14003968124202454
mistralai/Mistral-Nemo-Instruct-2407,irrelevant_context,20260829,256,scalar_fitted,0.33522274334120511,0.11070358721738428,0.59285714285714286,0.79880952380952386,0.34347187720832367,-0.024645559898381575,-0.018311622060944749,True,microsoft/Phi-4-reasoning-plus,0.41138461890333489,0.067912741695011214,0.024946489816242479,True,,,False,0.31044487109918423,0.14003968124202454
mistralai/Mistral-Nemo-Instruct-2407,irrelevant_context,20260829,512,scalar_fitted,0.32967548139454761,0.10742850906826849,0.58809523809523812,0.80238095238095231,0.34347187720832367,-0.024645559898381575,-0.018311622060944749,True,microsoft/Phi-4-reasoning-plus,0.41138461890333489,0.067912741695011214,0.024946489816242479,True,,,False,0.31044487109918423,0.14003968124202454
mistralai/Mistral-Nemo-Instruct-2407,irrelevant_context,20260829,0,vector_fitted,0.35284391280580474,0.12546614091133809,0.56428571428571428,0.73928571428571432,0.34559353690793393,-0.017757691704964162,-0.018311622060944749,True,microsoft/Phi-4-reasoning-plus,0.41138461890333489,0.065791081995400957,0.024946489816242479,True,,,False,0.31044487109918423,0.14003968124202454
mistralai/Mistral-Nemo-Instruct-2407,irrelevant_context,20260829,64,vector_fitted,0.35584420827323021,0.12286413996896713,0.59166666666666679,0.78095238095238106,0.34559353690793393,-0.017757691704964162,-0.018311622060944749,True,microsoft/Phi-4-reasoning-plus,0.41138461890333489,0.065791081995400957,0.024946489816242479,True,,,False,0.31044487109918423,0.14003968124202454
mistralai/Mistral-Nemo-Instruct-2407,irrelevant_context,20260829,128,vector_fitted,0.34502178854308679,0.11601676688954211,0.60238095238095246,0.79166666666666663,0.34559353690793393,-0.017757691704964162,-0.018311622060944749,True,microsoft/Phi-4-reasoning-plus,0.41138461890333489,0.065791081995400957,0.024946489816242479,True,,,False,0.31044487109918423,0.14003968124202454
mistralai/Mistral-Nemo-Instruct-2407,irrelevant_context,20260829,256,vector_fitted,0.33917155381670738,0.11207934168325934,0.6071428571428571,0.79047619047619055,0.34559353690793393,-0.017757691704964162,-0.018311622060944749,True,microsoft/Phi-4-reasoning-plus,0.41138461890333489,0.065791081995400957,0.024946489816242479,True,,,False,0.31044487109918423,0.14003968124202454
mistralai/Mistral-Nemo-Instruct-2407,irrelevant_context,20260829,512,vector_fitted,0.33508622110084058,0.10944143634649237,0.59047619047619038,0.79047619047619055,0.34559353690793393,-0.017757691704964162,-0.018311622060944749,True,microsoft/Phi-4-reasoning-plus,0.41138461890333489,0.065791081995400957,0.024946489816242479,True,,,False,0.31044487109918423,0.14003968124202454
mistralai/Mistral-Nemo-Instruct-2407,irrelevant_context,20260830,0,scalar_fitted,0.36985242912096378,0.13313935896624354,0.55000000000000004,0.78928571428571426,0.35234762272331022,-0.040919081546669844,-0.020422857219779794,True,microsoft/Phi-4-reasoning-plus,0.409227784889035,0.056880162165724779,0.022955304589539816,True,,,False,0.24318760368333864,0.11639141741503964
mistralai/Mistral-Nemo-Instruct-2407,irrelevant_context,20260830,64,scalar_fitted,0.36862731339835486,0.12904243312763225,0.53452380952380951,0.79880952380952386,0.35234762272331022,-0.040919081546669844,-0.020422857219779794,True,microsoft/Phi-4-reasoning-plus,0.409227784889035,0.056880162165724779,0.022955304589539816,True,,,False,0.24318760368333864,0.11639141741503964
mistralai/Mistral-Nemo-Instruct-2407,irrelevant_context,20260830,128,scalar_fitted,0.35543734884808692,0.12029234092617536,0.544047619047619,0.79166666666666674,0.35234762272331022,-0.040919081546669844,-0.020422857219779794,True,microsoft/Phi-4-reasoning-plus,0.409227784889035,0.056880162165724779,0.022955304589539816,True,,,False,0.24318760368333864,0.11639141741503964
mistralai/Mistral-Nemo-Instruct-2407,irrelevant_context,20260830,256,scalar_fitted,0.33888767467485159,0.11069167984016229,0.57380952380952388,0.81071428571428572,0.35234762272331022,-0.040919081546669844,-0.020422857219779794,True,microsoft/Phi-4-reasoning-plus,0.409227784889035,0.056880162165724779,0.022955304589539816,True,,,False,0.24318760368333864,0.11639141741503964
mistralai/Mistral-Nemo-Instruct-2407,irrelevant_context,20260830,512,scalar_fitted,0.32893334757429393,0.10586444926285178,0.57857142857142863,0.80714285714285716,0.35234762272331022,-0.040919081546669844,-0.020422857219779794,True,microsoft/Phi-4-reasoning-plus,0.409227784889035,0.056880162165724779,0.022955304589539816,True,,,False,0.24318760368333864,0.11639141741503964
mistralai/Mistral-Nemo-Instruct-2407,irrelevant_context,20260830,0,vector_fitted,0.36421971240808043,0.12991982462814025,0.5357142857142857,0.77142857142857146,0.34812745290165942,-0.037317719684104189,-0.020422857219779794,True,microsoft/Phi-4-reasoning-plus,0.409227784889035,0.061100331987375578,0.022955304589539816,True,,,False,0.24318760368333864,0.11639141741503964
mistralai/Mistral-Nemo-Instruct-2407,irrelevant_context,20260830,64,vector_fitted,0.36315622840978562,0.12587669456344627,0.55238095238095231,0.7857142857142857,0.34812745290165942,-0.037317719684104189,-0.020422857219779794,True,microsoft/Phi-4-reasoning-plus,0.409227784889035,0.061100331987375578,0.022955304589539816,True,,,False,0.24318760368333864,0.11639141741503964
mistralai/Mistral-Nemo-Instruct-2407,irrelevant_context,20260830,128,vector_fitted,0.35046563270960079,0.11767807275873039,0.57619047619047614,0.79166666666666663,0.34812745290165942,-0.037317719684104189,-0.020422857219779794,True,microsoft/Phi-4-reasoning-plus,0.409227784889035,0.061100331987375578,0.022955304589539816,True,,,False,0.24318760368333864,0.11639141741503964
mistralai/Mistral-Nemo-Instruct-2407,irrelevant_context,20260830,256,vector_fitted,0.33589369825685395,0.10915979386069208,0.60833333333333328,0.81785714285714284,0.34812745290165942,-0.037317719684104189,-0.020422857219779794,True,microsoft/Phi-4-reasoning-plus,0.409227784889035,0.061100331987375578,0.022955304589539816,True,,,False,0.24318760368333864,0.11639141741503964
mistralai/Mistral-Nemo-Instruct-2407,irrelevant_context,20260830,512,vector_fitted,0.32690199272397624,0.10452617432120258,0.59642857142857142,0.80238095238095242,0.34812745290165942,-0.037317719684104189,-0.020422857219779794,True,microsoft/Phi-4-reasoning-plus,0.409227784889035,0.061100331987375578,0.022955304589539816,True,,,False,0.24318760368333864,0.11639141741503964
mistralai/Mistral-Nemo-Instruct-2407,irrelevant_context,20260831,0,scalar_fitted,0.36218872193845453,0.12768081261717709,0.56071428571428572,0.79642857142857137,0.35382134916245567,-0.028799162724390814,-0.0097284395768796328,True,microsoft/Phi-4-reasoning-plus,0.40390199716899622,0.050080648006540551,0.035579209684709401,True,,,False,0.27775393858155079,0.13717184696038376
mistralai/Mistral-Nemo-Instruct-2407,irrelevant_context,20260831,64,scalar_fitted,0.3696751004514649,0.12911817474810539,0.51666666666666661,0.7678571428571429,0.35382134916245567,-0.028799162724390814,-0.0097284395768796328,True,microsoft/Phi-4-reasoning-plus,0.40390199716899622,0.050080648006540551,0.035579209684709401,True,,,False,0.27775393858155079,0.13717184696038376
mistralai/Mistral-Nemo-Instruct-2407,irrelevant_context,20260831,128,scalar_fitted,0.35968651212909347,0.12307257014542441,0.53928571428571426,0.7761904761904761,0.35382134916245567,-0.028799162724390814,-0.0097284395768796328,True,microsoft/Phi-4-reasoning-plus,0.40390199716899622,0.050080648006540551,0.035579209684709401,True,,,False,0.27775393858155079,0.13717184696038376
mistralai/Mistral-Nemo-Instruct-2407,irrelevant_context,20260831,256,scalar_fitted,0.34416685207920178,0.11493639057966436,0.54285714285714282,0.78690476190476188,0.35382134916245567,-0.028799162724390814,-0.0097284395768796328,True,microsoft/Phi-4-reasoning-plus,0.40390199716899622,0.050080648006540551,0.035579209684709401,True,,,False,0.27775393858155079,0.13717184696038376
mistralai/Mistral-Nemo-Instruct-2407,irrelevant_context,20260831,512,scalar_fitted,0.33338955921406371,0.10888249527569507,0.56904761904761902,0.80595238095238098,0.35382134916245567,-0.028799162724390814,-0.0097284395768796328,True,microsoft/Phi-4-reasoning-plus,0.40390199716899622,0.050080648006540551,0.035579209684709401,True,,,False,0.27775393858155079,0.13717184696038376
mistralai/Mistral-Nemo-Instruct-2407,irrelevant_context,20260831,0,vector_fitted,0.35268106378286079,0.12190747637768425,0.56785714285714284,0.78928571428571426,0.34767686412508553,-0.022408179391215477,-0.0097284395768796328,True,microsoft/Phi-4-reasoning-plus,0.40390199716899622,0.056225133043910691,0.035579209684709401,True,,,False,0.27775393858155079,0.13717184696038376
mistralai/Mistral-Nemo-Instruct-2407,irrelevant_context,20260831,64,vector_fitted,0.36265154516339759,0.12464122275751045,0.5535714285714286,0.77142857142857146,0.34767686412508553,-0.022408179391215477,-0.0097284395768796328,True,microsoft/Phi-4-reasoning-plus,0.40390199716899622,0.056225133043910691,0.035579209684709401,True,,,False,0.27775393858155079,0.13717184696038376
mistralai/Mistral-Nemo-Instruct-2407,irrelevant_context,20260831,128,vector_fitted,0.35373896453765374,0.11918461430879508,0.55833333333333324,0.76547619047619042,0.34767686412508553,-0.022408179391215477,-0.0097284395768796328,True,microsoft/Phi-4-reasoning-plus,0.40390199716899622,0.056225133043910691,0.035579209684709401,True,,,False,0.27775393858155079,0.13717184696038376
mistralai/Mistral-Nemo-Instruct-2407,irrelevant_context,20260831,256,vector_fitted,0.3390398627498703,0.11131756747415264,0.57738095238095233,0.78095238095238095,0.34767686412508553,-0.022408179391215477,-0.0097284395768796328,True,microsoft/Phi-4-reasoning-plus,0.40390199716899622,0.056225133043910691,0.035579209684709401,True,,,False,0.27775393858155079,0.13717184696038376
mistralai/Mistral-Nemo-Instruct-2407,irrelevant_context,20260831,512,vector_fitted,0.33027288439164532,0.1062197979177109,0.59880952380952379,0.79642857142857137,0.34767686412508553,-0.022408179391215477,-0.0097284395768796328,True,microsoft/Phi-4-reasoning-plus,0.40390199716899622,0.056225133043910691,0.035579209684709401,True,,,False,0.27775393858155079,0.13717184696038376
mistralai/Mistral-Nemo-Instruct-2407,irrelevant_context,20260832,0,scalar_fitted,0.36687327407082354,0.13599641012991939,0.52857142857142858,0.77500000000000002,0.35921861984449016,-0.025124378064321773,-0.009711311547515894,True,microsoft/Phi-4-reasoning-plus,0.41182096427661463,0.05260234443212447,0.033920065437969493,True,,,False,0.45972011363932325,0.22969709840989616
mistralai/Mistral-Nemo-Instruct-2407,irrelevant_context,20260832,64,scalar_fitted,0.36988311920208533,0.13329474260620991,0.50357142857142856,0.76309523809523816,0.35921861984449016,-0.025124378064321773,-0.009711311547515894,True,microsoft/Phi-4-reasoning-plus,0.41182096427661463,0.05260234443212447,0.033920065437969493,True,,,False,0.45972011363932325,0.22969709840989616
mistralai/Mistral-Nemo-Instruct-2407,irrelevant_context,20260832,128,scalar_fitted,0.36821352193432055,0.13046411075558195,0.50476190476190474,0.75119047619047608,0.35921861984449016,-0.025124378064321773,-0.009711311547515894,True,microsoft/Phi-4-reasoning-plus,0.41182096427661463,0.05260234443212447,0.033920065437969493,True,,,False,0.45972011363932325,0.22969709840989616
mistralai/Mistral-Nemo-Instruct-2407,irrelevant_context,20260832,256,scalar_fitted,0.34937428800871967,0.12054082757506561,0.5178571428571429,0.75595238095238104,0.35921861984449016,-0.025124378064321773,-0.009711311547515894,True,microsoft/Phi-4-reasoning-plus,0.41182096427661463,0.05260234443212447,0.033920065437969493,True,,,False,0.45972011363932325,0.22969709840989616
mistralai/Mistral-Nemo-Instruct-2407,irrelevant_context,20260832,512,scalar_fitted,0.34174889600650177,0.11598234535031135,0.5178571428571429,0.76309523809523805,0.35921861984449016,-0.025124378064321773,-0.009711311547515894,True,microsoft/Phi-4-reasoning-plus,0.41182096427661463,0.05260234443212447,0.033920065437969493,True,,,False,0.45972011363932325,0.22969709840989616
mistralai/Mistral-Nemo-Instruct-2407,irrelevant_context,20260832,0,vector_fitted,0.35492714296132166,0.12782220954081011,0.54285714285714282,0.76071428571428568,0.34974608029237275,-0.018247971978673616,-0.009711311547515894,True,microsoft/Phi-4-reasoning-plus,0.41182096427661463,0.06207488398424188,0.033920065437969493,True,,,False,0.45972011363932325,0.22969709840989616
mistralai/Mistral-Nemo-Instruct-2407,irrelevant_context,20260832,64,vector_fitted,0.35803609851171569,0.1253656522042082,0.55476190476190468,0.77976190476190466,0.34974608029237275,-0.018247971978673616,-0.009711311547515894,True,microsoft/Phi-4-reasoning-plus,0.41182096427661463,0.06207488398424188,0.033920065437969493,True,,,False,0.45972011363932325,0.22969709840989616
mistralai/Mistral-Nemo-Instruct-2407,irrelevant_context,20260832,128,vector_fitted,0.35675280914493301,0.12289937667938973,0.55714285714285716,0.77619047619047621,0.34974608029237275,-0.018247971978673616,-0.009711311547515894,True,microsoft/Phi-4-reasoning-plus,0.41182096427661463,0.06207488398424188,0.033920065437969493,True,,,False,0.45972011363932325,0.22969709840989616
mistralai/Mistral-Nemo-Instruct-2407,irrelevant_context,20260832,256,vector_fitted,0.34233517986124551,0.11474025419168551,0.56904761904761902,0.77142857142857146,0.34974608029237275,-0.018247971978673616,-0.009711311547515894,True,microsoft/Phi-4-reasoning-plus,0.41182096427661463,0.06207488398424188,0.033920065437969493,True,,,False,0.45972011363932325,0.22969709840989616
mistralai/Mistral-Nemo-Instruct-2407,irrelevant_context,20260832,512,vector_fitted,0.33667917098264805,0.11150744477773533,0.56071428571428572,0.77023809523809528,0.34974608029237275,-0.018247971978673616,-0.009711311547515894,True,microsoft/Phi-4-reasoning-plus,0.41182096427661463,0.06207488398424188,0.033920065437969493,True,,,False,0.45972011363932325,0.22969709840989616
mistralai/Mistral-Nemo-Instruct-2407,irrelevant_context,20260833,0,scalar_fitted,0.36832960286364919,0.13162862540203765,0.52857142857142858,0.78928571428571426,0.36272094172634184,-0.021017186950883116,-0.01096227141783046,True,microsoft/Phi-4-reasoning-plus,0.42403108329841188,0.061310141572070043,0.029944313374867498,True,,,False,0.3856172252238923,0.17872969177234568
mistralai/Mistral-Nemo-Instruct-2407,irrelevant_context,20260833,64,scalar_fitted,0.3729212215427094,0.13056241692798914,0.52142857142857146,0.76904761904761898,0.36272094172634184,-0.021017186950883116,-0.01096227141783046,True,microsoft/Phi-4-reasoning-plus,0.42403108329841188,0.061310141572070043,0.029944313374867498,True,,,False,0.3856172252238923,0.17872969177234568
mistralai/Mistral-Nemo-Instruct-2407,irrelevant_context,20260833,128,scalar_fitted,0.36823581949600237,0.12675995647344926,0.51666666666666661,0.75595238095238104,0.36272094172634184,-0.021017186950883116,-0.01096227141783046,True,microsoft/Phi-4-reasoning-plus,0.42403108329841188,0.061310141572070043,0.029944313374867498,True,,,False,0.3856172252238923,0.17872969177234568
mistralai/Mistral-Nemo-Instruct-2407,irrelevant_context,20260833,256,scalar_fitted,0.35680564881658194,0.12034056487839201,0.51904761904761909,0.75119047619047608,0.36272094172634184,-0.021017186950883116,-0.01096227141783046,True,microsoft/Phi-4-reasoning-plus,0.42403108329841188,0.061310141572070043,0.029944313374867498,True,,,False,0.3856172252238923,0.17872969177234568
mistralai/Mistral-Nemo-Instruct-2407,irrelevant_context,20260833,512,scalar_fitted,0.34731241591276607,0.11505356461496841,0.54047619047619044,0.77142857142857146,0.36272094172634184,-0.021017186950883116,-0.01096227141783046,True,microsoft/Phi-4-reasoning-plus,0.42403108329841188,0.061310141572070043,0.029944313374867498,True,,,False,0.3856172252238923,0.17872969177234568
mistralai/Mistral-Nemo-Instruct-2407,irrelevant_context,20260833,0,vector_fitted,0.36274324049955359,0.12752366610931148,0.54642857142857137,0.7678571428571429,0.36093154926657789,-0.014515821366962334,-0.01096227141783046,True,microsoft/Phi-4-reasoning-plus,0.42403108329841188,0.063099534031833993,0.029944313374867498,True,,,False,0.3856172252238923,0.17872969177234568
mistralai/Mistral-Nemo-Instruct-2407,irrelevant_context,20260833,64,vector_fitted,0.36911510549472948,0.12808480055048957,0.54880952380952375,0.75833333333333341,0.36093154926657789,-0.014515821366962334,-0.01096227141783046,True,microsoft/Phi-4-reasoning-plus,0.42403108329841188,0.063099534031833993,0.029944313374867498,True,,,False,0.3856172252238923,0.17872969177234568
mistralai/Mistral-Nemo-Instruct-2407,irrelevant_context,20260833,128,vector_fitted,0.36673914639940086,0.12518364559281148,0.54642857142857137,0.75476190476190474,0.36093154926657789,-0.014515821366962334,-0.01096227141783046,True,microsoft/Phi-4-reasoning-plus,0.42403108329841188,0.063099534031833993,0.029944313374867498,True,,,False,0.3856172252238923,0.17872969177234568
mistralai/Mistral-Nemo-Instruct-2407,irrelevant_context,20260833,256,vector_fitted,0.35783283480661449,0.1196748489771868,0.5714285714285714,0.7678571428571429,0.36093154926657789,-0.014515821366962334,-0.01096227141783046,True,microsoft/Phi-4-reasoning-plus,0.42403108329841188,0.063099534031833993,0.029944313374867498,True,,,False,0.3856172252238923,0.17872969177234568
mistralai/Mistral-Nemo-Instruct-2407,irrelevant_context,20260833,512,vector_fitted,0.34822741913259125,0.11516754325323036,0.57261904761904758,0.77500000000000002,0.36093154926657789,-0.014515821366962334,-0.01096227141783046,True,microsoft/Phi-4-reasoning-plus,0.42403108329841188,0.063099534031833993,0.029944313374867498,True,,,False,0.3856172252238923,0.17872969177234568
mistralai/Mistral-Nemo-Instruct-2407,irrelevant_context,20260834,0,scalar_fitted,0.37600339868800992,0.13771054145097389,0.5178571428571429,0.75714285714285712,0.35943446655059014,-0.031523383385961834,-0.023128662127275545,True,microsoft/Phi-4-reasoning-plus,0.43058285114193395,0.071148384591343816,0.027140629841205244,True,,,False,0.25275374120902416,0.11608894594005856
mistralai/Mistral-Nemo-Instruct-2407,irrelevant_context,20260834,64,scalar_fitted,0.36865053626703936,0.13011954175323101,0.54047619047619055,0.76666666666666672,0.35943446655059014,-0.031523383385961834,-0.023128662127275545,True,microsoft/Phi-4-reasoning-plus,0.43058285114193395,0.071148384591343816,0.027140629841205244,True,,,False,0.25275374120902416,0.11608894594005856
mistralai/Mistral-Nemo-Instruct-2407,irrelevant_context,20260834,128,scalar_fitted,0.36106247657410595,0.12404492805684512,0.52261904761904754,0.76428571428571423,0.35943446655059014,-0.031523383385961834,-0.023128662127275545,True,microsoft/Phi-4-reasoning-plus,0.43058285114193395,0.071148384591343816,0.027140629841205244,True,,,False,0.25275374120902416,0.11608894594005856
mistralai/Mistral-Nemo-Instruct-2407,irrelevant_context,20260834,256,scalar_fitted,0.34697590592174737,0.11635463530859128,0.53214285714285714,0.76666666666666661,0.35943446655059014,-0.031523383385961834,-0.023128662127275545,True,microsoft/Phi-4-reasoning-plus,0.43058285114193395,0.071148384591343816,0.027140629841205244,True,,,False,0.25275374120902416,0.11608894594005856
mistralai/Mistral-Nemo-Instruct-2407,irrelevant_context,20260834,512,scalar_fitted,0.34448001530204808,0.11437921853333255,0.54761904761904756,0.7595238095238096,0.35943446655059014,-0.031523383385961834,-0.023128662127275545,True,microsoft/Phi-4-reasoning-plus,0.43058285114193395,0.071148384591343816,0.027140629841205244,True,,,False,0.25275374120902416,0.11608894594005856
mistralai/Mistral-Nemo-Instruct-2407,irrelevant_context,20260834,0,vector_fitted,0.37402088205272327,0.13637053762965648,0.50357142857142856,0.72142857142857142,0.35933121228771631,-0.027823603538982056,-0.023128662127275545,True,microsoft/Phi-4-reasoning-plus,0.43058285114193395,0.071251638854217647,0.027140629841205244,True,,,False,0.25275374120902416,0.11608894594005856
mistralai/Mistral-Nemo-Instruct-2407,irrelevant_context,20260834,64,vector_fitted,0.36839270383211659,0.12966835827879294,0.54642857142857137,0.77619047619047621,0.35933121228771631,-0.027823603538982056,-0.023128662127275545,True,microsoft/Phi-4-reasoning-plus,0.43058285114193395,0.071251638854217647,0.027140629841205244,True,,,False,0.25275374120902416,0.11608894594005856
mistralai/Mistral-Nemo-Instruct-2407,irrelevant_context,20260834,128,vector_fitted,0.36012889916170637,0.12351538456198285,0.54047619047619044,0.77857142857142858,0.35933121228771631,-0.027823603538982056,-0.023128662127275545,True,microsoft/Phi-4-reasoning-plus,0.43058285114193395,0.071251638854217647,0.027140629841205244,True,,,False,0.25275374120902416,0.11608894594005856
mistralai/Mistral-Nemo-Instruct-2407,irrelevant_context,20260834,256,vector_fitted,0.34791629787829415,0.11642100227087328,0.5535714285714286,0.77261904761904765,0.35933121228771631,-0.027823603538982056,-0.023128662127275545,True,microsoft/Phi-4-reasoning-plus,0.43058285114193395,0.071251638854217647,0.027140629841205244,True,,,False,0.25275374120902416,0.11608894594005856
mistralai/Mistral-Nemo-Instruct-2407,irrelevant_context,20260834,512,vector_fitted,0.34619727851374121,0.1149273768094356,0.54761904761904756,0.75238095238095237,0.35933121228771631,-0.027823603538982056,-0.023128662127275545,True,microsoft/Phi-4-reasoning-plus,0.43058285114193395,0.071251638854217647,0.027140629841205244,True,,,False,0.25275374120902416,0.11608894594005856
mistralai/Mistral-Nemo-Instruct-2407,irrelevant_context,20260835,0,scalar_fitted,0.36911519923100145,0.13160841461265602,0.55714285714285716,0.80714285714285716,0.35667273210912548,-0.037830451558828693,-0.015749767501070877,True,microsoft/Phi-4-reasoning-plus,0.40898935695789851,0.05231662484877303,0.030440724513116413,True,,,False,0.40058645547310889,0.15997711842614026
mistralai/Mistral-Nemo-Instruct-2407,irrelevant_context,20260835,64,scalar_fitted,0.37223107047103965,0.12856242113530372,0.51309523809523805,0.79285714285714282,0.35667273210912548,-0.037830451558828693,-0.015749767501070877,True,microsoft/Phi-4-reasoning-plus,0.40898935695789851,0.05231662484877303,0.030440724513116413,True,,,False,0.40058645547310889,0.15997711842614026
mistralai/Mistral-Nemo-Instruct-2407,irrelevant_context,20260835,128,scalar_fitted,0.36490691682111887,0.12373305918040539,0.52857142857142858,0.79047619047619055,0.35667273210912548,-0.037830451558828693,-0.015749767501070877,True,microsoft/Phi-4-reasoning-plus,0.40898935695789851,0.05231662484877303,0.030440724513116413,True,,,False,0.40058645547310889,0.15997711842614026
mistralai/Mistral-Nemo-Instruct-2407,irrelevant_context,20260835,256,scalar_fitted,0.34582572635029468,0.11314705115200414,0.5357142857142857,0.79285714285714282,0.35667273210912548,-0.037830451558828693,-0.015749767501070877,True,microsoft/Phi-4-reasoning-plus,0.40898935695789851,0.05231662484877303,0.030440724513116413,True,,,False,0.40058645547310889,0.15997711842614026
mistralai/Mistral-Nemo-Instruct-2407,irrelevant_context,20260835,512,scalar_fitted,0.33128474767217275,0.10481031419613646,0.55952380952380953,0.80476190476190479,0.35667273210912548,-0.037830451558828693,-0.015749767501070877,True,microsoft/Phi-4-reasoning-plus,0.40898935695789851,0.05231662484877303,0.030440724513116413,True,,,False,0.40058645547310889,0.15997711842614026
mistralai/Mistral-Nemo-Instruct-2407,irrelevant_context,20260835,0,vector_fitted,0.36144079152802683,0.12757958386568355,0.56071428571428572,0.77500000000000002,0.35072702463826178,-0.032882498952426398,-0.015749767501070877,True,microsoft/Phi-4-reasoning-plus,0.40898935695789851,0.058262332319636734,0.030440724513116413,True,,,False,0.40058645547310889,0.15997711842614026
mistralai/Mistral-Nemo-Instruct-2407,irrelevant_context,20260835,64,vector_fitted,0.36519006608834231,0.12447115608916981,0.54285714285714282,0.78095238095238106,0.35072702463826178,-0.032882498952426398,-0.015749767501070877,True,microsoft/Phi-4-reasoning-plus,0.40898935695789851,0.058262332319636734,0.030440724513116413,True,,,False,0.40058645547310889,0.15997711842614026
mistralai/Mistral-Nemo-Instruct-2407,irrelevant_context,20260835,128,vector_fitted,0.35710671446430409,0.1197944665439666,0.5535714285714286,0.77976190476190477,0.35072702463826178,-0.032882498952426398,-0.015749767501070877,True,microsoft/Phi-4-reasoning-plus,0.40898935695789851,0.058262332319636734,0.030440724513116413,True,,,False,0.40058645547310889,0.15997711842614026
mistralai/Mistral-Nemo-Instruct-2407,irrelevant_context,20260835,256,vector_fitted,0.34133925853503505,0.11004624895954847,0.56547619047619047,0.79642857142857137,0.35072702463826178,-0.032882498952426398,-0.015749767501070877,True,microsoft/Phi-4-reasoning-plus,0.40898935695789851,0.058262332319636734,0.030440724513116413,True,,,False,0.40058645547310889,0.15997711842614026
mistralai/Mistral-Nemo-Instruct-2407,irrelevant_context,20260835,512,vector_fitted,0.32855829257560043,0.10282735119628339,0.57023809523809521,0.80119047619047623,0.35072702463826178,-0.032882498952426398,-0.015749767501070877,True,microsoft/Phi-4-reasoning-plus,0.40898935695789851,0.058262332319636734,0.030440724513116413,True,,,False,0.40058645547310889,0.15997711842614026
mistralai/Mistral-Nemo-Instruct-2407,irrelevant_context,20260836,0,scalar_fitted,0.37526680793923206,0.13663506939405984,0.5357142857142857,0.81071428571428572,0.36581134896866918,-0.026865773286083028,-0.015013537466326193,True,microsoft/Phi-4-reasoning-plus,0.42169670963819456,0.055885360669525375,0.02711233782677977,True,,,False,0.33794890555988233,0.1530238417050705
mistralai/Mistral-Nemo-Instruct-2407,irrelevant_context,20260836,64,scalar_fitted,0.37873582126293115,0.13277510214002325,0.49404761904761896,0.7952380952380953,0.36581134896866918,-0.026865773286083028,-0.015013537466326193,True,microsoft/Phi-4-reasoning-plus,0.42169670963819456,0.055885360669525375,0.02711233782677977,True,,,False,0.33794890555988233,0.1530238417050705
mistralai/Mistral-Nemo-Instruct-2407,irrelevant_context,20260836,128,scalar_fitted,0.36983339529929687,0.12656972073316,0.50952380952380949,0.7952380952380953,0.36581134896866918,-0.026865773286083028,-0.015013537466326193,True,microsoft/Phi-4-reasoning-plus,0.42169670963819456,0.055885360669525375,0.02711233782677977,True,,,False,0.33794890555988233,0.1530238417050705
mistralai/Mistral-Nemo-Instruct-2407,irrelevant_context,20260836,256,scalar_fitted,0.35681968568873684,0.1195006626039868,0.52261904761904754,0.79166666666666674,0.36581134896866918,-0.026865773286083028,-0.015013537466326193,True,microsoft/Phi-4-reasoning-plus,0.42169670963819456,0.055885360669525375,0.02711233782677977,True,,,False,0.33794890555988233,0.1530238417050705
mistralai/Mistral-Nemo-Instruct-2407,irrelevant_context,20260836,512,scalar_fitted,0.34840103465314903,0.11406684405993602,0.52857142857142858,0.78928571428571426,0.36581134896866918,-0.026865773286083028,-0.015013537466326193,True,microsoft/Phi-4-reasoning-plus,0.42169670963819456,0.055885360669525375,0.02711233782677977,True,,,False,0.33794890555988233,0.1530238417050705
mistralai/Mistral-Nemo-Instruct-2407,irrelevant_context,20260836,0,vector_fitted,0.36491218598572522,0.12968294445347428,0.55000000000000004,0.7857142857142857,0.35912009751689822,-0.019422170750590884,-0.015013537466326193,True,microsoft/Phi-4-reasoning-plus,0.42169670963819456,0.062576612121296338,0.02711233782677977,True,,,False,0.33794890555988233,0.1530238417050705
mistralai/Mistral-Nemo-Instruct-2407,irrelevant_context,20260836,64,vector_fitted,0.36996717711693089,0.12723976672860726,0.54285714285714282,0.794047619047619,0.35912009751689822,-0.019422170750590884,-0.015013537466326193,True,microsoft/Phi-4-reasoning-plus,0.42169670963819456,0.062576612121296338,0.02711233782677977,True,,,False,0.33794890555988233,0.1530238417050705
mistralai/Mistral-Nemo-Instruct-2407,irrelevant_context,20260836,128,vector_fitted,0.36298624838768473,0.12205880415597627,0.54166666666666663,0.78690476190476188,0.35912009751689822,-0.019422170750590884,-0.015013537466326193,True,microsoft/Phi-4-reasoning-plus,0.42169670963819456,0.062576612121296338,0.02711233782677977,True,,,False,0.33794890555988233,0.1530238417050705
mistralai/Mistral-Nemo-Instruct-2407,irrelevant_context,20260836,256,vector_fitted,0.35224486085901585,0.11585254709429975,0.56071428571428572,0.78452380952380962,0.35912009751689822,-0.019422170750590884,-0.015013537466326193,True,microsoft/Phi-4-reasoning-plus,0.42169670963819456,0.062576612121296338,0.02711233782677977,True,,,False,0.33794890555988233,0.1530238417050705
mistralai/Mistral-Nemo-Instruct-2407,irrelevant_context,20260836,512,vector_fitted,0.34549001523513434,0.11141032566560435,0.55714285714285716,0.77976190476190477,0.35912009751689822,-0.019422170750590884,-0.015013537466326193,True,microsoft/Phi-4-reasoning-plus,0.42169670963819456,0.062576612121296338,0.02711233782677977,True,,,False,0.33794890555988233,0.1530238417050705
mistralai/Mistral-Nemo-Instruct-2407,irrelevant_context,20260837,0,scalar_fitted,0.35668532453859242,0.12684955251503172,0.58214285714285718,0.8214285714285714,0.35039439653388366,-0.022704625003589607,-0.020184325769739137,True,microsoft/Phi-4-reasoning-plus,0.42124563330229597,0.070851236768412318,0.02728943543365342,True,,,False,0.45724809775199499,0.19102877096590234
mistralai/Mistral-Nemo-Instruct-2407,irrelevant_context,20260837,64,scalar_fitted,0.36209783436339921,0.12412889593998899,0.54880952380952375,0.79047619047619044,0.35039439653388366,-0.022704625003589607,-0.020184325769739137,True,microsoft/Phi-4-reasoning-plus,0.42124563330229597,0.070851236768412318,0.02728943543365342,True,,,False,0.45724809775199499,0.19102877096590234
mistralai/Mistral-Nemo-Instruct-2407,irrelevant_context,20260837,128,scalar_fitted,0.35652329331109384,0.11980391476750599,0.55119047619047612,0.79404761904761911,0.35039439653388366,-0.022704625003589607,-0.020184325769739137,True,microsoft/Phi-4-reasoning-plus,0.42124563330229597,0.070851236768412318,0.02728943543365342,True,,,False,0.45724809775199499,0.19102877096590234
mistralai/Mistral-Nemo-Instruct-2407,irrelevant_context,20260837,256,scalar_fitted,0.3426848309213299,0.1124106404441902,0.54047619047619044,0.79285714285714282,0.35039439653388366,-0.022704625003589607,-0.020184325769739137,True,microsoft/Phi-4-reasoning-plus,0.42124563330229597,0.070851236768412318,0.02728943543365342,True,,,False,0.45724809775199499,0.19102877096590234
mistralai/Mistral-Nemo-Instruct-2407,irrelevant_context,20260837,512,scalar_fitted,0.33398069953500281,0.10789408955106181,0.55833333333333324,0.8035714285714286,0.35039439653388366,-0.022704625003589607,-0.020184325769739137,True,microsoft/Phi-4-reasoning-plus,0.42124563330229597,0.070851236768412318,0.02728943543365342,True,,,False,0.45724809775199499,0.19102877096590234
mistralai/Mistral-Nemo-Instruct-2407,irrelevant_context,20260837,0,vector_fitted,0.35255864770590495,0.12414386609417687,0.5535714285714286,0.78214285714285714,0.34998697397003575,-0.014210861956515997,-0.020184325769739137,True,microsoft/Phi-4-reasoning-plus,0.42124563330229597,0.071258659332260221,0.02728943543365342,True,,,False,0.45724809775199499,0.19102877096590234
mistralai/Mistral-Nemo-Instruct-2407,irrelevant_context,20260837,64,vector_fitted,0.35962913318575057,0.12270195840982751,0.56428571428571428,0.78928571428571426,0.34998697397003575,-0.014210861956515997,-0.020184325769739137,True,microsoft/Phi-4-reasoning-plus,0.42124563330229597,0.071258659332260221,0.02728943543365342,True,,,False,0.45724809775199499,0.19102877096590234
mistralai/Mistral-Nemo-Instruct-2407,irrelevant_context,20260837,128,vector_fitted,0.35526584734065259,0.11891808429383169,0.56904761904761902,0.78095238095238095,0.34998697397003575,-0.014210861956515997,-0.020184325769739137,True,microsoft/Phi-4-reasoning-plus,0.42124563330229597,0.071258659332260221,0.02728943543365342,True,,,False,0.45724809775199499,0.19102877096590234
mistralai/Mistral-Nemo-Instruct-2407,irrelevant_context,20260837,256,vector_fitted,0.34413345586848193,0.11244531715544138,0.5797619047619047,0.79285714285714282,0.34998697397003575,-0.014210861956515997,-0.020184325769739137,True,microsoft/Phi-4-reasoning-plus,0.42124563330229597,0.071258659332260221,0.02728943543365342,True,,,False,0.45724809775199499,0.19102877096590234
mistralai/Mistral-Nemo-Instruct-2407,irrelevant_context,20260837,512,vector_fitted,0.33834778574938895,0.10926302610813159,0.56904761904761902,0.78928571428571426,0.34998697397003575,-0.014210861956515997,-0.020184325769739137,True,microsoft/Phi-4-reasoning-plus,0.42124563330229597,0.071258659332260221,0.02728943543365342,True,,,False,0.45724809775199499,0.19102877096590234
